update,timesteps,fps,train_return_mean,train_success_rate,train_collision_rate,train_episode_len_mean,eval_return_mean,eval_return_std,eval_success_rate,eval_collision_rate,eval_steps_mean,eval_path_length_mean,loss,policy_loss,value_loss,entropy,approx_kl,clip_fraction,std_mean,early_stop
1,4096,1735.1,129.46046258540403,0.4722222222222222,0.5,112.0,177.23808629123042,236.88183634916885,0.5333333333333333,0.3333333333333333,128.56666666666666,15.156340022881826,481.0457152048747,-0.011169127056685586,962.1205596288045,1.1314862643678982,0.0055490804777946325,0.06642252604166667,0.4273245334625244,0.0
2,8192,1745.5,208.65531021283343,0.62,0.34,105.88,192.6262573475923,247.35846167524258,0.6,0.4,91.83333333333333,11.553649322191875,270.34242329597475,-0.010310860498187443,540.7122810681661,1.1345867718259492,0.004900375099775071,0.05939127604166667,0.4256186783313751,0.0
3,12288,1782.9,206.3426399021,0.62,0.34,115.4,111.70771496716924,237.6740650368852,0.43333333333333335,0.5,97.5,11.36291300257047,247.97569829622904,-0.012482061996706761,495.9831310590108,1.129674237469832,0.005227677553678708,0.064111328125,0.4259236752986908,0.0
4,16384,1806.8,151.78229381717804,0.5,0.4,160.38,222.7939254907355,237.82467502496883,0.6666666666666666,0.3333333333333333,103.8,13.379608472188314,150.6651600042979,-0.011717027427706247,301.36053301493325,1.1298434724410376,0.0064436991243079925,0.081005859375,0.4250251054763794,0.0
5,20480,1813.6,185.28211184635754,0.58,0.36,144.68,247.94754507719622,216.78924245843598,0.7,0.23333333333333334,114.16666666666667,14.213746619224548,334.74799014727273,-0.010337364203102576,669.5233540217082,1.1187522108356158,0.004861061759584118,0.05706380208333333,0.42131054401397705,0.0
6,24576,1788.1,208.15644851748345,0.62,0.32,142.14,248.0908980951296,224.66951045680054,0.7,0.23333333333333334,156.13333333333333,19.427158641815186,176.79216651916505,-0.01188842049256588,353.6147815068563,1.1122701992591222,0.005837687063709988,0.07527669270833333,0.42365360260009766,0.0
7,28672,1800.7,202.73503769331913,0.6,0.32,137.12,177.47003829554143,248.22476357159542,0.5666666666666667,0.4,92.66666666666667,11.917663065592448,222.89260268211365,-0.014158138326214006,445.8202546755473,1.1224737763404846,0.0075876117324999845,0.09944661458333333,0.42498892545700073,0.0
8,32768,1805.3,156.46850887760064,0.52,0.44,116.2,196.0583889053077,242.9494283202022,0.6,0.4,84.36666666666666,11.07772364616394,207.1105434735616,-0.015739814133848996,414.2593406041463,1.1287076503038407,0.007536419495590962,0.09733072916666667,0.4259115755558014,0.0
9,36864,1806.1,180.7420065739799,0.56,0.36,127.04,212.11415249659385,232.12817321880812,0.6333333333333333,0.3,123.23333333333333,14.358105526367824,136.43123313585917,-0.012415112260108193,272.8939997514089,1.1171437447269759,0.007636276378858989,0.09703776041666666,0.4186776280403137,0.0
10,40960,1818.9,158.69911179777776,0.52,0.42,118.16,170.80321365618786,255.23444895673765,0.5666666666666667,0.43333333333333335,79.03333333333333,10.587366318702697,239.64607421557108,-0.010493581763391073,479.31967207590736,1.0898525794347127,0.005869756759299586,0.074951171875,0.4161437153816223,0.0
11,45056,1797.4,173.94706048775072,0.56,0.42,111.5,125.92334359814734,239.52270651106485,0.43333333333333335,0.4666666666666667,132.13333333333333,16.468132720390955,148.11642456054688,-0.011881974859473605,296.2631779829661,1.0933283905188242,0.00728886488165396,0.09010416666666667,0.4208168387413025,0.0
12,49152,1779.7,208.00377465156942,0.62,0.32,108.32,250.37991203108993,223.8089562178709,0.7,0.23333333333333334,126.16666666666667,14.643587223688762,185.3191180229187,-0.013439260597806424,370.6717529296875,1.1062670931220056,0.007185173690959346,0.09033203125,0.4207572937011719,0.0
13,53248,1759.0,238.28905739501897,0.68,0.32,85.24,124.86632458146703,233.64393571942432,0.43333333333333335,0.43333333333333335,141.8,16.67115114927292,111.76310993035635,-0.012863581158065547,223.55851531823475,1.0946613664428393,0.009478135228952548,0.121337890625,0.4154442548751831,0.0
14,57344,1755.0,227.8523946106686,0.66,0.32,101.16,196.22732114393912,246.96661033525166,0.6,0.4,101.0,12.846406971414885,146.80080488522847,-0.013610421435441823,293.6353438536326,1.0857726400097212,0.007890696706211505,0.099853515625,0.4176633656024933,0.0
15,61440,1760.1,208.14598314273306,0.62,0.36,104.58,155.82455926569347,252.29893676388437,0.5333333333333333,0.4666666666666667,63.93333333333333,7.786177599430085,127.09730711778005,-0.014824122910310204,254.23079047203063,1.087732485930125,0.008755581720227687,0.11197916666666667,0.4149569272994995,0.0
16,65536,1754.3,215.64180820418204,0.64,0.3,132.32,178.67534058282092,245.6307414904121,0.5666666666666667,0.4,110.0,14.425179028511048,179.3093862056732,-0.012613604087770606,358.65046571095786,1.0777568479379018,0.007727132641593926,0.10076497395833334,0.41432780027389526,0.0
17,69632,1748.8,183.2182697958391,0.58,0.38,134.18,230.16680465031408,230.1031397771616,0.6666666666666666,0.3,108.43333333333334,13.477095701297124,133.68568777243297,-0.010817982793863241,267.3994635740916,1.0748612840970357,0.0073174053332574355,0.093408203125,0.41417253017425537,0.0
18,73728,1748.2,206.89034784183204,0.64,0.34,99.26,208.67836500848338,246.6060575031783,0.6333333333333333,0.36666666666666664,95.3,12.467912077903748,223.57398285865784,-0.011306100886819574,447.17705132166543,1.078746290008227,0.007070837447827216,0.09090169270833333,0.41563764214515686,0.0
19,77824,1743.4,170.71809836202036,0.56,0.4,118.3,210.3295214166463,238.4972843116044,0.6333333333333333,0.3333333333333333,105.76666666666667,12.944108022749424,125.82619712352752,-0.014439011078017453,251.68772393862406,1.0758967245618503,0.00826872623244223,0.10439453125,0.4119725823402405,0.0
20,81920,1724.6,202.47229082521568,0.62,0.34,117.34,209.23065370537174,220.58830324333235,0.6,0.2,189.76666666666668,20.183056553204853,172.03562302589415,-0.01191690174358276,344.10141825675964,1.0561039278904596,0.007581616656292075,0.09720052083333333,0.4084133505821228,0.0
21,86016,1721.1,172.22236306322972,0.56,0.38,129.36,167.4880256530639,248.53948507596027,0.5333333333333333,0.4,113.93333333333334,14.773292680581411,160.32402254740398,-0.010299648410485437,320.67496412595113,1.053716376920541,0.00739975121008077,0.09036458333333333,0.41217130422592163,0.0
22,90112,1719.7,164.1380843775944,0.54,0.42,117.04,247.9946741485266,228.21933645016037,0.7,0.26666666666666666,107.76666666666667,13.850918324788411,178.8786140759786,-0.013591655997637038,357.7907896677653,1.0628856241703033,0.007124308250301207,0.09055989583333333,0.41057831048965454,0.0
23,94208,1716.3,196.02099837734488,0.6,0.36,117.6,227.50788860003553,232.98225257997933,0.6666666666666666,0.3,119.4,14.231528854370117,152.19533689022063,-0.011198009370127692,304.4193304538727,1.0432671969135603,0.006571565134800039,0.08289388020833334,0.4034968614578247,0.0
24,98304,1714.3,207.6307306402083,0.62,0.34,114.46,215.1818290540579,233.94278991788565,0.6333333333333333,0.3,112.9,12.498284578323364,150.55846891403198,-0.00990202878213798,301.14283526738484,1.0164355248212815,0.008102270673650007,0.10384114583333333,0.40109795331954956,0.0
25,102400,1713.0,206.8986719098327,0.62,0.34,97.52,157.00911573868467,253.1922170895259,0.5333333333333333,0.4666666666666667,108.36666666666666,13.95435835123062,199.17491723696392,-0.013285489733486125,398.3824171066284,1.0014737588663896,0.00654696023169284,0.08367513020833334,0.3972463309764862,0.0
26,106496,1714.7,260.0318064345515,0.72,0.22,130.82,227.82362514571682,234.20435818253281,0.6666666666666666,0.3,89.53333333333333,10.063603842258454,81.14048020839691,-0.010630361144042885,162.30812075138093,0.9832804647584756,0.010038057547353674,0.12301432291666667,0.3951147794723511,0.0
27,110592,1702.6,231.2547506458914,0.66,0.28,140.92,190.25180879567725,235.43552386817856,0.5666666666666667,0.3,149.13333333333333,15.512336937586467,149.46684084733326,-0.014664455432406005,298.96889096895853,0.9805652270714442,0.008591265657256979,0.11336263020833333,0.3953184485435486,0.0
28,114688,1702.0,173.77910873186346,0.54,0.38,126.66,245.29975017146072,232.43614533115664,0.7,0.3,87.53333333333333,11.424930477142334,150.09833526611328,-0.010966064986617615,300.22447527249653,0.9783632688224315,0.007624463195679709,0.09521484375,0.39223968982696533,0.0
29,118784,1699.6,181.70424532361565,0.56,0.34,131.58,198.2858551498881,239.81704999220918,0.6,0.3333333333333333,110.16666666666667,13.897306680679321,96.37998106756876,-0.01114743756303607,192.78804945834847,0.9652029785999032,0.009147197049284397,0.11540697674418604,0.39222243428230286,1.0
30,122880,1697.5,206.60141946667926,0.62,0.32,126.46,280.44530355541303,204.77015944555563,0.7666666666666667,0.2,113.5,14.011289596557617,108.54914629459381,-0.013911294399683053,217.1318655649821,0.958121798435847,0.009800009990188603,0.126806640625,0.3884362280368805,0.0
31,126976,1693.2,207.6106954789173,0.62,0.32,127.62,231.70955128792588,228.02515910612777,0.6666666666666666,0.26666666666666666,135.96666666666667,15.47674290339152,152.28163895606994,-0.0118599621753674,304.59266584714254,0.9443452467521032,0.0075652511547862865,0.09825846354166666,0.3876761794090271,0.0
32,131072,1691.9,218.28412224847045,0.64,0.32,102.84,266.37477761398725,219.85021853768097,0.7333333333333333,0.23333333333333334,116.63333333333334,15.289718707402548,164.65239860216778,-0.012368417589459568,329.33515748977663,0.9366425444682439,0.007600914809154346,0.09593098958333333,0.3847559988498688,0.0
33,135168,1684.4,210.69193911119436,0.62,0.3,136.56,225.46572468248587,214.77656328443982,0.6333333333333333,0.2,166.86666666666667,16.707396213213602,88.0588930850377,-0.010474044242034398,176.14422509189328,0.9151664708816954,0.010836697343932744,0.1354949034334764,0.3793204426765442,1.0
34,139264,1685.0,221.99425481597922,0.64,0.26,159.98,265.08204824043344,214.449717318014,0.7333333333333333,0.23333333333333334,95.13333333333334,12.343921136856078,108.7914248307546,-0.011952907046846425,217.61220575968426,0.908682623753945,0.010856738902414993,0.137451171875,0.38247716426849365,0.0
35,143360,1684.7,226.44459806626242,0.66,0.26,154.46,250.66181595866183,223.66902847270805,0.7,0.26666666666666666,107.06666666666666,13.488930638631185,120.69195306301117,-0.009108419586361076,241.40762376785278,0.916579772780339,0.0076015290973979665,0.09646809895833333,0.3835655450820923,0.0
36,147456,1684.8,187.06471698953425,0.58,0.4,83.58,192.77824709732425,247.88505174596614,0.6,0.4,107.9,12.64104865392049,140.4100068171819,-0.01239977523800917,280.8503594080607,0.9241546293099722,0.007861762689814592,0.10035807291666667,0.3847346901893616,0.0
37,151552,1685.9,228.0277515677034,0.66,0.3,113.98,143.49281247305345,255.6287823178156,0.5,0.5,94.5,11.908779382705688,130.36197527249655,-0.011040991131449119,260.7515991051992,0.9285552941262722,0.007638433065343027,0.09679361979166666,0.3849237561225891,0.0
38,155648,1687.0,222.16453697260047,0.64,0.28,145.22,192.73722524362134,247.75506214755637,0.6,0.36666666666666664,94.66666666666667,11.682886169354122,113.99255638917288,-0.013459984220874806,228.0176075299581,0.9291935818890731,0.010257688561008156,0.133447265625,0.385239839553833,0.0
39,159744,1687.5,179.13696374219595,0.56,0.36,134.3,251.07699857638744,219.03110724166442,0.7,0.23333333333333334,119.1,14.719827445348104,97.12490756583937,-0.012003817851890367,194.27934232384268,0.9200624703156828,0.009181588461312154,0.11517518939393939,0.38044869899749756,1.0
40,163840,1688.4,235.04893098751046,0.66,0.24,132.88,212.934302320733,240.3151724013246,0.6333333333333333,0.3333333333333333,111.16666666666667,14.119872276981672,55.52233086818713,-0.008210747469045026,111.06654517160078,0.9102732390878303,0.012725452654638538,0.15924043062200957,0.3828803300857544,1.0
41,167936,1688.6,187.2470464828669,0.58,0.36,104.04,144.76959189302698,245.88930593040007,0.5,0.43333333333333335,103.33333333333333,12.965647792816162,99.20785042444865,-0.014219732180936261,198.4496126015981,0.9123469300568103,0.011139475360687356,0.14695638020833332,0.38081902265548706,0.0
42,172032,1689.3,192.06897829654915,0.58,0.34,122.74,202.61496235153336,250.41745692228577,0.6,0.36666666666666664,99.2,12.810393422842026,142.451380554835,-0.013643847408335812,284.9355393409729,0.9154491792122523,0.007908782959566452,0.100634765625,0.3838886618614197,0.0
43,176128,1686.5,153.48755439977748,0.52,0.44,102.12,245.72350833809062,225.35283264795956,0.7,0.23333333333333334,129.53333333333333,16.45808218320211,144.17704611619314,-0.012615860317600891,288.3848523457845,0.9213631821175416,0.007127799938219445,0.09239908854166666,0.38312995433807373,0.0
44,180224,1685.2,204.73894171708238,0.62,0.36,91.14,169.5955142202222,243.42077657855458,0.5333333333333333,0.4,121.53333333333333,14.123622139294943,161.16211607456208,-0.011471038633802284,322.3526581287384,0.9149750297268232,0.0063574243812278535,0.07804361979166667,0.38159888982772827,0.0
45,184320,1684.1,285.81545849222925,0.78,0.22,95.5,220.06631928985976,232.44885746607818,0.6333333333333333,0.26666666666666666,123.46666666666667,14.158844494850685,101.007364265124,-0.012493693012705384,202.04516214529673,0.908233321706454,0.010672330765616304,0.140380859375,0.37993887066841125,0.0
46,188416,1683.1,273.80825049964216,0.76,0.22,91.66,201.99276678955414,239.358759588183,0.6,0.3333333333333333,118.93333333333334,15.320907062292099,87.92799089749654,-0.011155316987424158,175.88366628487904,0.8954675950109958,0.010428868319043735,0.130859375,0.3772296607494354,0.0
47,192512,1687.7,258.2008115559348,0.74,0.26,97.6,175.89803954191703,231.11082602071536,0.5333333333333333,0.3,152.26666666666668,14.203493253389995,638.6771450042725,0.006674368632957339,1277.346290588379,0.8875256963074207,0.013050198067503516,0.135986328125,0.3773621916770935,1.0
48,196608,1685.1,252.33452189592546,0.72,0.26,108.2,238.72094461901628,221.76411886090662,0.6666666666666666,0.23333333333333334,141.43333333333334,14.447641499837239,86.3718684832255,-0.012963236970244906,172.77508668104807,0.904203450679779,0.009926647260726895,0.11917317708333333,0.3841818571090698,0.0
49,200704,1692.8,211.57690597208014,0.64,0.34,120.28,209.81023077249645,242.85778061423474,0.6333333333333333,0.3333333333333333,103.46666666666667,13.869707973798116,360.9378234863281,0.004379081726074219,721.8724446614583,0.9235048015912374,0.014992945625757178,0.16953125,0.3841271996498108,1.0
50,204800,1693.7,199.2283414082179,0.6,0.34,123.04,243.76888084542435,230.1600953564546,0.7,0.3,91.96666666666667,11.606192763646444,143.73523276646932,-0.01177674587816,287.4995518843333,0.921675409624974,0.006973152061982546,0.09176432291666667,0.3831523656845093,0.0
51,208896,1695.2,183.86523498247996,0.56,0.32,146.84,201.26100800416864,245.54665275884403,0.6,0.36666666666666664,97.63333333333334,13.322023030122121,101.30452180244554,-0.0070608330785598555,202.62866261083755,0.9167991845820431,0.008122360754644438,0.1016175176056338,0.38229233026504517,1.0
52,212992,1695.1,243.74537352218428,0.7,0.28,132.14,258.0649523387707,220.07333560584425,0.7333333333333333,0.26666666666666666,100.73333333333333,12.887944237391155,123.19673000971476,-0.011217316868229925,246.42138123512268,0.913873690366745,0.009068559023338215,0.11638997395833334,0.3828841745853424,0.0
53,217088,1695.9,161.11712491397233,0.54,0.46,78.92,244.89039907927136,236.31557515078845,0.7,0.3,94.63333333333334,12.636658477783204,106.77328923543294,-0.011487605647804837,213.57506073315938,0.9181269983450572,0.00807517533248756,0.10447591145833333,0.3832165002822876,0.0
54,221184,1695.7,181.62169613565436,0.58,0.42,91.7,237.8262915093899,231.4734855529058,0.7,0.3,102.2,12.378994051615397,173.99937641620636,-0.008651553821982816,348.02156184514365,0.9182343165079753,0.006912264738639351,0.08805338541666667,0.38359329104423523,0.0
55,225280,1691.9,241.29723337857268,0.7,0.3,101.5,339.01478671509363,151.04092136718128,0.9,0.1,96.83333333333333,12.232212662696838,152.93264387448627,-0.013002069261468326,305.8968426068624,0.9248851666847865,0.007770585977414157,0.10305989583333333,0.3847699761390686,0.0
56,229376,1688.5,205.48604597100962,0.62,0.38,85.04,267.4123469290151,219.1251618019886,0.7333333333333333,0.23333333333333334,100.2,12.963016144434611,204.88476665814719,-0.011368452883713569,409.7978499412537,0.9302660976847013,0.007092010416090489,0.091064453125,0.38650816679000854,0.0
57,233472,1685.8,210.9969929551726,0.64,0.36,81.04,326.44680662784134,164.59101961140365,0.8666666666666667,0.1,103.93333333333334,13.785210752487183,134.63941822052,-0.013132655523562183,269.3106917699178,0.9315434917807579,0.008967167610050335,0.1134765625,0.3852449655532837,0.0
58,237568,1684.2,195.5115942856559,0.6,0.36,107.12,189.25028712972895,247.72018947705254,0.6,0.4,73.53333333333333,9.444404300053915,131.75546527703602,-0.012413312492814537,263.54135670661924,0.9330642580986023,0.008170107419816,0.10286458333333333,0.3872249126434326,0.0
59,241664,1681.2,231.59257128047258,0.68,0.32,101.96,178.1610316716431,245.64333171634672,0.5666666666666667,0.4,82.3,9.490542840957641,157.5435655673345,-0.012456226690361897,315.1176406701406,0.9334115209678809,0.008246628363364532,0.10987955729166667,0.3850318193435669,0.0
60,245760,1676.2,266.14026141517854,0.74,0.24,104.7,256.56972702614354,221.1861580595237,0.7333333333333333,0.26666666666666666,124.9,15.442656093835831,135.59393790562947,-0.009211702552662852,271.21185372670493,0.9255982289711634,0.006698769242696774,0.08396809895833333,0.38570523262023926,0.0
61,249856,1676.8,172.89770531408348,0.56,0.44,104.24,225.84490379435186,235.3285132302118,0.6666666666666666,0.3333333333333333,78.9,10.133784671624502,144.90607472260794,-0.014472417680372019,289.846578057607,0.9135707907378674,0.008551720432781925,0.110693359375,0.3801838159561157,0.0
62,253952,1676.4,184.7639523002919,0.58,0.42,97.12,273.55387424285567,211.06281094882206,0.7666666666666667,0.23333333333333334,93.06666666666666,12.331674313545227,179.67613532543183,-0.01678780504735187,359.3913020610809,0.9096063710749149,0.008384967698172355,0.10875651041666666,0.3839648365974426,0.0
63,258048,1673.7,191.08021268104915,0.6,0.4,99.78,249.25617536404764,221.0683033579381,0.7,0.26666666666666666,110.16666666666667,14.180656250317892,112.16002654234568,-0.012510881947431092,224.35052490234375,0.9088925637304783,0.00987517978210235,0.12581380208333334,0.37985825538635254,0.0
64,262144,1669.0,202.30827491195495,0.62,0.38,89.8,230.28467410352488,238.79897445751365,0.6666666666666666,0.3333333333333333,98.43333333333334,12.905350724856058,146.51988735993703,-0.015232387840903054,293.07559355099994,0.8925257913768292,0.00940346077598709,0.12579752604166666,0.3780297636985779,0.0
65,266240,1667.7,177.99653682070036,0.56,0.4,109.64,221.39813250384265,236.0818811944844,0.6666666666666666,0.3333333333333333,74.2,9.65595235824585,200.66092891693114,-0.011039212470253308,401.3491855939229,0.8737290839354197,0.00994885119337899,0.12688802083333334,0.37309449911117554,0.0
66,270336,1666.1,229.26827302102942,0.66,0.3,111.18,280.8490598160605,205.96891462373898,0.7666666666666667,0.2,101.9,13.375332506497701,107.6626879453659,-0.009380305910599417,215.34919502735139,0.8435315137108167,0.009657335983744512,0.12044270833333333,0.36555880308151245,0.0
67,274432,1665.9,246.8635035167746,0.7,0.26,113.28,331.05129874292436,160.36863238420057,0.8666666666666667,0.1,109.63333333333334,14.323310200373331,82.97595981121063,-0.007854711941909044,165.97257201194762,0.8235929176211357,0.011206168464850634,0.14056640625,0.36695414781570435,1.0
68,278528,1665.7,156.30262275998035,0.52,0.44,101.96,164.07841210239204,245.17843432734662,0.5333333333333333,0.4,110.03333333333333,13.650488996505738,156.0593814134598,-0.01177806761697866,312.14726366996763,0.8240943036973476,0.008190325752851398,0.10517578125,0.3652496337890625,0.0
69,282624,1666.1,224.25193658936558,0.66,0.32,119.02,244.63899622409454,233.4410988564922,0.7,0.3,88.43333333333334,11.99865218003591,135.81111345291137,-0.012864089501090348,271.65283921559654,0.8145225400726,0.009016399519653835,0.11612955729166667,0.36470216512680054,0.0
70,286720,1666.8,272.6166626216051,0.76,0.24,103.4,224.16063718872525,239.26415752034634,0.6666666666666666,0.3333333333333333,77.2,10.369103334347407,101.41968169212342,-0.011633870962153499,202.86743177572887,0.799935340632995,0.011509723212899796,0.14319661458333333,0.3608168959617615,0.0
71,290816,1666.1,231.80627085650028,0.68,0.32,83.28,273.5762992180766,211.80487190268286,0.7666666666666667,0.23333333333333334,78.93333333333334,10.050010887781779,166.27067306836446,-0.013147445051193548,332.57241675059,0.7955766965945562,0.009535236986509214,0.12298177083333334,0.3623717129230499,0.0
72,294912,1664.3,226.0856668981422,0.66,0.34,89.12,192.66501332921766,245.42677140753906,0.6,0.4,74.5,10.679515957832336,107.29469827810924,-0.014066993596497924,214.62230227788288,0.7950817068417867,0.009479735056326414,0.12233072916666667,0.3587546646595001,0.0
73,299008,1660.9,223.4782083899945,0.66,0.34,92.94,191.16360488731198,245.62072038491135,0.6,0.4,106.43333333333334,13.898718826969464,60.18752567707991,-0.014148703598252991,120.40804144915413,0.7823929844283256,0.012039356323510815,0.14792870273109243,0.3604416251182556,1.0
74,303104,1658.2,173.7307470326915,0.56,0.42,83.72,180.45080563297927,244.25199540783953,0.5666666666666667,0.4,117.66666666666667,13.468512905637423,93.6063933968544,-0.01303155833738856,187.24359517097474,0.7906288176774978,0.01237634752227071,0.15309244791666668,0.359426885843277,0.0
75,307200,1657.4,158.6601128301444,0.52,0.46,92.36,217.4532938907136,233.23825095127552,0.6333333333333333,0.3,114.9,12.551840154329936,138.22751963933308,-0.009456177583585183,276.47859902381896,0.77463800907135,0.008963516171691784,0.11798502604166666,0.3547135591506958,0.0
76,311296,1657.5,254.01568250616202,0.72,0.28,78.96,197.05729277156468,245.5943801326326,0.6,0.36666666666666664,99.06666666666666,12.06919009288152,97.99752728939056,-0.011862229893449695,196.02332107226053,0.7569196646412214,0.011117012324878791,0.14466145833333333,0.35269758105278015,0.0
77,315392,1655.7,201.328682756561,0.62,0.36,84.2,262.41582014617785,216.16065596631378,0.7333333333333333,0.23333333333333334,108.66666666666667,13.395407128334046,104.1376572171847,-0.011825463579346737,208.30340140660604,0.738882898290952,0.009472184295979484,0.11988932291666667,0.34843331575393677,0.0
78,319488,1655.1,221.8589930751524,0.66,0.34,84.94,229.16227695477366,230.00209855153827,0.6666666666666666,0.3,105.9,14.349449332555135,103.87046409447989,-0.010892282448670207,207.76703941027324,0.7212079723676046,0.009783134189880608,0.11904296875,0.3468034863471985,0.0
79,323584,1655.1,331.7173098035583,0.88,0.12,111.74,242.94869606452284,233.10856999516866,0.7,0.3,84.43333333333334,11.589288953940073,93.20845695336659,-0.012062117595147963,186.44524342219034,0.7009930034478505,0.009288182593202994,0.12010091145833333,0.34160909056663513,0.0
80,327680,1652.6,216.82422610930448,0.64,0.34,99.3,196.8022880294207,242.23382883032764,0.6,0.36666666666666664,107.96666666666667,14.079229721675317,152.58374760945637,-0.013122440166383361,305.19784228007,0.6835751655201118,0.009911724861012772,0.12952473958333333,0.340891569852829,0.0
81,331776,1651.3,252.3953644080908,0.72,0.28,106.38,110.94329244765476,241.07114404934,0.43333333333333335,0.5,109.06666666666666,12.536425312360128,141.27884200414022,-0.011188439717322278,282.58417558670044,0.6856097708145777,0.008885494586623584,0.1115234375,0.343082070350647,0.0
82,335872,1649.4,201.93850808702362,0.62,0.38,98.28,251.60388155417522,226.88886587496725,0.7,0.23333333333333334,131.86666666666667,17.77037971019745,157.47764015992482,-0.012443140978575684,314.98435576756793,0.6988487911721071,0.008926668396452443,0.117333984375,0.34446126222610474,0.0
83,339968,1648.3,213.2821802417985,0.64,0.34,105.1,295.10212183603386,199.41261667566755,0.8,0.2,91.83333333333333,12.289103587468466,81.62541726827621,-0.011149298498639836,163.27729670206705,0.6938321260114511,0.010803635410168985,0.13209635416666668,0.3410126864910126,0.0
84,344064,1651.5,242.50062444663502,0.7,0.3,93.74,242.6626761541832,231.5517703390546,0.7,0.3,101.1,14.057225767771403,582.0240325927734,0.017637512957056362,1164.0169118245442,0.6823772192001343,0.014417105897640189,0.15950520833333334,0.3409733772277832,1.0
85,348160,1651.2,276.36149846118303,0.76,0.22,113.36,282.0618366222871,207.19915537969274,0.7666666666666667,0.2,102.16666666666667,14.1508230154713,104.90601736245696,-0.014088632667331583,209.84423688514946,0.6707195697985974,0.01017443498010872,0.12334890463917526,0.3360452651977539,1.0
86,352256,1650.4,220.76787446662473,0.66,0.34,85.52,275.56984572582684,210.3325133976899,0.7666666666666667,0.23333333333333334,112.93333333333334,13.870888721942901,125.86992963305059,-0.013577275483359425,251.77089226920648,0.6461743914856101,0.009263608023691219,0.12041199882075472,0.33358240127563477,1.0
87,356352,1649.9,260.14987798872136,0.74,0.26,95.16,129.64084948199343,254.44222871615182,0.4666666666666667,0.5333333333333333,100.16666666666667,13.582439676920574,140.9911837498347,-0.011988624628672066,282.0101764837901,0.6390227434535821,0.010191116214264185,0.13079427083333334,0.3347020149230957,0.0
88,360448,1647.9,232.80631715157907,0.68,0.3,109.46,263.5883379428899,217.9828461871975,0.7333333333333333,0.23333333333333334,105.3,13.290538279215495,137.6012418429057,-0.013175581221003086,275.2326834996541,0.6416646818319957,0.008832451866085951,0.11446940104166667,0.3329955041408539,0.0
89,364544,1648.1,176.17069844017314,0.56,0.38,113.04,286.81270158757184,206.84062392931395,0.7666666666666667,0.2,96.03333333333333,12.920773148536682,72.6086366791531,-0.012015442543018322,145.24499629957103,0.6154874161357793,0.013329445222198828,0.16441600678733032,0.3267481327056885,1.0
90,368640,1646.9,194.24191845244297,0.6,0.38,103.34,256.8436261656062,225.05535654781391,0.7333333333333333,0.26666666666666666,100.43333333333334,12.56652645667394,154.48015996615092,-0.013210308557609097,308.9903079668681,0.5945078591505687,0.00975153777981177,0.12267252604166666,0.325319766998291,0.0
91,372736,1646.9,181.24474735503688,0.56,0.36,133.2,300.00159792520066,201.32123518590828,0.8,0.2,93.53333333333333,12.89264186223348,169.6245906829834,-0.010248151138269653,339.2732144991557,0.5886823765933513,0.00854726500401739,0.11279296875,0.32577475905418396,0.0
92,376832,1646.4,169.62417678155376,0.54,0.42,101.88,229.4590449713134,235.69856874342057,0.6666666666666666,0.3,109.5,13.599905570348104,112.81759597460429,-0.013878174419126784,225.6664704799652,0.5868296161293983,0.009084889525547623,0.11507161458333333,0.324418842792511,0.0
93,380928,1645.8,214.08579606933586,0.64,0.34,99.7,240.35649759113443,232.9853664064237,0.7,0.3,87.76666666666667,10.349669457475345,121.8626675762481,-0.014455269066783044,243.75773832831584,0.5820160687249591,0.0122107350892724,0.14937279929577466,0.32511067390441895,1.0
94,385024,1645.4,223.8494689803912,0.66,0.32,100.96,208.71707301762203,243.98666022368934,0.6333333333333333,0.36666666666666664,102.46666666666667,12.735742378234864,79.38367394109567,-0.010932167616071334,158.79268260796866,0.5783716921384136,0.01189325643038804,0.15401204427083334,0.32400235533714294,1.0
95,389120,1642.7,225.8661967235464,0.66,0.32,95.3,164.99196872575686,240.77227275668534,0.5333333333333333,0.4,125.1,13.968392809232077,146.98395171165467,-0.01334852926665917,293.99802490870155,0.5715852436920007,0.010595339770467642,0.134130859375,0.3223547041416168,0.0
96,393216,1643.0,259.320638580298,0.72,0.24,123.64,307.91613504976397,190.00298608253217,0.8333333333333334,0.16666666666666666,103.3,12.943292379379272,121.33788596856202,-0.011745714984764236,242.7026320085839,0.5609455897774495,0.010041322021312277,0.12877787558685447,0.32062482833862305,1.0
97,397312,1643.4,216.5342497332132,0.64,0.34,95.64,212.44398456820645,242.28038499401526,0.6333333333333333,0.36666666666666664,92.13333333333334,11.573549751440684,147.07322365638768,-0.010424204691538314,294.1705735012253,0.5462601619874131,0.009462932839777798,0.11076347748815166,0.31719544529914856,1.0
98,401408,1642.3,177.77096487943788,0.56,0.4,107.86,252.9658770171944,219.12544389183466,0.7,0.23333333333333334,114.86666666666666,13.997350629170736,126.0791906674703,-0.011187196199898608,252.18390952746074,0.5260899625718594,0.00885346819316813,0.1154296875,0.31525918841362,0.0
99,405504,1641.9,252.29753663939312,0.72,0.28,88.66,207.46186701944433,237.19532392438586,0.6333333333333333,0.36666666666666664,75.96666666666667,9.492768975098928,138.55041233290973,-0.01511840160108275,277.13415154025085,0.5148281197772067,0.010394815668965189,0.13144364316239315,0.3141831159591675,1.0
100,409600,1639.8,235.35642963582544,0.68,0.3,102.46,224.3011752664106,232.79986507475877,0.6666666666666666,0.3,116.06666666666666,14.25613800684611,122.30152537822724,-0.014917793067676636,244.63590790430706,0.5036392958213886,0.010061979190989707,0.13245442708333333,0.31240782141685486,0.0
101,413696,1638.6,230.12710082887637,0.68,0.32,84.8,224.357411642099,238.84779974265072,0.6666666666666666,0.3333333333333333,97.9,13.123704707622528,108.16919274837413,-0.016874461578443013,216.37511210340134,0.4964348860243534,0.011281437528854672,0.14258643617021277,0.31084001064300537,1.0
102,417792,1637.2,232.48417466737416,0.68,0.3,85.58,193.20613997650895,241.3670567158829,0.6,0.4,106.63333333333334,13.743383304278057,97.95245761104992,-0.011517059671210259,195.93089977332525,0.49158493895083666,0.011689563370185039,0.14191545758928573,0.3115180432796478,1.0
103,421888,1637.7,231.62960884371645,0.68,0.32,98.72,225.98590829434417,236.03751183878109,0.6666666666666666,0.3333333333333333,90.63333333333334,11.812677919864655,107.35049789830258,-0.010522302888494216,214.72498317882776,0.49063150620346435,0.01305945809935019,0.16008148923444976,0.30914488434791565,1.0
104,425984,1637.6,239.00080518205155,0.68,0.3,100.94,264.49325517762185,216.51630629813158,0.7333333333333333,0.23333333333333334,113.26666666666667,14.277257370948792,160.37937790552775,-0.011223679482160758,320.78406569163,0.4771424622585376,0.008863402905020242,0.11687825520833334,0.30757564306259155,0.0
105,430080,1637.8,242.57745386700387,0.7,0.3,90.04,212.07067744258092,239.92663882815208,0.6333333333333333,0.3333333333333333,83.9,11.17899706363678,147.56636985143027,-0.013373367041155385,295.1623142560323,0.47145932850738365,0.00817525817352968,0.10374348958333333,0.30747127532958984,0.0
106,434176,1636.5,167.20546658160308,0.54,0.42,106.94,235.78394345897215,227.17175008558334,0.6666666666666666,0.26666666666666666,125.6,15.615609447161356,135.3810444357006,-0.007402814498997321,270.7796531421869,0.4595875914625543,0.009769980509270559,0.11774320083682008,0.3039402663707733,1.0
107,438272,1635.5,257.8290320632609,0.74,0.26,86.78,264.50656611338616,216.10450987395046,0.7333333333333333,0.23333333333333334,104.53333333333333,12.127034735679626,180.80229115486145,-0.012215128180105238,361.63168840408326,0.4458628280709187,0.008366382437331291,0.109521484375,0.3035365343093872,0.0
108,442368,1635.6,260.55797156343965,0.74,0.24,94.06,239.047425349051,226.97557099666756,0.7,0.3,86.13333333333334,10.687869238853455,117.07921263575554,-0.011168695595794512,234.18346565961838,0.4503236737412711,0.011287879198789597,0.13999430338541666,0.3058575391769409,1.0
109,446464,1638.7,194.93742275221837,0.6,0.36,103.2,246.198642389531,225.38342759201493,0.7,0.26666666666666666,95.06666666666666,12.215245874722799,592.5868957519531,0.013749467395246028,1185.149064127604,0.4598898271719615,0.015080620720982551,0.1625,0.3059152364730835,1.0
110,450560,1639.0,232.53780619111083,0.68,0.32,102.1,177.528478050553,249.65783728156413,0.5666666666666667,0.43333333333333335,95.36666666666666,11.608651812871297,113.81591051041812,-0.013953969239637322,227.66249474495515,0.4609573274984488,0.010635377402780703,0.12985215807174888,0.30613261461257935,1.0
111,454656,1639.4,260.8736138823083,0.74,0.26,89.24,260.70138165856787,226.362092208535,0.7333333333333333,0.26666666666666666,79.4,10.75840444167455,103.65459225177764,-0.013532059338952724,207.3389936685562,0.45793667224546275,0.011985221686578977,0.15509440104166666,0.30507540702819824,0.0
112,458752,1638.5,233.30083154654818,0.68,0.3,94.7,265.4825354715261,215.91379776361072,0.7333333333333333,0.23333333333333334,111.46666666666667,14.903277597824733,113.94068305775271,-0.009163881415280245,227.90242586297504,0.45506707578897476,0.01066459767259973,0.1341201006355932,0.3060094118118286,1.0
113,462848,1637.6,253.62680263451054,0.72,0.28,101.96,277.68656009546635,210.4534175196871,0.7666666666666667,0.23333333333333334,79.16666666666667,10.955141099294027,106.49113092025121,-0.013391913545395559,213.01180094877878,0.4596180437753598,0.012365385682399695,0.15509440104166666,0.30591732263565063,0.0
114,466944,1637.1,234.8096991309466,0.68,0.32,87.96,224.9347209671733,234.90904624909547,0.6666666666666666,0.3333333333333333,102.1,12.847253878911337,185.6802520751953,-0.0133218818596409,371.38989102045696,0.4571373744557301,0.008268972206860781,0.10603841145833333,0.30553919076919556,0.0
115,471040,1638.3,254.28647182413962,0.72,0.28,99.52,208.83916994944732,244.69315267839104,0.6333333333333333,0.36666666666666664,103.2,13.016393156846364,113.34707260131836,-0.009255113354764687,226.71535397391034,0.4493735628759759,0.00856891641807225,0.10206330128205128,0.30312612652778625,1.0
116,475136,1638.5,250.91422334998362,0.72,0.28,94.98,226.107784810839,229.47811036468212,0.6666666666666666,0.3,105.6,13.233228572209676,118.8001944429131,-0.012504071545516771,237.6280297515213,0.4382144129404458,0.009810311053829488,0.12271085349462366,0.30366024374961853,1.0
117,479232,1640.6,293.5426392813795,0.8,0.2,109.34,193.63017002592014,246.64626651098843,0.6,0.36666666666666664,105.06666666666666,13.425956586996714,356.4619598388672,0.00496737069139878,712.9166564941406,0.4426548356811206,0.015177004795987159,0.18001302083333334,0.30361855030059814,1.0
118,483328,1640.0,315.79579201262624,0.84,0.16,99.32,243.57428666966328,232.90160926611952,0.7,0.3,88.16666666666667,11.642134475708009,116.14843403498331,-0.011792337679071351,232.32315187454225,0.4500371391574542,0.010326475212544513,0.126171875,0.30627650022506714,0.0
119,487424,1640.5,240.49876272162896,0.7,0.3,78.96,258.85215434177695,222.55899595126678,0.7333333333333333,0.26666666666666666,73.36666666666666,9.989225689570109,103.06525601148606,-0.012678985643045355,206.15865213871,0.4636219161252181,0.011390897019494636,0.14254557291666667,0.30665600299835205,0.0
120,491520,1641.0,207.13742103190125,0.62,0.36,99.72,241.06098487831076,226.59875717332892,0.7,0.3,111.56666666666666,12.858363151550293,149.14468487995427,-0.007819131040582206,298.3077839176829,0.46235211767801426,0.010408761470419605,0.1326981707317073,0.3066970109939575,1.0
121,495616,1640.6,232.85845617429172,0.68,0.32,85.66,204.440124805076,239.81385952844573,0.6333333333333333,0.36666666666666664,92.56666666666666,11.758235609531402,110.59128526846568,-0.009879630304446134,221.20510416030885,0.46187319308519365,0.011877826700219885,0.14690755208333334,0.3062572479248047,0.0
122,499712,1640.2,292.2598025297949,0.8,0.2,100.4,214.77330327294473,241.65819388569076,0.6333333333333333,0.3333333333333333,108.0,12.579670691490174,101.37612954255576,-0.014225147227173515,202.78343599979007,0.4546348864787093,0.012019142408411359,0.15223422897196262,0.3047822117805481,1.0
123,503808,1639.5,291.1059005496288,0.8,0.2,102.4,242.82070535347933,232.5445388448175,0.7,0.3,99.76666666666667,13.38126508394877,111.80026462872823,-0.009515493860817514,223.62219061851502,0.4383536720027526,0.011258404505012247,0.137060546875,0.3012542128562927,0.0
124,507904,1639.5,275.32469560949613,0.76,0.2,116.34,178.05874041959842,250.19084091486346,0.5666666666666667,0.43333333333333335,87.63333333333334,11.907407331466676,105.05324168658365,-0.009074787699882935,210.1272058271175,0.4283507980102867,0.010959091462506764,0.13910492081447964,0.3019160032272339,1.0
125,512000,1640.0,242.30579674920577,0.7,0.28,102.74,193.87942557302034,249.7084775610525,0.6,0.4,107.53333333333333,14.202520497639973,98.05569918328824,-0.010229181703804425,196.13442777921367,0.42869847247054454,0.011695759432057345,0.15046700418994413,0.30078837275505066,1.0
126,516096,1640.2,231.12307564783964,0.68,0.32,101.68,261.5718541575471,223.30462984660204,0.7333333333333333,0.26666666666666666,98.56666666666666,13.347222487131754,93.78934125365498,-0.008881932790347628,187.5989744774649,0.4213049815636929,0.011554063316304063,0.14161068925233644,0.2996046543121338,1.0
127,520192,1640.4,231.3967888279598,0.68,0.3,94.96,200.65285478543097,243.65833637034783,0.6,0.36666666666666664,98.06666666666666,13.19392181833585,128.32813538710278,-0.013998269708827138,256.68679835001626,0.42173074260354043,0.011426946682816682,0.14462890625,0.3013518452644348,0.0
128,524288,1640.6,179.4839458156934,0.58,0.42,91.6,239.57125709238284,228.38612797325112,0.7,0.3,88.53333333333333,11.761453318595887,175.04024606545767,-0.012555092928232625,350.10816090901693,0.42701962515711783,0.009921304504193056,0.12327473958333333,0.3007427453994751,0.0
129,528384,1640.0,151.62711239793214,0.52,0.46,95.52,276.9711999515934,215.84732245871996,0.7666666666666667,0.23333333333333334,86.36666666666666,11.774565835793814,142.35007784366607,-0.011809161072596908,284.7263494968414,0.42886732816696166,0.010007890881388449,0.12521158854166667,0.301910400390625,0.0
130,532480,1638.4,244.38277333036345,0.7,0.3,98.52,306.9372901322287,188.82278490512584,0.8333333333333334,0.16666666666666666,111.5,14.46195101737976,153.75555572509765,-0.013391851241855572,307.5404349009196,0.42422430254518984,0.0093590861040866,0.11982421875,0.2986825704574585,0.0
131,536576,1638.6,216.61855803469822,0.64,0.32,122.8,160.35714331906811,246.42685749521445,0.5333333333333333,0.4666666666666667,72.8,10.246079119046529,114.37092244625092,-0.017049648357594076,228.77843306064605,0.41537588499486444,0.01190058893407695,0.14993489583333333,0.3002645969390869,0.0
132,540672,1639.2,261.3579015810949,0.74,0.26,107.1,241.61117963983918,229.23375806143972,0.7,0.26666666666666666,102.23333333333333,12.51167017618815,157.86029274081005,-0.010559077167676555,315.7442421854278,0.422753271865256,0.011051319325400263,0.14252989969135801,0.2998504042625427,1.0
133,544768,1640.4,243.80403002969763,0.7,0.28,94.84,248.65504777705232,225.524361118968,0.7,0.26666666666666666,101.83333333333333,13.780129194259644,145.2525180053711,-0.010309979467031856,290.52817123413087,0.41918086727460224,0.01085264397940288,0.133984375,0.2986331880092621,1.0
134,548864,1642.8,259.68568154989987,0.74,0.26,86.42,200.801621897324,241.7978398150758,0.6,0.36666666666666664,99.03333333333333,11.796153688430786,420.81735409007354,0.005342415917445631,841.626516903148,0.4140210432164809,0.014993013800395763,0.15877757352941177,0.29860562086105347,1.0
135,552960,1643.4,305.545333396338,0.82,0.18,102.6,206.728956654254,243.10244997457474,0.6333333333333333,0.36666666666666664,83.13333333333334,10.716310842831929,79.74027548041396,-0.016401811809559422,159.51583321889242,0.41355483249951436,0.014212582624637551,0.1721900201612903,0.298057496547699,1.0
136,557056,1645.9,303.3822485885252,0.82,0.18,93.48,256.3192862034618,226.95520844851416,0.7333333333333333,0.26666666666666666,121.73333333333333,15.919988552729288,307.450193617079,0.0019976553610629505,614.8988410101997,0.4106417761908637,0.009573537157848477,0.11024305555555555,0.297809898853302,1.0
137,561152,1646.2,293.56064572258845,0.8,0.18,94.24,207.59983208154915,242.56990982871451,0.6333333333333333,0.36666666666666664,83.1,10.859015742937723,97.6303203423818,-0.01208473661293586,195.28727087974548,0.410509925459822,0.012359283527863833,0.15380859375,0.29816746711730957,0.0
138,565248,1646.9,199.54151504619543,0.62,0.38,76.08,173.81328583224573,252.10781535764346,0.5666666666666667,0.43333333333333335,97.2,12.42011690934499,78.79199596161538,-0.010413265312734515,157.60731534754976,0.415779303363029,0.012479345286958553,0.15645777925531915,0.29973679780960083,1.0
139,569344,1647.2,272.15684805721213,0.76,0.24,102.02,205.04865237995483,245.08192388897842,0.6333333333333333,0.36666666666666664,96.8,11.786949892838797,79.18479018504394,-0.00805543661741904,158.38821269413612,0.41994262057975684,0.011995345019792629,0.14732454608938547,0.2982959449291229,1.0
140,573440,1650.1,232.03273922939422,0.68,0.32,89.1,270.025378941402,219.3576421078651,0.7333333333333333,0.23333333333333334,100.4,14.14820745786031,298.79081497192385,0.00726237609051168,597.5696090698242,0.4146004289388657,0.018053750752005725,0.2146484375,0.298284649848938,1.0
141,577536,1650.0,211.55123350664127,0.64,0.36,91.96,248.6480922147384,229.43508886363898,0.7,0.3,96.9,13.182726319630941,120.47992364565532,-0.014465430575849798,240.99124744733174,0.41163624698917073,0.0080225931868578,0.10467122395833334,0.2972850799560547,0.0
142,581632,1649.6,232.90499830265696,0.68,0.3,95.78,141.09903910301844,254.41249160975462,0.5,0.5,81.16666666666667,11.140072512626649,86.91957686742147,-0.012016863998724148,173.86563402811686,0.408169420187672,0.011525033913979616,0.14376627604166667,0.29749372601509094,0.0
143,585728,1649.1,281.3190071010649,0.78,0.22,87.32,276.0807231717659,215.68357471345482,0.7666666666666667,0.23333333333333334,107.3,14.020566598574321,108.02337814966837,-0.012688943002528201,216.07460746765136,0.41247511270145576,0.011555625153899502,0.1453125,0.29855549335479736,0.0
144,589824,1648.3,192.72185729876418,0.6,0.4,76.42,297.6353619267585,205.2143036913399,0.8,0.2,85.66666666666667,12.1323750436306,143.90190552870433,-0.011833740233366067,287.8299441655477,0.4112164660046498,0.010123326474179824,0.12698567708333333,0.2969094514846802,0.0
145,593920,1648.1,208.91154818188457,0.64,0.34,111.82,229.78673252087796,231.9312416901187,0.6666666666666666,0.3,99.43333333333334,13.038787261645,137.20497982938525,-0.008855634401749137,274.4300949920511,0.4034967097877896,0.01148692596738747,0.14605340375586853,0.29712581634521484,1.0
146,598016,1647.6,212.18374060476697,0.64,0.36,88.44,210.82568691590876,246.72843348726278,0.6333333333333333,0.3333333333333333,108.93333333333334,15.331859509150187,113.61057040294011,-0.016298529061411198,227.25618256727856,0.4074709857503573,0.012296465737745167,0.15665690104166666,0.29764676094055176,0.0
147,602112,1647.3,274.33729209769706,0.76,0.24,89.66,226.08495027059652,226.69322267753006,0.6666666666666666,0.26666666666666666,119.06666666666666,14.802969376246134,96.2418016390612,-0.00716976449419718,192.5003543789104,0.40233173326583904,0.011936059938533241,0.1443546963276836,0.29494935274124146,1.0
148,606208,1649.2,191.46036888977235,0.6,0.4,83.22,190.33468759549837,247.54525894441278,0.6,0.4,84.7,11.26815759340922,301.55221280184657,0.004217686808922074,603.0983082164418,0.39098434014753863,0.015452077231285248,0.16938920454545456,0.2948662042617798,1.0
149,610304,1648.7,242.1015778910527,0.7,0.28,84.58,307.9121647045435,190.92362719989674,0.8333333333333334,0.16666666666666666,84.23333333333333,11.420114155610403,86.26349621602934,-0.011942406450759738,172.5531983919884,0.38694489873163235,0.010952364076056506,0.13602311643835616,0.2935458719730377,1.0
150,614400,1648.2,191.9167036226561,0.6,0.38,90.32,262.356151509878,220.11984391535137,0.7333333333333333,0.26666666666666666,102.73333333333333,14.500059453646342,128.18906034628552,-0.014414074840412164,256.40937174161274,0.40339803621172904,0.010631310794269665,0.13624674479166668,0.300872802734375,0.0
151,618496,1648.3,141.30318335067747,0.5,0.5,81.0,224.92429898262404,235.6065010718046,0.6666666666666666,0.3,91.63333333333334,11.987288570404052,160.86062867641448,-0.014447623078012839,321.752753273646,0.4334408614784479,0.010188981218379922,0.123828125,0.3012568950653076,0.0
152,622592,1648.4,274.3813471995584,0.76,0.24,87.98,328.7819280521669,172.77727010092772,0.8666666666666667,0.13333333333333333,100.4,13.780582634607951,106.02921667614498,-0.009727124890379675,212.08046826371202,0.4299853676342749,0.012528767037364814,0.15017947635135134,0.3003111481666565,1.0
153,626688,1647.7,265.3779958257788,0.74,0.24,99.14,229.15642144494663,234.0406468095192,0.6666666666666666,0.3,100.03333333333333,13.446238168080647,122.43664501508077,-0.010366935013250138,244.89657367070515,0.4246055627862612,0.008926075078003729,0.116552734375,0.29948896169662476,0.0
154,630784,1647.7,240.2988819587548,0.7,0.3,70.62,128.85437801118874,250.60127638208635,0.4666666666666667,0.5,91.73333333333333,12.067702627182006,167.78766087690988,-0.013667309026156241,335.6051681518555,0.4186548240482807,0.008182255213614553,0.10470377604166667,0.2983672022819519,0.0
155,634880,1647.8,210.85195918775815,0.64,0.36,85.6,205.22801874440137,247.39770942740995,0.6333333333333333,0.36666666666666664,88.6,12.114767956733704,94.73068069219589,-0.012890164197112123,189.4896066983541,0.41049762355784575,0.012202016616356559,0.15079752604166666,0.29610562324523926,0.0
156,638976,1649.8,233.02080209753274,0.68,0.32,81.38,291.9826857904945,204.79517522242654,0.8,0.2,101.0,13.629318459828694,562.6894696553549,0.008893681457266212,1125.3635838826497,0.4004243003825347,0.01569548947736621,0.17822265625,0.2961253523826599,1.0
157,643072,1649.5,182.8469360358875,0.58,0.4,89.66,180.10629500470526,246.64341297080082,0.5666666666666667,0.4,106.9,14.287315893173218,127.01796985467276,-0.014216717363645633,254.06676947275798,0.39947957831124464,0.009915240992753146,0.12932942708333334,0.29539498686790466,0.0
158,647168,1648.3,160.76664229869527,0.54,0.44,99.42,223.1651018190883,235.30125085920244,0.6666666666666666,0.3333333333333333,85.0,11.339494772752126,115.29308725992838,-0.011184611208348846,230.6109055995941,0.39336773107449213,0.010842006169453574,0.13707682291666667,0.29446274042129517,0.0
159,651264,1646.9,226.90825838915876,0.66,0.3,106.4,307.48405557554855,185.7123040047732,0.8333333333333334,0.16666666666666666,101.8,12.562441488107046,81.2094656864802,-0.012276767941269402,162.44580245018005,0.3863731051484744,0.011812671816248137,0.14557291666666666,0.2941717207431793,0.0
160,655360,1648.5,211.76587456248407,0.64,0.34,98.9,226.69596843026667,234.61726087910083,0.6666666666666666,0.3,104.5,12.001349266370138,333.8464562552316,-0.001484186654644353,667.6982029506138,0.3871787190437317,0.014534187420005245,0.15011160714285715,0.29423820972442627,1.0
161,659456,1647.8,221.30764556748534,0.66,0.32,102.96,191.91013386479443,249.9989944872337,0.6,0.4,78.7,10.89030154546102,184.533412138621,-0.013845612642277653,369.0968466758728,0.3890942459305127,0.006413732873625122,0.07838541666666667,0.29479819536209106,0.0
162,663552,1647.5,181.43287212619336,0.58,0.42,79.9,239.37023079725287,228.14998303305381,0.7,0.3,84.36666666666666,10.99325998624166,157.18091773986816,-0.01661702926988558,314.3973344802856,0.377981698513031,0.010462067505189528,0.13361002604166666,0.2899552881717682,0.0
163,667648,1646.4,232.23416347710017,0.68,0.3,95.82,178.50357568558147,254.82410134400243,0.5666666666666667,0.43333333333333335,95.7,12.675486952563126,132.32368126710256,-0.013035458132314185,264.67561043103535,0.3629675959547361,0.008890422519956094,0.11689453125,0.2917601466178894,0.0
164,671744,1646.4,190.34487903518922,0.6,0.38,102.22,227.61429214178483,240.02605800526067,0.6666666666666666,0.3333333333333333,76.76666666666667,10.770210444927216,144.96998403072357,-0.013397539781484133,289.9689971288045,0.3722579518953959,0.011843273156167318,0.14703776041666666,0.2918263375759125,0.0
165,675840,1646.8,162.48929717490205,0.54,0.44,100.86,207.85624617703016,242.77327116566582,0.6333333333333333,0.36666666666666664,80.66666666666667,10.800692888100942,91.40030444463095,-0.012697450610964249,182.82821235656738,0.3676545431216558,0.010965068122216811,0.140869140625,0.28971266746520996,0.0
166,679936,1647.2,259.6181980382992,0.74,0.26,88.46,240.75974078647278,231.06576946346135,0.7,0.3,74.13333333333334,9.786080479621887,95.18010459740957,-0.015940612502163276,190.39420660336813,0.3526485229531924,0.010462533512812419,0.13175455729166666,0.28888750076293945,0.0
167,684032,1647.3,263.02007006176063,0.74,0.26,85.12,170.45231677894714,255.74331406272796,0.5666666666666667,0.43333333333333335,88.33333333333333,11.620654809474946,83.41750908823846,-0.010864837199124028,166.8588542753053,0.3511899217818547,0.011665208321697648,0.14034056432038836,0.2891492247581482,1.0
168,688128,1647.5,263.6528013229374,0.74,0.26,89.06,224.20129180414878,243.5219829222479,0.6666666666666666,0.3333333333333333,89.26666666666667,11.919434448083242,82.73039538601795,-0.01091814828554101,165.48476515620587,0.35604146015213195,0.012915151756178274,0.15822665662650603,0.28942933678627014,1.0
169,692224,1648.0,281.42157252373045,0.78,0.22,89.72,210.315240567816,240.02675778829533,0.6333333333333333,0.3333333333333333,91.6,12.13326354622841,87.36155407616262,-0.010519264022599948,174.74620792303193,0.34351589974392666,0.014354666868967705,0.18006056882022473,0.28562456369400024,1.0
170,696320,1650.2,190.72797007726982,0.6,0.4,91.36,227.9785469759262,241.98525286223753,0.6666666666666666,0.3333333333333333,92.13333333333334,12.89129569331805,396.1905045942827,0.012775066520341417,792.3574107776989,0.3271633711728183,0.012165909908203916,0.13316761363636365,0.28543901443481445,1.0
171,700416,1649.6,142.40460458303986,0.5,0.5,73.74,260.0662170082859,224.78093845075983,0.7333333333333333,0.26666666666666666,107.8,13.650280785560607,112.28006963332494,-0.015318496538869415,224.59267525672914,0.31642457147439323,0.01034824386103234,0.13377278645833332,0.2829964756965637,0.0
172,704512,1649.3,171.8891476810551,0.56,0.44,95.08,192.4425534407756,251.35460688481393,0.6,0.4,83.96666666666667,11.51139865318934,80.87223481734594,-0.012777707267863056,161.77185684045156,0.305055903395017,0.012700689580136289,0.15970052083333333,0.2818925678730011,0.0
173,708608,1648.0,182.8360621260781,0.58,0.4,89.16,289.9047840637986,199.32960110116343,0.8,0.2,106.13333333333334,13.02540504137675,107.82429993947348,-0.013905299643132215,215.67824085553488,0.30475991368293764,0.01146525792525305,0.15349934895833334,0.2829197645187378,0.0
174,712704,1648.6,255.8115596033519,0.72,0.28,92.94,206.18857059264639,245.31078919643994,0.6333333333333333,0.36666666666666664,71.63333333333334,9.466380894184113,95.76288336916909,-0.013529397743884378,191.55467961365696,0.3092778476408726,0.011732446154039063,0.14817438471502592,0.28274431824684143,1.0
175,716800,1649.5,267.21601072552903,0.74,0.26,92.18,208.02011062080885,239.635989158037,0.6333333333333333,0.36666666666666664,107.36666666666666,14.196931934356689,67.80137574513753,-0.009027809870118897,135.6226340230306,0.30433829069137575,0.012806063092624147,0.15677083333333333,0.2812409996986389,1.0
176,720896,1649.7,232.730006231568,0.68,0.3,98.34,225.52385721019007,244.61349229669008,0.6666666666666666,0.3333333333333333,84.76666666666667,12.06936200062434,109.04950647920234,-0.009959567112839657,218.1207213554208,0.29842000083836245,0.010227075085834893,0.1330978881278539,0.2809908986091614,1.0
177,724992,1650.5,201.00553703979,0.62,0.38,77.1,243.22577287456255,236.34298546092555,0.7,0.3,82.86666666666666,11.848387376467388,129.56639612833658,-0.009065935797989368,259.1526961771647,0.29558297475179035,0.01157036126901706,0.13697916666666668,0.2812308073043823,1.0
178,729088,1651.2,173.31493703591997,0.56,0.44,85.32,205.9310197104889,241.98462043614617,0.6333333333333333,0.36666666666666664,76.83333333333333,10.357490623990694,260.12107524587145,-0.00805420338509799,520.2600521258454,0.29831597965155077,0.007968901211757268,0.09818097014925373,0.28138527274131775,1.0
179,733184,1651.5,212.16041547913161,0.64,0.34,101.9,191.70917488131425,246.43844662881904,0.6,0.4,77.5,10.436952034632364,99.35286351009808,-0.01014798095416838,198.72781330716293,0.2983397477495987,0.011014193654950478,0.136891592920354,0.2816588580608368,1.0
180,737280,1651.5,273.25249120270024,0.76,0.22,87.38,159.73652702760563,258.1645307413679,0.5333333333333333,0.4666666666666667,77.33333333333333,10.611062924067179,133.69322002268282,-0.01713731711747769,267.4225292918838,0.3021709506756791,0.01073704153586562,0.1419575058411215,0.2817819118499756,1.0
181,741376,1652.0,260.0796765325603,0.74,0.26,95.38,207.84604235426713,246.68422585045582,0.6333333333333333,0.36666666666666664,85.43333333333334,11.8270773768425,127.51524485229815,-0.006301295948485849,255.04488031700174,0.29784664653596427,0.011319457217016153,0.13895089285714285,0.28021562099456787,1.0
182,745472,1651.9,200.48542066364797,0.62,0.36,90.68,275.9108160401963,214.58405832610939,0.7666666666666667,0.23333333333333334,85.23333333333333,11.74538956483205,89.42843866348267,-0.011924333810263003,178.88244616190593,0.28625021179517113,0.013463065173709765,0.16829427083333334,0.27828696370124817,0.0
183,749568,1654.4,238.42581159732765,0.7,0.3,88.72,208.17308462802345,242.2323025978357,0.6333333333333333,0.36666666666666664,77.66666666666667,9.819325709342957,587.4782554224918,0.009420790856606081,1174.9393696032073,0.27700440507186086,0.016774530841135664,0.18503289473684212,0.27822017669677734,1.0
184,753664,1654.5,179.49733396211195,0.58,0.42,80.38,243.28586214642422,232.06404058592915,0.7,0.3,93.5,12.618914477030437,146.88232796986898,-0.010514750545068334,293.7873515764872,0.27751564731200534,0.0074119083496043455,0.094580078125,0.2779296636581421,0.0
185,757760,1654.7,210.0035913483715,0.64,0.36,109.94,157.63836482603944,248.3108882425327,0.5333333333333333,0.43333333333333335,94.56666666666666,11.943079769611359,126.63266340402457,-0.013285908456414175,253.2935543744992,0.27578972853147066,0.011179043603344605,0.14278846153846153,0.27863168716430664,1.0
186,761856,1654.4,227.68899174922262,0.66,0.3,123.68,191.83363415301545,247.8479922177274,0.6,0.4,83.86666666666666,11.386401518185933,100.42260442574819,-0.014641489593001704,200.87621399561564,0.28711428691943486,0.011710194145174076,0.15257161458333332,0.2805192172527313,0.0
187,765952,1654.5,221.53181870974637,0.66,0.34,93.5,139.71318903573692,249.87800786061385,0.5,0.5,89.73333333333333,11.429457855224609,116.31819855539422,-0.010303599961450574,232.65876517937198,0.29358795930070486,0.011792708034436519,0.15225237573099415,0.28143084049224854,1.0
188,770048,1654.3,137.06182880226095,0.5,0.5,77.34,227.83333692668154,235.79749364999176,0.6666666666666666,0.3333333333333333,88.96666666666667,12.78164881070455,112.74951362609863,-0.01362423854394971,225.5281088034312,0.30592738538980485,0.01236222088627983,0.15603841145833333,0.28336820006370544,0.0
189,774144,1654.2,221.416978238528,0.66,0.34,89.9,211.39531731261314,243.09347255985114,0.6333333333333333,0.36666666666666664,87.06666666666666,12.053591879208883,135.0517917195956,-0.014576037260121666,270.13463139533997,0.3157087569435438,0.01118622997115987,0.14918619791666668,0.28417301177978516,0.0
190,778240,1654.5,199.13477474790122,0.62,0.38,93.38,209.96771467102832,244.3284286702096,0.6333333333333333,0.36666666666666664,78.76666666666667,11.05805827776591,147.0183632771174,-0.00923535702022491,294.057111565272,0.31901584267616273,0.010633458060328848,0.13025716145833333,0.2847850024700165,0.0
191,782336,1654.5,251.93322895226692,0.72,0.28,98.44,189.38724388807623,246.20230522163607,0.6,0.4,77.56666666666666,10.235648779074351,161.46553247769674,-0.013884508718426029,322.9607502301534,0.31927916457255684,0.01093856325217833,0.14075520833333333,0.2832277715206146,0.0
192,786432,1654.2,240.22114959185376,0.7,0.3,95.0,209.31689065990108,247.28267570569267,0.6333333333333333,0.36666666666666664,93.9,12.660950263341268,74.8365984916687,-0.014698513375376077,149.7044309840483,0.3063048152362599,0.012945137204438009,0.16190257352941176,0.28174155950546265,1.0
193,790528,1656.6,222.57439763418517,0.66,0.34,89.62,190.5401519585482,241.61338830454312,0.6,0.4,76.13333333333334,10.4305091381073,334.3530667622884,0.009131019003689289,668.6896921793619,0.30103884140650433,0.01721885447235157,0.18033854166666666,0.28158533573150635,1.0
194,794624,1656.8,163.8805039488514,0.54,0.46,86.76,145.5598509193679,253.36549550105818,0.5,0.4666666666666667,99.7,12.936851127942402,89.8516474297519,-0.016911596542627718,179.73895357720863,0.3056449340785154,0.012406311026873059,0.1532258064516129,0.28305304050445557,1.0
195,798720,1656.7,243.57280063278301,0.7,0.3,92.42,257.25025406594347,224.38829660274666,0.7333333333333333,0.26666666666666666,74.76666666666667,10.527736854553222,144.51345466772716,-0.00944756978424266,289.0475974559784,0.29908434202273687,0.01180210454040207,0.1416015625,0.27938517928123474,0.0
196,802816,1656.5,217.67635526253048,0.66,0.34,90.44,256.17532748341347,227.80625050435782,0.7333333333333333,0.26666666666666666,92.93333333333334,12.081612100203833,170.1592054409451,-0.014811372376150555,340.3497324964735,0.28275344954596626,0.010006467197090387,0.1326388888888889,0.27935361862182617,1.0
197,806912,1655.9,258.870089012851,0.74,0.26,99.4,188.95142755769479,249.28388670265485,0.6,0.4,101.1,13.03025190035502,83.17192229684794,-0.016182676056522946,166.37792387548484,0.2856376334181372,0.01285825996936457,0.15846108490566038,0.2791825532913208,1.0
198,811008,1656.1,152.7579293499637,0.52,0.48,92.26,209.83263745580555,245.00912841162838,0.6333333333333333,0.36666666666666664,72.23333333333333,10.443360074361165,113.82363494237264,-0.017525604171290374,227.6840546131134,0.28893681714932123,0.010213495383504778,0.13473307291666667,0.28101497888565063,0.0
199,815104,1656.4,224.17502828311774,0.66,0.34,90.6,280.3444528170006,213.39387999487158,0.7666666666666667,0.23333333333333334,90.83333333333333,12.980904055635134,150.24475876490274,-0.012878723467777794,300.51705169677734,0.2963571031888326,0.008119222356860216,0.10309244791666666,0.2804379463195801,0.0
200,819200,1656.1,221.09150209938295,0.66,0.34,87.1,224.50662106264951,235.369466152577,0.6666666666666666,0.3333333333333333,94.03333333333333,12.521776396036149,111.72863619851425,-0.012393424606927975,223.48381128011798,0.2918943434018191,0.010380842870168154,0.1319366591928251,0.2805578112602234,1.0
201,823296,1657.5,209.0054588866046,0.64,0.36,82.48,195.4595300128106,244.20362972621106,0.6,0.36666666666666664,89.63333333333334,12.267660240332285,481.6234944661458,-0.002822454630707701,963.2543690999349,0.2938053409258525,0.014811542797057578,0.13444010416666666,0.2804468274116516,1.0
202,827392,1657.2,252.54106654366166,0.72,0.26,94.9,228.24112222696783,243.384602140694,0.6666666666666666,0.3333333333333333,96.03333333333333,12.56449367205302,107.27788792848587,-0.010194581248409424,214.5779479344686,0.296901968618234,0.010155103409003156,0.12760416666666666,0.28135550022125244,0.0
203,831488,1657.8,244.7026959332326,0.7,0.28,109.96,126.47593385861678,253.18598881689576,0.4666666666666667,0.5333333333333333,80.36666666666666,10.41303110520045,119.30887140103472,-0.007884355731369034,238.63527217337756,0.29349551355935694,0.009823390763495268,0.12719131097560976,0.2790004014968872,1.0
204,835584,1658.0,209.24694114328742,0.64,0.36,88.58,188.60793231004422,242.99370408358476,0.6,0.4,76.23333333333333,9.939443015058835,86.18776382207871,-0.01029703818494454,172.39785601298016,0.28917211343844734,0.013154538008772457,0.16181640625,0.2815828323364258,0.0
205,839680,1658.7,223.54749468312662,0.66,0.34,102.22,224.41961846928774,238.3422370031333,0.6666666666666666,0.3333333333333333,71.93333333333334,10.28519783814748,98.24436248382392,-0.00941447654572138,196.50934678006035,0.29873118235196683,0.012598382267358071,0.16013367052023122,0.28032684326171875,1.0
206,843776,1658.1,219.12488579676244,0.66,0.34,77.96,237.49754509207148,230.53704792275352,0.7,0.3,94.76666666666667,11.703407025337219,157.78701371351877,-0.015164951971382835,315.606130472819,0.2955362796783447,0.011737325560534372,0.149169921875,0.28130531311035156,0.0
207,847872,1658.2,235.14283720397444,0.68,0.3,89.62,293.95809204115017,201.49117689458149,0.8,0.2,83.36666666666666,11.240285877386729,135.82531618035358,-0.011599796080111486,271.67563385894334,0.29953761549963465,0.01155594452554225,0.13884171195652173,0.280897855758667,1.0
208,851968,1658.5,217.93877713112175,0.66,0.34,92.96,232.5165730903277,230.08844855909348,0.6666666666666666,0.3,97.5,13.061978502571582,98.70614787847688,-0.015442123922454839,197.44495441889998,0.29620988593243136,0.012476531238903726,0.15791305693069307,0.28042861819267273,1.0
209,856064,1658.5,254.4317531952471,0.72,0.26,103.3,226.01107366727865,239.65600304655155,0.6666666666666666,0.3333333333333333,86.4,11.652313983440399,147.52740399837495,-0.012442993357156713,295.0814232508341,0.2882183988889058,0.009171397162329715,0.12213541666666666,0.2787468433380127,0.0
210,860160,1658.1,184.4537362729279,0.58,0.42,81.9,247.8532842689127,228.69673962639686,0.7,0.26666666666666666,104.06666666666666,14.447204820315044,95.08197243848637,-0.013537007398042247,190.1926636336437,0.2738283926518119,0.012481714115623179,0.15340373743718594,0.27640366554260254,1.0
211,864256,1657.8,184.375106336649,0.58,0.42,77.24,173.34700409866375,250.36185862533594,0.5666666666666667,0.4,102.1,13.0852117617925,105.56395890495993,-0.010317257973259653,211.1501415642825,0.26491960747675464,0.011405041287864813,0.1420010653409091,0.2764846086502075,1.0
212,868352,1657.8,206.1497891480545,0.62,0.36,92.34,242.86224852008328,231.26293180793346,0.7,0.3,85.36666666666666,11.560786453882853,110.168159921964,-0.015545757729948187,220.36900458335876,0.26581932107607525,0.01180724749477425,0.1451171875,0.27602899074554443,0.0
213,872448,1658.3,251.50390661626915,0.72,0.28,86.48,237.138179531948,231.6101500468289,0.7,0.3,79.33333333333333,10.568817309538524,89.08017150561015,-0.013875419921532739,178.18960320949554,0.25148423699041206,0.01313921129622031,0.16123453776041666,0.2727283835411072,1.0
214,876544,1658.6,246.8308216797629,0.7,0.26,93.78,173.56644432593905,254.2080256187879,0.5666666666666667,0.43333333333333335,86.13333333333334,11.808353233337403,112.52134362856548,-0.013172313827089966,225.0703989505768,0.2279719094435374,0.012132710299920291,0.15458984375,0.26958394050598145,0.0
215,880640,1658.7,251.09799545516643,0.72,0.28,80.92,245.57250654272008,229.9927351734315,0.7,0.3,99.56666666666666,13.074601737658183,141.84584694008552,-0.015913307503431413,283.7248309469972,0.21865062439004787,0.011174769489416434,0.14064545157068062,0.27069270610809326,1.0
216,884736,1658.4,254.152006140266,0.72,0.26,95.14,138.1133460530276,251.28215309937826,0.5,0.5,74.8,9.97304478486379,75.42152214447657,-0.013130092188172663,150.8706280152003,0.22059759646654128,0.012761901548947208,0.16220703125,0.2700313925743103,0.0
217,888832,1658.7,222.9933134537292,0.66,0.34,86.06,205.38101664939683,244.8019027740505,0.6333333333333333,0.36666666666666664,85.83333333333333,11.049391690889994,77.92317429972437,-0.016847821809061914,155.88137810464968,0.22229532874309954,0.012612348223356,0.15977169689119172,0.2703292965888977,1.0
218,892928,1658.6,237.61531198205202,0.7,0.3,103.14,194.04854891556369,248.00907888145503,0.6,0.4,77.8,10.37106265227,85.44142277472842,-0.014296577775653088,170.91283673311756,0.23269470814055046,0.014182947951047558,0.17598866150442477,0.27413398027420044,1.0
219,897024,1659.2,219.93892473857366,0.66,0.34,89.04,174.07789773380563,252.25405096600488,0.5666666666666667,0.43333333333333335,76.53333333333333,10.721057933568954,140.28935363938137,-0.011847808280476055,280.60392242768853,0.2525984450598448,0.013047838561720529,0.16039364640883977,0.2744593620300293,1.0
220,901120,1659.3,179.40494177753763,0.58,0.4,92.58,225.6962592542678,238.8154449354179,0.6666666666666666,0.3333333333333333,68.13333333333334,9.821915523211162,109.91426105101904,-0.00890932286468645,219.8478253364563,0.24734517435232797,0.010022488714700255,0.13004557291666666,0.2733815312385559,0.0
221,905216,1659.2,224.09418911111297,0.66,0.34,78.08,344.3895585291004,151.8384196048278,0.9,0.1,96.66666666666667,12.637908601760865,128.4287710832746,-0.00942730755686467,256.87782585486934,0.23798395341701722,0.00973980251589811,0.11857004915730338,0.2714694142341614,1.0
222,909312,1659.6,270.22156906027254,0.76,0.24,89.68,225.05155093146445,239.52933967377754,0.6666666666666666,0.3333333333333333,88.23333333333333,11.422204547127087,108.06447705078125,-0.004905694236978888,216.14012756347657,0.22682494831085204,0.010780703246593476,0.13125,0.2704103887081146,1.0
223,913408,1659.0,217.71497781938473,0.64,0.32,101.84,261.06963272938236,226.30300860145977,0.7333333333333333,0.26666666666666666,82.36666666666666,11.524248917897543,88.80781081120173,-0.011726416979217901,177.64039804140728,0.22014687607685726,0.011986287445567238,0.15289713541666666,0.27008354663848877,0.0
224,917504,1658.2,274.4244799974746,0.76,0.22,110.66,277.52862435934617,212.81023278127637,0.7666666666666667,0.2,116.03333333333333,15.551046613852183,91.08489660024642,-0.01832408463039125,182.2077513138453,0.218191630144914,0.014352173127311593,0.17301432291666666,0.269992858171463,0.0
225,921600,1658.9,257.57913433227077,0.72,0.28,96.84,210.7758149897266,250.0861614713344,0.6333333333333333,0.36666666666666664,81.1,11.298217550913494,154.03918748614433,-0.008000944556411484,308.0956540162536,0.21349690494866208,0.013476497873706722,0.15786637931034483,0.26838985085487366,1.0
226,925696,1658.7,292.5224947280681,0.8,0.2,85.02,189.2426974931804,247.16230427594593,0.6,0.4,91.26666666666667,11.746527584393819,158.5983236392339,-0.012892468497739173,317.22363527615863,0.20140026956796647,0.011527205061671946,0.14283854166666668,0.2664039134979248,0.0
227,929792,1658.3,277.20003562179085,0.76,0.22,104.54,248.04136551647608,225.4115352622849,0.7,0.26666666666666666,102.16666666666667,13.099263179302216,118.62032013149052,-0.006543246092105919,237.25482496324477,0.18259847098654444,0.011337069785580613,0.1388435782967033,0.26349785923957825,1.0
228,933888,1658.6,293.78083743423747,0.8,0.2,88.24,188.0663107601514,249.61108983534118,0.6,0.4,82.3,10.7786940574646,115.33657426834107,-0.008671693694001685,230.6914782524109,0.16384229958057403,0.011823659797664731,0.14420572916666666,0.261685848236084,1.0
229,937984,1658.8,193.04173467826612,0.6,0.4,88.82,227.12627955154719,238.85981480822366,0.6666666666666666,0.3,103.33333333333333,12.715406195322673,140.86039084604343,-0.007241538846992875,281.7361811807711,0.15311378077284932,0.010540057897044677,0.12954837328767124,0.2614743709564209,1.0
230,942080,1659.2,234.78602190712212,0.68,0.32,93.48,240.2809694456199,226.79801360482415,0.7,0.3,78.0,10.561379154523214,154.93635935899687,-0.00956494041942855,309.8927554851625,0.15101399581606795,0.010839280807242797,0.1335985137195122,0.2604852616786957,1.0
231,946176,1660.1,274.92588817292193,0.76,0.22,93.28,193.9958745741593,250.0636861361535,0.6,0.4,72.73333333333333,10.762928573290507,139.94774004255024,-0.011984329601483686,279.9203346906389,0.147982576915196,0.010222051231456654,0.12966517857142856,0.26190656423568726,1.0
232,950272,1660.5,180.74950222714196,0.58,0.42,85.88,256.717093021933,224.52619273912308,0.7333333333333333,0.26666666666666666,95.03333333333333,12.651392491658529,128.4067713546753,-0.009538352163508535,256.83357935587566,0.15982086817423502,0.010684656095691025,0.129921875,0.26225757598876953,1.0
233,954368,1660.8,222.86174749520572,0.66,0.34,88.2,294.8564927341642,208.63506362684365,0.8,0.2,91.56666666666666,12.848728958765665,119.40821554075997,-0.00850838862956976,238.83439314740258,0.15710214024069924,0.010328506599854,0.12873427672955975,0.2615852355957031,1.0
234,958464,1661.1,210.52736981638307,0.64,0.36,84.5,163.49374806583356,247.49236920695876,0.5333333333333333,0.43333333333333335,89.96666666666667,12.325079363584518,101.49115420776664,-0.013143270167983273,203.00955280748386,0.1598918206483415,0.013365872747951991,0.16436589805825244,0.2631657123565674,1.0
235,962560,1661.0,213.66501055040968,0.64,0.36,88.74,248.9572125882597,219.4636086607383,0.7,0.23333333333333334,113.26666666666667,13.160741058985392,88.17932663479367,-0.010798691063364212,176.3812732902733,0.17037500368582237,0.013286953604452915,0.16830658783783783,0.26524442434310913,1.0
236,966656,1662.1,202.80474549235146,0.62,0.38,102.38,173.9462905298538,248.707119476816,0.5666666666666667,0.4,99.73333333333333,13.499881045023601,579.1063435872396,-0.0018028731147448221,1158.2173990885417,0.18269464174906414,0.015184334510316451,0.17291666666666666,0.26544293761253357,1.0
237,970752,1662.0,213.62485845021158,0.64,0.34,87.2,224.76479489503618,235.36652854480133,0.6666666666666666,0.3333333333333333,89.06666666666666,11.564678963025411,100.2101290950691,-0.010940785105401724,200.44322549088935,0.1809300278777068,0.010458937576368845,0.12797700991189428,0.2646580934524536,1.0
238,974848,1661.6,221.94487469742745,0.66,0.34,90.32,210.66271988289947,244.26065877519056,0.6333333333333333,0.36666666666666664,81.96666666666667,11.410942786931992,106.21167373657227,-0.010186764147681987,212.44472994123186,0.168491438786555,0.01121010977135379,0.14409922235023043,0.262114554643631,1.0
239,978944,1661.8,279.20674961953375,0.76,0.22,92.1,259.70325004034123,220.43288220087703,0.7333333333333333,0.26666666666666666,92.16666666666667,12.59926651318868,112.01597374056014,-0.0068803237189761605,224.0466159984378,0.15157036547280528,0.009514459006008377,0.11709164110429447,0.26054054498672485,1.0
240,983040,1661.8,185.8324026559729,0.58,0.4,93.18,198.5192963296735,245.93119488953204,0.6,0.36666666666666664,97.56666666666666,13.503280041615168,115.0209265156796,-0.012203122329849162,230.0670808490954,0.13706719122434918,0.01060677374419021,0.13735608552631579,0.2578393518924713,1.0
241,987136,1661.6,289.1248739902216,0.8,0.2,103.94,215.0036967267036,238.53294695653406,0.6333333333333333,0.3333333333333333,98.43333333333334,12.757312254110973,92.28424305915833,-0.00997208470556264,184.5891564130783,0.12100034306446711,0.011792985205344546,0.14850260416666666,0.2569665312767029,0.0
242,991232,1661.2,253.4956920724661,0.72,0.28,77.5,285.5071204304687,203.31589340659215,0.7666666666666667,0.16666666666666666,111.66666666666667,14.361541946729025,114.27571763518107,-0.01359736266962731,228.5793640389627,0.1218704347452406,0.013096526091486134,0.1640193370165746,0.2577506899833679,1.0
243,995328,1661.9,216.5218875006625,0.64,0.34,92.9,190.58341857593953,248.95411455998655,0.6,0.4,79.3,10.901745855808258,130.24644140763715,-0.009335922830470019,260.51227907700974,0.12117570367726413,0.012871113124261186,0.16471354166666666,0.25667205452919006,1.0
244,999424,1662.2,187.1543780159323,0.58,0.38,107.38,228.85305261273672,230.69837610673122,0.6666666666666666,0.3,88.76666666666667,12.06374933719635,141.04377617946892,-0.00886542155667273,282.105959470882,0.11329173279363056,0.012089519229511795,0.14737009447674418,0.25549793243408203,1.0
245,1003520,1662.3,263.06189156502313,0.74,0.26,89.04,296.0757805907962,203.83916470766434,0.8,0.2,94.83333333333333,13.285899156332016,107.05404046192261,-0.01026114479949077,214.12918264969537,0.09691494444142217,0.012401560711750878,0.14839975845410627,0.2528597116470337,1.0
246,1007616,1662.3,270.18365696630843,0.76,0.24,81.78,246.72448025683647,235.59111211996034,0.7,0.3,103.33333333333333,13.641983546813329,89.87457218073835,-0.013219861706455399,179.77605411259816,0.078300861999242,0.014239966876409722,0.1730389835858586,0.25045260787010193,1.0
247,1011712,1661.8,260.0898742768315,0.74,0.26,85.94,228.40255677334642,231.7414964094552,0.6666666666666666,0.3,110.16666666666667,14.36233630180359,86.99184163726203,-0.010317278092284457,174.00472156600196,0.06729573070412816,0.012843810834479288,0.15756497524752475,0.25002267956733704,1.0
248,1015808,1663.1,274.5598993441673,0.76,0.24,91.32,260.5344747634005,218.66132283045843,0.7333333333333333,0.26666666666666666,87.33333333333333,12.036464174588522,397.0410390218099,0.017595174691329398,794.047265625,0.06440518697102865,0.0148527463277181,0.16171875,0.25009745359420776,1.0
249,1019904,1664.1,223.93590778601717,0.66,0.34,98.8,227.24967597818784,234.0289184904566,0.6666666666666666,0.3333333333333333,82.26666666666667,11.2542782386144,138.22693356364763,-0.012615328619801471,276.4794970142598,0.06708841502261,0.009032055349120882,0.11734693877551021,0.2507316768169403,1.0
250,1024000,1664.2,252.5774445452185,0.72,0.28,97.46,226.7594013048401,227.8625717255878,0.6666666666666666,0.3,101.66666666666667,13.082704734802245,115.65967538414932,-0.011346723012081006,231.34241547003026,0.06180433412877525,0.011358796035098593,0.14075838414634145,0.24864348769187927,1.0
251,1028096,1664.2,195.35340102953157,0.6,0.38,96.78,257.4086533884826,223.61216223713592,0.7333333333333333,0.26666666666666666,89.1,11.477056709925334,183.2504423836063,-0.007293065867219874,366.51580889927857,0.05623418885159355,0.009746885157292547,0.11836163294797687,0.24948319792747498,1.0
252,1032192,1665.3,224.1974492219639,0.66,0.3,105.54,308.04581919027225,187.94937332440014,0.8333333333333334,0.16666666666666666,103.93333333333334,13.646408486366273,371.86402021135603,0.014554479225937809,743.6992972237723,0.061393448284694126,0.01390338858722576,0.15262276785714285,0.24963314831256866,1.0
253,1036288,1665.3,221.48246035770677,0.66,0.34,88.16,207.7461388265411,241.96878420254765,0.6333333333333333,0.36666666666666664,82.26666666666667,11.149964483579,135.60003372033438,-0.013862292371535053,271.22813371022545,0.05684788872798284,0.01047302823960005,0.13610026041666667,0.2477981448173523,0.0
254,1040384,1666.7,193.51077530000146,0.6,0.4,78.0,210.8331978144219,239.50574899261449,0.6333333333333333,0.36666666666666664,91.36666666666666,12.56453898747762,483.73727162679035,0.013761140561352173,967.4473114013672,0.04703375697135925,0.016112446105883766,0.15462239583333334,0.2477182298898697,1.0
255,1044480,1667.2,132.0448653431107,0.48,0.5,96.4,189.0612500797443,249.94950088568658,0.6,0.4,72.66666666666667,9.547070491313935,198.7678967228642,-0.0180249262093591,397.5721563914465,0.051914106601129766,0.010477498441037757,0.13128306878306878,0.2495264708995819,1.0
256,1048576,1666.6,237.2157808235171,0.68,0.28,101.44,210.79807671826322,242.55892834782242,0.6333333333333333,0.36666666666666664,109.06666666666666,14.751758241653443,122.30347820123036,-0.016006609022345703,244.6393086115519,0.056593454380830126,0.011741387282381766,0.15071614583333334,0.24789947271347046,0.0
257,1052672,1667.2,210.97502261723469,0.64,0.36,91.96,208.00873982440604,239.64353375850396,0.6333333333333333,0.3333333333333333,88.96666666666667,11.38960607846578,128.42938137054443,-0.005806935073937787,256.87065505981445,0.046427299810010335,0.009847708189924963,0.12368277616279069,0.2475185990333557,1.0
258,1056768,1668.6,222.48684752332295,0.66,0.34,88.46,241.74691767657978,230.3259924509703,0.7,0.3,92.83333333333333,12.775326712926228,294.8462125338041,0.017463311051520016,589.6577570988582,0.04519080198728121,0.014488850057554932,0.17097355769230768,0.24760276079177856,1.0
259,1060864,1668.9,215.45475007043657,0.64,0.34,90.9,221.35285201072472,239.07737454672468,0.6666666666666666,0.3333333333333333,95.86666666666666,12.314859398206075,109.07699379776463,-0.00841710790215681,218.17113191431218,0.051549512328523575,0.010885350388531206,0.13355232007575757,0.2496074140071869,1.0
260,1064960,1668.7,236.47003445056168,0.68,0.26,113.1,245.64622071321784,233.71780632806156,0.7,0.3,89.36666666666666,12.289815809329351,163.82537199484335,-0.011146940411748112,327.67339823954813,0.06032833988602097,0.012627654897703513,0.15872043918918918,0.24836114048957825,1.0
261,1069056,1668.2,237.22263747140326,0.68,0.3,100.32,292.8765827914919,201.7613452886496,0.8,0.2,93.3,13.020885388056437,139.26902415752411,-0.013864633347839116,278.5660358587901,0.04299321224292119,0.012509592943630802,0.158056640625,0.24602475762367249,0.0
262,1073152,1669.0,172.06731944836608,0.56,0.42,93.24,205.05653857156307,244.0310137632324,0.6333333333333333,0.36666666666666664,92.7,12.040233939886093,131.27975033311282,-0.007434013138716931,262.57455887514004,0.031981952050152945,0.009945170904222108,0.12250114889705882,0.24616014957427979,1.0
263,1077248,1670.2,192.00448283538447,0.6,0.38,104.16,144.80070226066078,249.7424257139869,0.5,0.4666666666666667,88.56666666666666,11.778552051881949,458.908935546875,0.004670053534209728,917.808740234375,0.03306137323379517,0.015432012011297047,0.175390625,0.24613529443740845,1.0
264,1081344,1670.8,203.79310309878173,0.62,0.38,98.88,222.18356754603573,235.6342578401615,0.6666666666666666,0.3333333333333333,81.03333333333333,10.243388247489928,100.9744605022928,-0.011081790673020094,201.97128262727156,0.03316977749700132,0.011169259298754775,0.12849864130434782,0.2459418773651123,1.0
265,1085440,1671.4,243.19943740707095,0.7,0.3,114.28,229.9175182487975,235.5510639304002,0.6666666666666666,0.3,98.1,11.611140767733255,118.31309192521232,-0.007359195172154743,236.64109015464783,0.031435140541621616,0.01279201299725433,0.15890066964285715,0.2463277280330658,1.0
266,1089536,1672.1,211.9247795427176,0.64,0.34,108.82,196.0132674197425,247.16011838118678,0.6,0.4,84.66666666666667,11.626102744042873,148.91020653953015,-0.01152052662440274,297.843703901264,0.041551796483321926,0.010870946964747469,0.13413292253521128,0.24766920506954193,1.0
267,1093632,1672.1,182.90155561123308,0.58,0.42,91.4,277.4758916133946,216.93442139560597,0.7666666666666667,0.23333333333333334,92.96666666666667,13.015809949239095,114.40217547946506,-0.010023950309997875,228.82467853321748,0.046758446038938035,0.011742352996496301,0.1488970588235294,0.24834853410720825,1.0
268,1097728,1672.0,191.05966004431446,0.6,0.4,81.52,262.07118616725114,225.29096839238878,0.7333333333333333,0.26666666666666666,102.0,13.93336825768153,103.1175134105067,-0.014143024195706653,206.2635869496429,0.04564891542707171,0.013248958423184359,0.16667266705069125,0.24701911211013794,1.0
269,1101824,1673.2,264.71318045954257,0.74,0.26,81.82,323.79165897293007,172.2705157860215,0.8666666666666667,0.13333333333333333,101.1,13.507122858365376,332.07311164008246,0.015018559164471097,664.116431342231,0.04074422518412272,0.011889736970058747,0.1384548611111111,0.2469935417175293,1.0
270,1105920,1674.1,263.3732477442943,0.74,0.26,97.38,207.69776843837153,247.64674427846617,0.6333333333333333,0.36666666666666664,84.13333333333334,11.661612542470296,105.55190235025742,-0.010353465276934645,211.12478003782385,0.044704341713119954,0.010749018228927846,0.13384650735294118,0.24844500422477722,1.0
271,1110016,1674.1,233.3228650503942,0.68,0.32,94.86,145.0071831323475,250.26362538459458,0.5,0.4666666666666667,94.83333333333333,11.687911864121755,120.44544049267355,-0.013981591423199465,240.9191300901648,0.048250812373749195,0.012421228470000094,0.1553224885844749,0.24661073088645935,1.0
272,1114112,1675.3,217.87049011936176,0.64,0.32,100.28,210.0925191996556,244.1203063951489,0.6333333333333333,0.36666666666666664,90.06666666666666,12.921724939346314,451.5538152058919,-0.004766568075865507,903.1173960367838,0.03742026289304098,0.015479901204040894,0.17122395833333334,0.24655842781066895,1.0
273,1118208,1676.2,265.2733537869553,0.74,0.24,98.16,222.19596678526239,239.3302516206877,0.6666666666666666,0.3333333333333333,87.8,12.175300208727519,132.45668771531848,-0.008041621668747178,264.9296683558711,0.03493298093477885,0.008823898942123546,0.10543258101851852,0.2453850954771042,1.0
274,1122304,1676.8,305.0708967654576,0.82,0.16,94.54,175.14955543693569,247.2942375426375,0.5666666666666667,0.4,89.76666666666667,10.314378197987875,117.68799893910648,-0.010256984964269036,235.39666229713964,0.024824615653234582,0.011153813138717914,0.1421457538167939,0.24476292729377747,1.0
275,1126400,1677.0,242.8339651924098,0.7,0.28,96.04,255.9540942351243,232.83932876666688,0.7333333333333333,0.26666666666666666,87.2,12.411460081736246,100.09541139273809,-0.007978761041986531,200.20690983739394,0.021583015343238567,0.014412737583163483,0.17473060344827587,0.24517759680747986,1.0
276,1130496,1677.2,223.30175356325307,0.66,0.34,94.86,176.55055981570462,251.0789668492276,0.5666666666666667,0.43333333333333335,90.73333333333333,12.196188441912334,136.76265594694348,-0.008057314795829976,273.541572994656,0.024013655053244695,0.012569348238887161,0.1559787326388889,0.24399559199810028,1.0
277,1134592,1678.5,193.53619808979496,0.6,0.38,89.58,198.37777918272303,244.03235467695916,0.6,0.36666666666666664,104.76666666666667,14.158741529782613,410.4462829589844,0.01161124495168527,820.8694295247395,0.015175739924112955,0.016266860828424493,0.1734375,0.24377009272575378,1.0
278,1138688,1678.1,234.69161656646315,0.68,0.28,97.5,229.61972487323945,240.6943148446196,0.6666666666666666,0.3,112.63333333333334,15.228623086214066,135.66861626062638,-0.012137158550560856,271.36155775021285,0.008963292072980833,0.013049058342734591,0.1622596153846154,0.24160684645175934,1.0
279,1142784,1678.3,224.51484031283525,0.66,0.34,83.78,226.25076234724804,235.26428481067066,0.6666666666666666,0.3333333333333333,79.56666666666666,10.608572999636332,93.4495536104838,-0.00998654581916829,186.91909582773843,0.0027913268407185874,0.013234494120503466,0.15549479166666666,0.24325427412986755,1.0
280,1146880,1679.4,204.21146888685772,0.62,0.38,89.28,265.78149253249967,219.5781943917576,0.7333333333333333,0.23333333333333334,92.13333333333334,13.063235449790955,301.85356695001775,0.014319757465273142,603.678544477983,0.010547757148742676,0.015240869760005311,0.16086647727272727,0.24328899383544922,1.0
281,1150976,1680.2,204.13490269180446,0.62,0.36,85.0,314.4096542112714,191.13845254098823,0.8333333333333334,0.16666666666666666,99.23333333333333,13.950474500656128,111.01888512276314,-0.006187776263031337,222.05019646721917,0.008248785594562153,0.011581534870086355,0.13788006756756757,0.24259528517723083,1.0
282,1155072,1680.5,190.9724391055739,0.6,0.4,85.76,240.44283400814206,231.1799708269673,0.7,0.3,99.73333333333333,13.144391437868277,126.33860266583521,-0.009083098960372637,252.69542588527847,0.008470664234281337,0.014182257660775908,0.17816430817610063,0.2435089647769928,1.0
283,1159168,1680.8,231.7749827594081,0.68,0.32,90.88,165.53881817273532,245.76947637193237,0.5333333333333333,0.43333333333333335,101.86666666666666,12.780688854058583,145.72789666748048,-0.008312302207574248,291.4725145874023,0.016237326622009277,0.01221054846048355,0.1526875,0.245071679353714,1.0
284,1163264,1681.5,236.46187093653614,0.68,0.3,102.56,241.85673723440226,235.82594515112322,0.7,0.3,83.06666666666666,11.363854297002156,131.90786311138106,-0.0014366640496146247,263.8187604237752,0.026572373976190406,0.013539669322725162,0.16665097891566266,0.24519690871238708,1.0
285,1167360,1682.0,202.39278563739416,0.62,0.38,75.94,225.2556963606662,235.09850504513523,0.6666666666666666,0.3333333333333333,89.63333333333334,11.849491890271505,171.74313674538823,-0.009845631497012357,343.5061398522329,0.0289955795821497,0.00911165934284928,0.11831302966101695,0.24638183414936066,1.0
286,1171456,1682.3,212.84250106169284,0.64,0.36,83.32,275.7132034416036,213.1341288127261,0.7666666666666667,0.23333333333333334,73.46666666666667,10.508131114641825,119.02307262528414,-0.01104087392552256,238.0684566390043,0.037804012918202894,0.012322041365228551,0.1509092514124294,0.24713659286499023,1.0
287,1175552,1682.7,201.48943814481933,0.62,0.38,91.16,309.57165063773647,186.91519665946706,0.8333333333333334,0.16666666666666666,78.3,10.707843967278798,127.38995761620372,-0.010794569536014214,254.80170425615813,0.03332876061138354,0.011180395848656955,0.14501953125,0.24466416239738464,1.0
288,1179648,1682.0,206.70744100777227,0.62,0.36,93.72,172.14304667566157,249.30017882132992,0.5666666666666667,0.43333333333333335,84.16666666666667,11.47081724802653,142.53137786388396,-0.018678469395187372,285.1002544879913,0.023841296136379243,0.01034133996872697,0.13455403645833333,0.24547433853149414,0.0
289,1183744,1682.1,281.9063554734002,0.78,0.22,90.76,190.63152296922505,246.45762593339276,0.6,0.4,76.4,9.689950879414877,115.74293854429915,-0.011275313885857325,231.50858631649533,0.026660259511019732,0.011509168839610711,0.13819679054054054,0.24528104066848755,1.0
290,1187840,1683.7,259.62658803499943,0.74,0.26,102.08,123.73102607141347,250.44657701199907,0.4666666666666667,0.5333333333333333,79.73333333333333,10.78821500937144,477.7030334472656,0.004544989629225297,955.3971502130681,0.02597355842590332,0.015352746471762657,0.1612215909090909,0.24518659710884094,1.0
291,1191936,1683.7,208.65746534550436,0.64,0.36,82.26,189.4944361216914,249.4827493300172,0.6,0.4,87.93333333333334,11.996853923797607,107.13207955360413,-0.010034059623086995,214.2843784418973,0.02541176730936224,0.012951783763922073,0.1582919034090909,0.24536597728729248,1.0
292,1196032,1683.8,241.2332114995742,0.7,0.28,96.0,257.7964305313143,226.27728287183328,0.7333333333333333,0.26666666666666666,86.23333333333333,11.956414079666137,111.25997335623696,-0.011955655043388849,222.54399166806206,0.022337075927494707,0.0127393568741616,0.16054482984293195,0.24374207854270935,1.0
293,1200128,1683.7,212.11554969915986,0.64,0.36,93.44,209.4339346160397,245.48903738129536,0.6333333333333333,0.36666666666666664,84.46666666666667,11.379018505414328,96.55880277912792,-0.00878161976182061,193.13523162283548,0.010533745695904987,0.014110433661787793,0.16558689024390244,0.2426002323627472,1.0
294,1204224,1683.9,263.0342098607136,0.74,0.24,97.78,223.58663103859072,234.65392538978332,0.6666666666666666,0.3333333333333333,84.33333333333333,11.068820778528849,89.79702171605295,-0.013587351373996566,179.6211891374039,-0.004341634780324567,0.012532317021091258,0.15526832460732984,0.24041026830673218,1.0
295,1208320,1683.8,196.77156888386355,0.62,0.38,96.6,210.75057885566306,244.2675766461894,0.6333333333333333,0.36666666666666664,92.8,12.66091152826945,134.67929521401723,-0.011381983361206948,269.38132088979086,-0.0058669467767079675,0.012977145387170215,0.16541341145833333,0.2422163337469101,0.0
296,1212416,1683.8,193.80703102929277,0.6,0.38,92.56,257.36823233852135,228.27953591007744,0.7333333333333333,0.26666666666666666,91.16666666666667,12.473743438720703,115.31381097273393,-0.013785364314786752,230.65522558038884,0.005977466431531039,0.01334704816426066,0.16058238636363636,0.24339649081230164,1.0
297,1216512,1685.0,180.39789381189658,0.58,0.42,84.92,288.8361505870592,199.4180305306388,0.8,0.2,82.23333333333333,10.714667253941297,658.7835591634115,0.0050924671813845634,1317.5570424397786,0.011668841044108072,0.013962767086923122,0.17122395833333334,0.24344772100448608,1.0
298,1220608,1684.9,198.8423857999777,0.62,0.38,99.12,136.57942437491826,254.74230160939513,0.5,0.5,91.96666666666667,11.973284339904785,145.7698609476854,-0.014517945795465372,291.56881589929765,0.009990784689343932,0.012323882221538998,0.1500362605485232,0.24291059374809265,1.0
299,1224704,1684.7,199.262578575328,0.62,0.36,104.3,193.22491244802308,245.7533728485829,0.6,0.4,88.46666666666667,11.456219323476155,181.69110789299012,-0.011359982386541864,363.4049540837606,0.0029323592782020567,0.00972483203416535,0.12361653645833333,0.24160027503967285,0.0
300,1228800,1684.4,210.09278087646598,0.64,0.36,99.18,231.84990575901057,233.54896645000605,0.6666666666666666,0.3,117.3,13.567658837636312,167.5937543153763,-0.012724260851973668,335.21293234825134,-0.005127700418233872,0.01064517376362346,0.1263427734375,0.24129334092140198,1.0
301,1232896,1684.4,217.08814606266967,0.64,0.34,98.88,159.57896366610902,251.8864514945627,0.5333333333333333,0.4666666666666667,77.7,10.829177739222844,194.0967367331187,-0.014551899229021122,388.222522131602,-0.009201974173386892,0.009999453671237763,0.12457682291666666,0.24101251363754272,0.0
302,1236992,1684.0,197.11924898619793,0.6,0.38,100.66,211.96219379311742,245.14288660943325,0.6333333333333333,0.36666666666666664,85.73333333333333,12.272572803497315,102.08358707508458,-0.013688794193781504,204.1945248374456,-0.004164354710639278,0.012159433948732755,0.15514570147679324,0.24227532744407654,1.0
303,1241088,1684.3,245.08039505434914,0.7,0.28,102.38,277.55421325975084,213.41181103190667,0.7666666666666667,0.23333333333333334,100.76666666666667,14.337736916542053,113.16713084468135,-0.007534432207682618,226.3493278503418,-9.944792147035951e-05,0.013569602846271463,0.17178819444444443,0.24165712296962738,1.0
304,1245184,1685.6,222.29558076756967,0.66,0.32,102.7,108.1008030617154,250.82448671486713,0.43333333333333335,0.5666666666666667,71.5,9.565169756611189,404.54592677525113,0.009489823997552906,809.0728716169085,-0.002819878714425223,0.014890805834771268,0.16824776785714285,0.24169234931468964,1.0
305,1249280,1685.9,236.38968266207328,0.68,0.3,103.06,205.25015781415942,248.78651156318944,0.6333333333333333,0.36666666666666664,94.0,12.201142513751984,148.11915665864944,-0.010256358390324748,296.25880324840546,-0.0037058286368846895,0.011747110198484734,0.14501953125,0.24116647243499756,1.0
306,1253376,1685.9,193.12956909431398,0.58,0.36,118.8,177.74014189488864,246.4759868503561,0.5666666666666667,0.4,98.9,12.815544692675273,206.3907678440639,-0.00949563167989254,412.80049765450616,-0.0050403915132795065,0.011255109290193235,0.13955357142857142,0.24228030443191528,1.0
307,1257472,1686.6,264.21240470076714,0.74,0.24,104.78,167.9874815080532,247.573719719046,0.5666666666666667,0.43333333333333335,69.73333333333333,9.341681996981302,121.69552181788853,-0.007834153951677893,243.40669484819685,-0.002523136990410941,0.012802365691667157,0.15739397321428572,0.2410859614610672,1.0
308,1261568,1687.1,219.99686953438112,0.64,0.3,102.74,107.62428832914307,247.85663093205838,0.43333333333333335,0.5666666666666667,72.23333333333333,9.42622513771057,140.375841698748,-0.011697844161275537,280.77503326091363,-0.007656942656699648,0.01460051955283679,0.1735372340425532,0.24179300665855408,1.0
309,1265664,1686.4,233.6084102870257,0.68,0.3,102.6,225.46498069971955,241.20703894036293,0.6666666666666666,0.3333333333333333,107.9,13.571515782674153,147.48712590535482,-0.014658989543871332,295.0036020755768,0.0047292937835057575,0.012170723976062921,0.14449869791666667,0.24425281584262848,0.0
310,1269760,1685.7,291.44374334937964,0.8,0.18,113.46,231.61311195023077,239.5032938873495,0.6666666666666666,0.3333333333333333,105.7,14.36172672311465,142.95315907796223,-0.013425687758717686,285.9332709789276,0.01685055047273636,0.011671428396948614,0.14733072916666667,0.24446450173854828,0.0
311,1273856,1686.0,232.60112061315417,0.68,0.3,106.02,174.84473070465972,252.6604201196126,0.5666666666666667,0.43333333333333335,93.73333333333333,12.289687474568685,177.14887902969704,-0.011763942341278201,354.32138738417086,0.016975499633559606,0.008086508782440447,0.10482260338345864,0.244258850812912,1.0
312,1277952,1685.9,171.05671819948614,0.54,0.42,101.28,226.46093932141406,232.18074737417695,0.6666666666666666,0.3,123.06666666666666,15.978793740272522,210.1976981163025,-0.00890449846449953,420.4133250163152,0.018551572011067316,0.008124135886856284,0.0931865985576923,0.24523022770881653,1.0
313,1282048,1686.5,193.36176093800995,0.6,0.38,85.14,249.9602158122697,229.73129637195225,0.7,0.3,81.96666666666667,12.046373184521993,193.84412483547044,-0.011669110110527054,387.7117227589862,0.023144156296060692,0.011181858246741087,0.13652465062111802,0.2450278252363205,1.0
314,1286144,1686.6,184.05802673395374,0.58,0.4,96.14,241.46299576335656,224.6578203868254,0.7,0.3,70.9,9.693242740631103,243.25611004829406,-0.014032312965719029,486.5404052734375,0.020785253246625265,0.007841905635238315,0.10310872395833333,0.24451099336147308,0.0
315,1290240,1687.1,168.2498217807137,0.56,0.44,100.0,249.5383394641512,226.30186800955266,0.7,0.3,91.86666666666666,12.939863006273905,123.39320342323997,-0.008994292954660275,246.8045286698775,0.021378907290371982,0.010818782999095592,0.12922585227272726,0.24560709297657013,1.0
316,1294336,1686.8,223.91511818938042,0.66,0.34,113.52,226.71183760645442,242.53662114758583,0.6666666666666666,0.3333333333333333,94.93333333333334,12.391801104942958,175.24256797631583,-0.011096989889241134,350.50751163164773,0.029897593955198924,0.011867719970177859,0.145361328125,0.24606823921203613,0.0
317,1298432,1687.2,235.7708353484177,0.68,0.3,110.7,193.6963933100915,245.52988509216212,0.6,0.36666666666666664,93.26666666666667,11.992972699801127,116.5802948680145,-0.010263718007786186,233.18126693624535,0.024836386276396696,0.012055425924736242,0.14654904801324503,0.2443685084581375,1.0
318,1302528,1687.3,244.53444320320105,0.7,0.28,93.94,181.8727377547908,253.67337387178443,0.5666666666666667,0.4,93.7,12.264777719974518,104.27266969606858,-0.010932266708578943,208.56725790334303,0.008850598520086718,0.013283799221926882,0.16639413759689922,0.2424536943435669,1.0
319,1306624,1687.3,235.12783378432513,0.68,0.28,107.56,232.31605640727642,229.4921572658473,0.6666666666666666,0.26666666666666666,101.96666666666667,13.685936693350474,125.59674703663794,-0.011747727755071788,251.21694930504108,-0.006854688710179822,0.01311651743017137,0.16306573275862069,0.2403525412082672,1.0
320,1310720,1688.3,226.57167105942793,0.66,0.3,103.94,141.01875846275303,245.74194273616743,0.5,0.5,89.3,12.435024587313334,446.7614300067608,0.0053084221883462025,893.5121225210337,-0.01717685736142672,0.0135464806897709,0.14933894230769232,0.2401941418647766,1.0
321,1314816,1688.9,213.21110655374082,0.62,0.28,117.14,220.06575628723414,236.79030522543223,0.6666666666666666,0.3333333333333333,98.06666666666666,12.812244405349096,138.05319998481056,-0.010803863326807252,276.12789379466665,-0.017983973026275635,0.009478435904549604,0.11940696022727272,0.2399452179670334,1.0
322,1318912,1689.2,234.13185668170462,0.68,0.3,100.66,216.2718716215001,241.1099085682431,0.6333333333333333,0.3333333333333333,95.8,13.597315033276876,153.14836912270053,-0.010838526626487812,306.3182651795537,-0.025086427309426916,0.012754385790181717,0.15210843373493976,0.23901134729385376,1.0
323,1323008,1690.0,216.05462636797344,0.64,0.34,98.16,228.4626725411158,237.73388407952572,0.6666666666666666,0.3,113.16666666666667,14.603753626346588,294.9956456964666,0.02974899502640421,589.9316184303977,-0.027198249643499203,0.016918299994854766,0.1885653409090909,0.23887354135513306,1.0
324,1327104,1690.4,218.45547001843815,0.66,0.32,101.78,206.9573598407061,242.0833728166844,0.6333333333333333,0.36666666666666664,78.36666666666666,10.86861875851949,135.10394102567201,-0.01453124323267151,270.2367258938876,-0.036255170772602034,0.012474539095547969,0.1448609983766234,0.23648245632648468,1.0
325,1331200,1690.9,249.12974539537637,0.72,0.28,94.36,212.01728387533092,245.42325630541126,0.6333333333333333,0.36666666666666664,100.23333333333333,13.60987199942271,137.96060486106606,-0.008041500227877519,275.93698045423815,-0.0511889957881474,0.014283490661935476,0.1699901660839161,0.23563313484191895,1.0
326,1335296,1691.8,188.6387597650867,0.6,0.4,78.42,228.9568767267414,236.39228989021925,0.6666666666666666,0.3,92.16666666666667,9.94022982120514,555.4323677394701,0.0020785616184382334,1110.8602347995925,-0.05493732638981031,0.015370390904338463,0.15489130434782608,0.2356526255607605,1.0
327,1339392,1692.0,275.32906410991666,0.76,0.22,101.86,257.33562025473225,222.5775118532684,0.7333333333333333,0.26666666666666666,98.66666666666667,12.16342883904775,166.47861825351058,-0.00872271358324536,332.97434818662447,-0.05560001669258907,0.01016697585743306,0.12308728448275862,0.2351532280445099,1.0
328,1343488,1692.5,254.56774919106545,0.72,0.28,98.96,211.50138114026655,244.00119992519535,0.6333333333333333,0.36666666666666664,82.1,11.162942833950122,120.23061568864429,-0.009641552400839238,240.4801472379961,-0.06085194886185741,0.012485521513158243,0.15562380725190839,0.2348354160785675,1.0
329,1347584,1693.2,233.92663278454097,0.68,0.32,103.68,189.58336217019567,244.58001002459216,0.6,0.4,80.66666666666667,10.750566866000494,147.9710442490048,-0.012927543276519928,295.96756596035425,-0.062834233045578,0.011589145452793067,0.1503634982638889,0.23418506979942322,1.0
330,1351680,1693.0,233.14230180377842,0.68,0.32,118.16,162.69982031589015,241.49574043865977,0.5333333333333333,0.4,95.2,10.678962126374245,156.82403586705524,-0.012638228559323277,313.67294397354124,-0.06677037129799525,0.011112704654806294,0.13889973958333332,0.23464536666870117,0.0
331,1355776,1693.4,271.92963915304387,0.76,0.22,108.54,183.3298120748642,244.96849506355275,0.5666666666666667,0.4,90.56666666666666,12.389480956395467,134.9409774311802,-0.00572896760218499,269.8930551629317,-0.06012422055528875,0.010978384400930321,0.13209292763157895,0.23581337928771973,1.0
332,1359872,1693.2,180.7156219056433,0.58,0.42,76.52,277.6413629020935,215.31183891568915,0.7666666666666667,0.23333333333333334,92.66666666666667,13.386689058939616,169.22861874898274,-0.015467008282818521,338.4878524462382,-0.05343296676874161,0.013187064468123328,0.16827799479166666,0.23536711931228638,0.0
333,1363968,1693.0,222.28871648019268,0.66,0.34,87.88,280.08621814849243,205.06785529079644,0.7666666666666667,0.2,130.56666666666666,16.71981126467387,162.8631651742118,-0.008289828591625251,325.74255439213346,-0.0588519906713849,0.01164407924322101,0.14422898065476192,0.23469120264053345,1.0
334,1368064,1692.7,235.74692905608842,0.68,0.3,94.98,243.77334292091706,231.78302441147807,0.7,0.3,95.7,13.038289133707682,173.34689306647857,-0.013038895994433648,346.7194829461699,-0.06423323470834308,0.010262060032106972,0.12948015402843602,0.23409685492515564,1.0
335,1372160,1692.9,254.60453156947867,0.72,0.26,100.6,169.67610437490166,252.92935501906734,0.5666666666666667,0.43333333333333335,101.1,13.667588845888774,125.75099964995883,-0.009773155257328232,251.52115978411774,-0.06412516601050078,0.010838174092611159,0.1361357276119403,0.2360611855983734,1.0
336,1376256,1693.5,179.14360054287653,0.58,0.42,79.06,243.03047177947752,232.18775738206404,0.7,0.3,90.43333333333334,12.125396378835042,189.32990706594367,0.00020650699489602916,378.65911222759047,-0.048477809680135625,0.01147538704466761,0.14052220394736842,0.2363385707139969,1.0
337,1380352,1693.5,194.75316216508864,0.6,0.36,117.16,213.48615302776182,239.893918305854,0.6333333333333333,0.3333333333333333,122.23333333333333,16.016039458910623,136.4364677635399,-0.012594345252256136,272.89781353924724,-0.05128702843511427,0.012843633304991936,0.1552734375,0.23567698895931244,1.0
338,1384448,1694.1,255.05785413180075,0.72,0.28,101.42,278.47257319312337,212.61737165935938,0.7666666666666667,0.23333333333333334,93.1,12.946002252896626,177.5606451811614,-0.009148968956260769,355.13924797905815,-0.05734429271132858,0.011760026183738202,0.14302662037037037,0.2349747121334076,1.0
339,1388544,1694.5,231.030207329626,0.68,0.32,84.48,188.65948369507618,245.69024175457557,0.6,0.4,69.5,9.197201855977376,163.38826549484068,-0.011509904312530914,326.79917386066484,-0.0630753629178886,0.011132103090836521,0.1375894201807229,0.23426727950572968,1.0
340,1392640,1694.6,155.5165723122057,0.52,0.48,86.52,247.1292069079682,228.74888669403137,0.7,0.26666666666666666,101.96666666666667,13.367532642682393,159.92593650817872,-0.010502909544403806,319.8724537936124,-0.07050695563807632,0.012237312348390168,0.15030776515151514,0.23351767659187317,1.0
341,1396736,1694.8,234.85874684709205,0.68,0.32,97.24,225.12650179434766,239.84329207701492,0.6666666666666666,0.3333333333333333,95.23333333333333,12.31424389431874,117.10059264211944,-0.007852136839482219,234.2164649963379,-0.07145627098854142,0.011931976463382293,0.14863478535353536,0.2341766655445099,1.0
342,1400832,1694.7,256.2884204264872,0.72,0.26,97.88,228.5330134313185,233.49909098131116,0.6666666666666666,0.3,90.93333333333334,11.687543686230978,158.27179876164575,-0.013151860632114674,316.569487221876,-0.06882804063097317,0.015141150689491975,0.1807867462311558,0.23452132940292358,1.0
343,1404928,1694.7,267.31395742930613,0.74,0.22,119.84,192.61448286721753,246.7777902293841,0.6,0.4,101.9,12.68073811531067,127.4555682668499,-0.013918989155368478,254.9385783812579,-0.06644005985820994,0.014643658916968122,0.18018535539215685,0.2332736849784851,1.0
344,1409024,1694.7,270.67422018719776,0.76,0.24,102.72,279.5329950558816,214.19035898743198,0.7666666666666667,0.23333333333333334,76.43333333333334,10.956011978785197,139.18024884883445,-0.015681007581610066,278.391467706481,-0.0655052940643842,0.012692755634956691,0.1630713619402985,0.23561879992485046,1.0
345,1413120,1694.8,142.34426046226642,0.5,0.48,105.04,220.34927668393922,238.37157941854778,0.6333333333333333,0.3,109.43333333333334,13.395810866355896,90.19864518492372,-0.009822586456873825,180.41660678303325,-0.05536383098655647,0.014763417111553408,0.1814084353146853,0.2342350333929062,1.0
346,1417216,1695.7,225.29625132346246,0.66,0.3,119.36,178.78079560902034,245.50350177920214,0.5666666666666667,0.4,106.2,14.176287388801574,327.89588317871096,-0.030905291577801107,655.8531982421875,-0.06603422164916992,0.014318848541006447,0.1390625,0.2341134399175644,1.0
347,1421312,1695.9,263.2746205505164,0.74,0.24,103.9,267.8755307541298,216.63951680873035,0.7333333333333333,0.23333333333333334,104.33333333333333,14.37802176475525,140.6589359782991,-0.011107743191089304,281.3396504038856,-0.07223137077831086,0.012364177019446202,0.15771484375,0.23284071683883667,1.0
348,1425408,1696.1,261.83101110169923,0.74,0.26,100.46,160.7018781503844,249.24994332000443,0.5333333333333333,0.43333333333333335,73.6,8.218835492928823,121.08819019042694,-0.012223167573563285,242.20036133774767,-0.07746857028823716,0.012649577306080106,0.15542300112612611,0.2329559028148651,1.0
349,1429504,1696.7,257.1368104012052,0.72,0.24,102.56,166.41268365562095,252.84577554845274,0.5333333333333333,0.43333333333333335,111.23333333333333,12.539125537872314,376.8344904581706,0.00439867361759146,753.6596934000651,-0.07757769028345744,0.014287434751167893,0.16145833333333334,0.23286700248718262,1.0
350,1433600,1696.5,210.8096748135441,0.62,0.34,106.1,231.93739952740503,241.21800040176592,0.6666666666666666,0.3333333333333333,113.9,15.5719870865345,125.7418274748216,-0.008229312311789585,251.4996364138542,-0.07949276801643021,0.012418085149566242,0.14818663990825687,0.2323421984910965,1.0
351,1437696,1697.4,194.2557553683977,0.6,0.38,89.36,139.61959548258451,250.8241874476188,0.5,0.5,96.86666666666666,11.568242796262105,355.60265350341797,0.00786067161243409,711.189094543457,-0.08254481106996536,0.015516308398218825,0.17626953125,0.232327401638031,1.0
352,1441792,1697.6,181.42057528605346,0.58,0.42,93.4,192.76526143783593,241.91876742074388,0.6,0.36666666666666664,95.26666666666667,11.828388075033823,144.91429272213497,-0.013838109066332312,289.8557558575192,-0.08490664008501414,0.009590437907939526,0.11584142736486487,0.2316829264163971,1.0
353,1445888,1697.7,227.70847703480706,0.66,0.3,105.74,241.96702241005175,234.73722108024705,0.7,0.3,75.13333333333334,10.457799551884333,135.81190976323307,-0.01027748241164797,271.64382064406936,-0.0917536245810019,0.013207285743005372,0.165625,0.23073795437812805,1.0
354,1449984,1697.6,215.12485819224025,0.62,0.3,122.28,259.4872698883617,214.08354952190788,0.7333333333333333,0.23333333333333334,116.73333333333333,14.522263387838999,118.4479254038056,-0.0029940784028931263,236.90125520390237,-0.09697752349947128,0.011291949879778034,0.14081671779141106,0.23111459612846375,1.0
355,1454080,1698.2,183.24729903346412,0.56,0.34,134.26,227.53047619871322,241.01372369296953,0.6666666666666666,0.3333333333333333,78.23333333333333,11.244532990455628,114.77936553955078,-0.0068650923661704435,229.57190488596433,-0.09258349899385797,0.011064416692653274,0.1362704918032787,0.23169246315956116,1.0
356,1458176,1698.2,188.98716542670462,0.58,0.36,113.6,294.5750714590105,200.61982720492216,0.8,0.16666666666666666,119.03333333333333,15.335467561086018,198.98597357246314,-0.005274960164273723,397.98196694020476,-0.08836484089326323,0.009305246700166483,0.12109375,0.23211252689361572,1.0
357,1462272,1697.8,237.9368347346619,0.68,0.26,111.12,269.38473408296954,208.99818265012647,0.7333333333333333,0.2,112.93333333333334,15.157586665948232,103.72789410677824,-0.013826461793558504,207.48291060707786,-0.08872854330322959,0.013431175351566212,0.16986860795454545,0.2308879792690277,1.0
358,1466368,1697.2,234.2051580543162,0.68,0.32,88.36,258.83681477166493,222.61769445865318,0.7333333333333333,0.26666666666666666,94.13333333333334,12.09018043677012,92.36122754230591,-0.010994483921496908,184.74380393650222,-0.10677716121581442,0.013445818270354168,0.1677800422705314,0.2278982400894165,1.0
359,1470464,1697.3,222.08356541676528,0.66,0.34,87.44,224.4898755928754,241.18526193335498,0.6666666666666666,0.3333333333333333,69.93333333333334,9.787470714251201,127.86768780412345,-0.0074439359957288054,255.74951913767848,-0.12448027873861378,0.01249509268311848,0.15417564655172414,0.22740091383457184,1.0
360,1474560,1697.4,205.03760966120342,0.62,0.36,91.24,178.07742216184838,249.42726276647116,0.5666666666666667,0.43333333333333335,98.06666666666666,13.39713454246521,137.06253593444825,-0.011710583362728358,274.1477271525065,-0.128034938176473,0.011973787245030204,0.15614583333333334,0.2270905077457428,1.0
361,1478656,1697.5,189.01299217254746,0.6,0.4,91.48,180.534946641376,246.2928695286848,0.5666666666666667,0.4,92.76666666666667,12.549040292700132,145.66184620979504,-0.009967110125730053,291.34281400533825,-0.13492430249849954,0.013005492174460623,0.16321113782051283,0.22526121139526367,1.0
362,1482752,1697.0,181.2970793961554,0.58,0.42,104.94,192.68563648019844,246.41834450244494,0.6,0.4,80.1,10.843679507573446,120.37721569538117,-0.015380750876890186,240.7843431631724,-0.14213331987460454,0.013504246146961425,0.16300455729166666,0.22561612725257874,0.0
363,1486848,1697.1,275.2462334614731,0.76,0.24,98.72,175.3957051824419,250.93149950114733,0.5666666666666667,0.43333333333333335,86.83333333333333,11.010233942667643,102.5497024686713,-0.01131685424326478,205.1212006368135,-0.139338576479962,0.01433872341754307,0.1679173519736842,0.22636595368385315,1.0
364,1490944,1698.0,241.97801595277684,0.7,0.3,99.66,207.90754381314525,244.18978226823492,0.6333333333333333,0.36666666666666664,99.3,13.07845983505249,428.98017035590277,0.03639425720191664,857.8867594401041,-0.13488389386071098,0.013795177271175716,0.15711805555555555,0.22630733251571655,1.0
365,1495040,1697.8,247.1869768696457,0.7,0.28,102.46,230.67437460101698,232.6485023884036,0.6666666666666666,0.3,109.3,13.583926630020141,118.75592056397468,-0.011380065139883789,237.5337815028365,-0.13673446639891593,0.01137108548033622,0.14203209005376344,0.22594505548477173,1.0
366,1499136,1697.5,217.84485111483,0.64,0.34,87.2,206.04387923381088,243.61576274200186,0.6333333333333333,0.36666666666666664,91.13333333333334,11.510455965995789,119.51737570762634,-0.012437004121602513,239.05880007743835,-0.13691593930125237,0.0124908658923232,0.155517578125,0.22619669139385223,1.0
367,1503232,1698.1,240.76532316126065,0.68,0.28,99.82,266.09266062401974,215.59272671288616,0.7333333333333333,0.23333333333333334,99.16666666666667,12.4465119043986,342.7180927821568,0.006095261246498142,685.4231959751675,-0.13565139259610856,0.015448668655673308,0.16183035714285715,0.22618550062179565,1.0
