update,timesteps,fps,train_return_mean,train_success_rate,train_collision_rate,train_episode_len_mean,eval_return_mean,eval_return_std,eval_success_rate,eval_collision_rate,eval_steps_mean,eval_path_length_mean,loss,policy_loss,value_loss,entropy,approx_kl,clip_fraction,std_mean,early_stop
1,4096,1821.1,191.34232075201308,0.6,0.38,80.58,281.07104166670825,208.0535827315139,0.7666666666666667,0.2,110.16666666666667,14.595048999786377,229.10091365178425,-0.00990465127203303,458.2221014340719,0.22816094408432644,0.005086530116386712,0.06033528645833333,0.2710656523704529,0.0
2,8192,1936.6,253.6648006929028,0.72,0.28,81.78,260.522149379075,225.0029767344246,0.7333333333333333,0.26666666666666666,75.8,10.742567495505016,133.1477355448405,-0.010906615518033505,266.3177369181315,0.2257669194539388,0.0055611523039018115,0.060182291666666665,0.27069759368896484,1.0
3,12288,1960.9,241.54655206830816,0.7,0.3,89.74,158.13721366665857,248.20569279970357,0.5333333333333333,0.4666666666666667,66.46666666666667,8.684113046526909,211.81792157491049,-0.011363927754185472,423.659016195933,0.22371018479267757,0.005012373123706008,0.06271158854166667,0.27068448066711426,0.0
4,16384,1952.8,233.26410878276548,0.68,0.32,80.88,211.49019452546966,241.61466505075606,0.6333333333333333,0.36666666666666664,90.56666666666666,11.811030681927999,159.2121715227763,-0.013313317749028405,318.4514073530833,0.21895080904165903,0.006682648184748056,0.0857421875,0.2691349685192108,0.0
5,20480,1966.4,214.18993399517328,0.64,0.36,87.76,256.81877509082227,225.8243776222454,0.7333333333333333,0.26666666666666666,80.03333333333333,11.05116856098175,145.767460951934,-0.012919180910103023,291.5611828984441,0.2099688982104396,0.008244396746368357,0.10585585585585586,0.2687017321586609,1.0
6,24576,1971.2,241.13473523299098,0.7,0.3,90.84,303.78547439367463,200.32481461214854,0.8333333333333334,0.16666666666666666,92.16666666666667,12.964689540863038,124.33371649522047,-0.014538917309628465,248.69692713419596,0.20663729080787072,0.009660315992406163,0.12608173076923077,0.2678959369659424,1.0
7,28672,1964.8,225.7440018347723,0.66,0.32,94.46,176.94252601192235,246.5950657343147,0.5666666666666667,0.43333333333333335,75.96666666666667,10.018144289652506,120.766406027476,-0.013716780217752482,241.56066130002338,0.20726448595523833,0.006923878763336689,0.08603515625,0.26965489983558655,0.0
8,32768,1973.3,190.48832232200112,0.6,0.4,82.26,292.5694435994759,200.36512565051117,0.8,0.2,73.73333333333333,10.156056141853332,146.36210215886433,-0.012703900400083512,292.7500381151835,0.21361933847268422,0.00703241319473212,0.08741861979166667,0.26886242628097534,0.0
9,36864,1979.6,196.0115346143454,0.6,0.38,97.82,177.50352354981584,248.75434184842703,0.5666666666666667,0.43333333333333335,66.93333333333334,8.989633924762408,95.8682002067566,-0.014930539337607721,191.76667420069376,0.20584290872017544,0.008176180947339162,0.10572916666666667,0.2672705352306366,0.0
10,40960,1970.3,245.43851641956616,0.7,0.3,89.68,168.73409269122567,254.9983682803275,0.5666666666666667,0.43333333333333335,71.56666666666666,9.601285807291667,188.86226003964742,-0.014426095999078825,377.7537617365519,0.19638059834639232,0.00852856861311011,0.11321614583333334,0.26716551184654236,0.0
11,45056,1942.6,224.35254216900765,0.66,0.34,97.16,246.73197949883289,235.6008992924084,0.7,0.3,94.6,12.898059089978537,154.44938707351685,-0.012441774516870889,308.92404991785685,0.1984882841507594,0.006576216556519891,0.085009765625,0.26763948798179626,0.0
12,49152,1918.2,170.3616504771432,0.56,0.44,84.84,284.0892229614801,209.0514875920857,0.7666666666666667,0.2,104.66666666666667,13.948664816220601,150.30757575829824,-0.014704609061785353,300.6449588298798,0.1978021075328191,0.006691865237856595,0.083984375,0.26644080877304077,0.0
13,53248,1904.8,162.3556824287934,0.54,0.46,86.32,262.7851891676582,216.72357713043112,0.7333333333333333,0.26666666666666666,83.5,11.567629607518514,141.7302904923757,-0.014145081123569981,283.4892526944478,0.1902423694729805,0.007283090129688693,0.09454752604166666,0.2659563720226288,0.0
14,57344,1894.4,229.87925309613962,0.68,0.32,80.56,137.56642166201874,253.38107509942213,0.5,0.5,79.36666666666666,10.434765548507373,149.38790113131205,-0.014876558459945954,298.8059291521708,0.18843229363361994,0.008471496831043623,0.11075846354166667,0.26595476269721985,0.0
15,61440,1892.3,253.1633325715016,0.72,0.28,81.0,89.9786203654103,244.60661088774978,0.4,0.6,55.96666666666667,7.530004604657491,152.7434969584147,-0.014757418783847242,305.51687847773235,0.18681852867205936,0.007788608608340534,0.09988606770833333,0.26513469219207764,0.0
16,65536,1883.5,228.77347725415936,0.68,0.32,85.8,194.62925360246837,243.83737632886755,0.6,0.4,79.93333333333334,10.858004895846049,100.97341980139414,-0.014525392085003357,201.97625215053557,0.1803667406241099,0.008145341379956032,0.10281575520833333,0.2643014192581177,0.0
17,69632,1829.0,183.68601039602186,0.58,0.4,98.1,241.13650828047884,229.76251578588946,0.7,0.3,89.6,11.662547733386358,131.97101012520167,-0.010736727259000359,263.96383059957753,0.16866040851758873,0.008667389814660925,0.11200747282608696,0.2615237832069397,1.0
18,73728,1821.6,211.6211571658628,0.64,0.36,90.62,278.16791734769,213.88827021295901,0.7666666666666667,0.23333333333333334,102.06666666666666,12.985790956020356,108.8055013815562,-0.011569780879168927,217.63445261319478,0.1560758277773857,0.007943430132581853,0.09993489583333333,0.26188817620277405,0.0
19,77824,1817.5,280.6032733878541,0.78,0.22,94.88,187.1330120236399,248.71884189641128,0.6,0.4,88.1,11.008571640650432,119.93666989008585,-0.014232886048072638,239.902113199234,0.15587290426095327,0.007777132571209222,0.09986979166666667,0.26086509227752686,0.0
20,81920,1815.5,269.8610221484719,0.76,0.24,90.76,222.48863592450132,236.68463331190918,0.6666666666666666,0.3333333333333333,94.5,12.031352766354878,93.28209632605164,-0.013931180652343299,186.59234728405823,0.14588551724975432,0.007383110457984497,0.09186557788944724,0.259127140045166,1.0
21,86016,1814.2,268.9781949329198,0.76,0.24,108.82,240.28222798335094,237.23881048187783,0.7,0.3,80.26666666666667,11.276284067348266,88.48489553928376,-0.012407770457987985,176.99487086931865,0.13181629329919814,0.009094447704652946,0.11765950520833333,0.25764694809913635,0.0
22,90112,1811.0,222.8637444262153,0.66,0.34,81.1,242.32887401184183,232.50312954861397,0.7,0.3,86.03333333333333,10.787498553593954,138.75828076998394,-0.013510580954607576,277.5438218752543,0.12060147027174632,0.007532111181838748,0.096533203125,0.2561114430427551,0.0
23,94208,1808.3,194.9139907422722,0.6,0.4,100.24,311.1196971240617,190.37130717460533,0.8333333333333334,0.16666666666666666,96.46666666666667,13.261318333943684,121.9219756603241,-0.014092307052730272,243.87236137390136,0.11288863817850749,0.0075131548335775735,0.09788411458333333,0.2558399438858032,0.0
24,98304,1802.9,182.75156418956888,0.58,0.4,86.84,207.51450287345645,245.3974390165526,0.6333333333333333,0.36666666666666664,97.56666666666666,12.594421291351319,187.82346881230671,-0.013112491582675526,375.67339051564534,0.11284055213133494,0.006458242081377344,0.08505859375,0.256078839302063,0.0
25,102400,1803.9,210.07436679215908,0.64,0.36,87.84,264.82357641175656,218.31944873186305,0.7333333333333333,0.23333333333333334,106.26666666666667,13.114175645510356,109.39815982471814,-0.007927766377388528,218.812401303378,0.11364931337761157,0.006464761195027016,0.0815814393939394,0.2562103271484375,1.0
26,106496,1808.7,285.24367885116703,0.78,0.22,83.34,224.07943681712828,241.16835933636034,0.6666666666666666,0.3333333333333333,71.5,9.846806693077088,108.66158606789328,-0.00889676136965739,217.3411949892095,0.1121668413998609,0.007923852426951183,0.10210561497326204,0.2552647590637207,1.0
27,110592,1806.3,286.80347448814587,0.78,0.2,107.62,255.51454061605875,224.13954002664332,0.7333333333333333,0.26666666666666666,85.63333333333334,11.320110466082891,163.97430407206218,-0.012465440935920924,327.97375472386676,0.10782247185707092,0.006211178162872481,0.07679036458333334,0.25551459193229675,0.0
28,114688,1804.6,225.179933632596,0.66,0.32,94.64,277.3715584663999,216.55942340305396,0.7666666666666667,0.23333333333333334,83.4,11.834758218129476,118.88890126546224,-0.014447799879902353,237.8069179058075,0.10901266684134801,0.007791703152664317,0.10294596354166667,0.2553791403770447,0.0
29,118784,1787.0,275.078140357313,0.76,0.24,100.54,233.27848606142177,228.28277149564792,0.6666666666666666,0.26666666666666666,118.43333333333334,15.437495699524879,109.89481240113577,-0.015335463639348745,219.82050987879435,0.10590733538071315,0.008738383047360306,0.115283203125,0.2547335624694824,0.0
30,122880,1782.6,250.2470677485218,0.72,0.28,91.14,223.25889823983476,245.98522401783632,0.6666666666666666,0.3333333333333333,99.8,13.1224063316981,113.3938717285792,-0.011096327998287355,226.81013770103453,0.10170091489950815,0.00797628988220822,0.10159505208333333,0.2543138861656189,0.0
31,126976,1781.3,240.47520772486286,0.7,0.3,95.78,259.45790761867596,224.1058241846616,0.7333333333333333,0.26666666666666666,91.53333333333333,12.470927333831787,101.72920068988094,-0.012809027938163598,203.4842105265017,0.09688418496538091,0.008322136538077353,0.10819950810185185,0.2535772919654846,1.0
32,131072,1779.9,243.17034536549804,0.7,0.28,102.7,296.2592164256907,204.19278930158825,0.8,0.2,92.23333333333333,12.499709137280782,161.89404369990032,-0.01213041776403164,323.8125326156616,0.09238188515106836,0.006661471259819033,0.08785807291666667,0.25308138132095337,0.0
33,135168,1779.7,195.37795290183277,0.6,0.4,79.24,264.81353516953686,225.75007814609208,0.7333333333333333,0.26666666666666666,96.63333333333334,13.676131947835286,117.11372234271123,-0.013651362817304639,234.2549295242016,0.08980189263820648,0.007908447223599069,0.101318359375,0.25338417291641235,1.0
34,139264,1781.9,194.19970137293114,0.6,0.38,90.58,278.1126270032359,209.87702229428103,0.7666666666666667,0.23333333333333334,83.63333333333334,11.49306615193685,152.03049112825977,-0.011337319462636143,304.08384416541276,0.09418569535625224,0.006611649963852702,0.08101482780612244,0.25409725308418274,1.0
35,143360,1783.5,224.43049516489825,0.66,0.3,104.34,128.66324453933308,251.0393720617986,0.4666666666666667,0.5333333333333333,68.06666666666666,9.328926243384679,140.3903645356496,-0.013915412630497788,280.8087476571401,0.0954342524210612,0.006157393983448856,0.07666015625,0.25332337617874146,0.0
36,147456,1782.0,260.4853142841172,0.74,0.26,82.9,239.0513533042396,234.90424732402616,0.7,0.3,91.16666666666667,12.32152771949768,141.6518233458201,-0.014479442179435864,283.3327879269918,0.09198535730441411,0.007352339625746633,0.09794921875,0.2535850405693054,0.0
37,151552,1786.3,205.55218018205164,0.62,0.36,102.18,179.88555385971495,252.66705098830562,0.5666666666666667,0.43333333333333335,70.16666666666667,10.135475214322408,172.79443868699965,-0.012328264211396595,345.61371750884,0.09297522149243198,0.007316161860496952,0.08971497252747253,0.2535878121852875,1.0
38,155648,1783.7,219.30809373484956,0.66,0.34,94.66,274.65568851812526,212.80441736724822,0.7666666666666667,0.23333333333333334,106.1,13.684542165199916,179.4390252272288,-0.014096764486748726,358.9064332962036,0.09562559972206751,0.006452501806779765,0.080322265625,0.2542511224746704,0.0
39,159744,1781.3,231.0210673200593,0.68,0.32,93.26,259.2537745457086,221.20881942259305,0.7333333333333333,0.26666666666666666,97.56666666666666,12.736267217000325,102.00257806777954,-0.014839323839017501,204.0350323200226,0.09938834110895793,0.007985882376669907,0.10538736979166667,0.2543630599975586,0.0
40,163840,1784.1,285.26117505842626,0.78,0.22,95.72,187.5384544076989,248.41756719129688,0.6,0.4,78.6,9.909254701932271,116.35015977257713,-0.012909009453795731,232.72633861602947,0.09925113323538061,0.007959429869418316,0.10404829545454546,0.25410765409469604,1.0
41,167936,1786.1,270.01774948181765,0.76,0.24,97.1,139.88980228135296,248.496954467134,0.5,0.5,68.1,8.617969931662083,85.43686330640638,-0.013517621634024623,170.90094470118618,0.09221989882958902,0.009360936052912662,0.12181517454954954,0.2524068355560303,1.0
42,172032,1782.2,244.79163851157696,0.7,0.28,97.98,228.79441914538845,235.25122708710438,0.6666666666666666,0.3,122.93333333333334,16.131919393936794,159.8354290644328,-0.01445437064782406,319.69992481867473,0.0794761617978414,0.007755025900163067,0.100048828125,0.25131145119667053,0.0
43,176128,1780.4,243.2766457830945,0.7,0.3,99.0,243.0310826668991,220.11875395351706,0.7,0.26666666666666666,103.63333333333334,13.581059392293295,246.8725491841634,-0.013664819697927063,493.7725648880005,0.07237974752982458,0.005902050480168934,0.0736328125,0.25029271841049194,0.0
44,180224,1778.5,221.60539823890537,0.66,0.34,85.74,223.84009088191635,234.627881224711,0.6666666666666666,0.3333333333333333,95.76666666666667,12.452485791842143,114.27426774501801,-0.01446889184298925,228.57760683695474,0.06726076106230418,0.008856077989912592,0.11355794270833333,0.2503582537174225,0.0
45,184320,1779.6,216.1269791790747,0.64,0.32,112.68,242.7976418910048,233.7543368518868,0.7,0.3,73.73333333333333,10.223690295219422,82.11848871707916,-0.010535503277787938,164.25817975997924,0.0667020171880722,0.009782115666894242,0.12613932291666666,0.24996152520179749,0.0
46,188416,1780.2,212.52262827056745,0.64,0.36,80.78,176.9347439310904,244.38726152166146,0.5666666666666667,0.4,99.5,12.615638001759846,113.91912944013902,-0.012105667104337426,227.862593382103,0.06386818214016066,0.00809208908663723,0.10536084254143646,0.2494695782661438,1.0
47,192512,1781.1,234.86278854478914,0.68,0.3,94.86,225.61996726168817,236.5947716985934,0.6666666666666666,0.3333333333333333,73.76666666666667,9.297100202242534,104.66834915479025,-0.01504896364446419,209.36690610249838,0.05501476675271988,0.008654188394818145,0.11632486979166666,0.24773068726062775,0.0
48,196608,1781.3,180.05895038063628,0.58,0.42,88.96,272.6882443228018,216.3418469824709,0.7666666666666667,0.23333333333333334,89.13333333333334,11.309126710891723,102.01654912807324,-0.013683870799097888,204.06056714940954,0.04988887298990179,0.007700051960354257,0.09801793981481481,0.24871988594532013,1.0
49,200704,1781.5,198.7767000290172,0.6,0.38,104.62,294.77417255746275,206.0375963095699,0.8,0.2,78.86666666666666,11.350105420748394,98.47359457015992,-0.01277871232596226,196.97285575866698,0.05351430326700211,0.007735449649044312,0.09910481770833333,0.2483014166355133,0.0
50,204800,1780.2,202.102277679298,0.62,0.38,82.38,263.6544104242324,225.44473116331545,0.7333333333333333,0.26666666666666666,98.8,12.718479224046071,160.0108901341756,-0.013864229473983868,320.0496069908142,0.05001882662375768,0.007792331357874597,0.09884440104166667,0.24772410094738007,0.0
51,208896,1779.5,241.84741159679422,0.7,0.3,89.46,239.53004659637415,235.13729960800492,0.7,0.3,90.7,11.512396275997162,115.52787746588389,-0.013712883898794341,231.08327892621358,0.04878320892651876,0.008675775153096765,0.11349283854166667,0.24829596281051636,0.0
52,212992,1778.6,230.26208736987323,0.68,0.32,90.04,193.91118328854498,248.22228262198914,0.6,0.36666666666666664,97.46666666666667,12.673661184310912,117.19741951624552,-0.013531645391291628,234.42198875745137,0.043309455116589866,0.00892879187692112,0.11901041666666666,0.2456117868423462,0.0
53,217088,1778.2,166.79820589756218,0.56,0.44,93.02,241.51732085308473,229.00047349178627,0.7,0.3,88.1,11.861829590797424,202.52879853248595,-0.013357300536396603,405.0843706448873,0.028567114969094594,0.007187315038754605,0.08932291666666667,0.24557077884674072,0.0
54,221184,1776.7,241.30539108389488,0.7,0.3,108.14,259.705473367249,223.43372935374416,0.7333333333333333,0.26666666666666666,94.36666666666666,12.176479053497314,102.7821296374003,-0.01131766233787251,205.58694151242574,0.022607690095901488,0.00753695151846235,0.09658203125,0.24320243299007416,0.0
55,225280,1775.8,232.39513533231784,0.68,0.32,88.56,294.71277621363,203.8408739280529,0.8,0.2,96.06666666666666,13.13536921342214,140.3206861893336,-0.013460920629828859,280.6683113416036,0.009430621067682903,0.008052809824584983,0.10358072916666666,0.2429722100496292,0.0
56,229376,1774.6,210.98689957705056,0.64,0.36,90.36,262.42627232202886,225.04831584844356,0.7333333333333333,0.26666666666666666,96.23333333333333,13.17341562906901,160.8293601989746,-0.01481267840329868,321.6883685429891,0.01169299433628718,0.007904226846100452,0.10208333333333333,0.2439042627811432,0.0
57,233472,1770.9,201.94985357846187,0.62,0.38,99.0,273.6374565677233,217.5851714856168,0.7666666666666667,0.23333333333333334,96.96666666666667,12.583036398887634,127.69315610212438,-0.014839980092730519,255.4160146526262,0.010921707340315277,0.008031200789892133,0.09685202205882353,0.24239316582679749,1.0
58,237568,1770.1,188.87330270190589,0.6,0.4,86.08,194.53011788189949,246.02080634743476,0.6,0.4,73.66666666666667,10.368736163775127,168.86199612617492,-0.015134726278483867,337.7542690912882,0.00488563080628713,0.006453124952774184,0.08113606770833333,0.24267219007015228,0.0
59,241664,1766.3,195.3995462523221,0.6,0.38,91.24,273.98205830252823,211.57160911522612,0.7666666666666667,0.23333333333333334,78.0,10.654605110486349,121.6489363008191,-0.015359693696909467,243.32858041488447,-0.004580006328732686,0.009682017487298909,0.1253752729257642,0.23940683901309967,1.0
60,245760,1765.0,211.36949592148304,0.64,0.36,82.86,214.76603385917008,237.0879902640816,0.6333333333333333,0.3333333333333333,117.83333333333333,15.246590169270833,145.98354772696817,-0.011614948420092128,291.99027361188615,-0.024189277699119167,0.007449666794417496,0.09551221804511278,0.23880816996097565,1.0
61,249856,1766.1,218.603754900455,0.66,0.34,85.52,226.92129694433424,236.13955524259222,0.6666666666666666,0.3333333333333333,70.93333333333334,9.873346475760142,119.47901372114818,-0.015783406580643106,238.98952779769897,-0.032338124016920725,0.009384792498894966,0.12529296875,0.23695990443229675,1.0
62,253952,1766.6,226.99568931139598,0.66,0.32,103.5,212.71704317607276,238.2613393294281,0.6333333333333333,0.3333333333333333,97.7,13.242615691820781,119.61035269079073,-0.010724059002749411,239.24206392529985,-0.0447585339277563,0.00893135919583253,0.11432658450704225,0.23609614372253418,1.0
63,258048,1764.3,184.31313850721224,0.58,0.4,93.72,277.1179829792109,213.66742934383373,0.7666666666666667,0.23333333333333334,94.3,12.94843522310257,120.14227129618327,-0.012824009758575509,240.31008135477703,-0.05328709036111832,0.008339327908470296,0.10618489583333333,0.23466449975967407,0.0
64,262144,1760.0,234.89494468345626,0.68,0.3,85.84,261.9542051689141,226.87161151581896,0.7333333333333333,0.26666666666666666,89.3,12.255070662498474,98.0829891619475,-0.013629054081747713,196.1931050342062,-0.06610730368158092,0.009079144854584466,0.11664402173913044,0.2333400696516037,1.0
65,266240,1756.6,224.10675546361438,0.66,0.34,87.22,287.10713754496555,200.8440542565549,0.8,0.2,99.33333333333333,13.141601705551148,126.96404476555027,-0.011413341913163205,253.95077557466468,-0.07078627907499975,0.007645058633322466,0.09536431760204081,0.2337568700313568,1.0
66,270336,1753.9,148.78507005513345,0.52,0.48,89.56,161.1613310566981,250.4758907341139,0.5333333333333333,0.4666666666666667,79.33333333333333,10.82351148923238,94.67964676221212,-0.014348919126011122,189.38784794807435,-0.07144166032473247,0.009908075977970535,0.128857421875,0.23322948813438416,0.0
67,274432,1754.4,252.51868512152998,0.72,0.28,89.3,296.29514883713983,202.4653416243411,0.8,0.2,99.1,13.220216592152914,106.34849807739258,-0.01280731000782301,212.72246170043945,-0.07380110740661622,0.008339498708955943,0.11033854166666666,0.23323273658752441,1.0
68,278528,1751.7,192.29925906614986,0.6,0.4,97.32,181.55191152328416,247.7518815382254,0.5666666666666667,0.4,90.26666666666667,12.155250124136607,139.04479172229767,-0.010836743296628508,278.1111073811849,-0.07662313878536224,0.007785089152942722,0.10009765625,0.2322780191898346,0.0
69,282624,1749.2,283.6719477481174,0.78,0.22,81.64,241.10400494778028,229.7801888527083,0.7,0.3,86.3,11.836219580968221,89.45508046150208,-0.011473039797662447,178.93292937278747,-0.08962173561255136,0.008381017851449239,0.10709635416666667,0.23002836108207703,0.0
70,286720,1748.6,281.21333717659996,0.78,0.22,99.74,209.46724614179988,245.4330480460082,0.6333333333333333,0.36666666666666664,82.06666666666666,11.019982330004375,78.96285841880588,-0.011627957041144645,157.9487674258171,-0.10255069524870006,0.008411529617076483,0.10462657683486239,0.22985222935676575,1.0
71,290816,1747.2,245.67849193768944,0.7,0.3,95.62,278.0879918222559,212.19597746806463,0.7666666666666667,0.23333333333333334,74.8,10.231501150131226,95.53331467548657,-0.014197250778914023,191.09482505563074,-0.09947776741918488,0.01020285416094972,0.1333459526431718,0.23065650463104248,1.0
72,294912,1745.1,233.3472663490507,0.68,0.32,98.62,259.2621791633076,222.00066031408596,0.7333333333333333,0.26666666666666666,96.9,12.976692215601604,126.01756200790405,-0.0134809555990311,252.06188685099283,-0.1017515222231547,0.008095914820053925,0.10359700520833333,0.2290893942117691,0.0
73,299008,1744.2,262.1911321229533,0.74,0.26,91.62,260.0422035185944,222.57200360893628,0.7333333333333333,0.26666666666666666,77.9,10.48420991897583,122.4742033402125,-0.01387388509271356,244.97593704859415,-0.10836912641922633,0.007409694031230174,0.09440104166666667,0.22950544953346252,0.0
74,303104,1743.1,199.365243101318,0.62,0.38,92.48,204.39723839038703,244.07572091846683,0.6333333333333333,0.36666666666666664,96.46666666666667,11.877862524986266,122.84697041709042,-0.015307631335336958,245.72434988529724,-0.10357042670955319,0.009149627058805359,0.11210244082840237,0.23017379641532898,1.0
75,307200,1740.6,204.08325473985445,0.62,0.36,95.74,216.0837379666811,239.98465851956271,0.6333333333333333,0.3333333333333333,113.4,14.69756038983663,129.44982298127897,-0.009845536898125659,258.91912873236686,-0.10367261380939694,0.007879496772087866,0.09937328296703296,0.22932729125022888,1.0
76,311296,1741.3,238.05613695262846,0.68,0.28,103.12,139.07138027835464,248.22865854153554,0.5,0.5,61.03333333333333,7.889456057548523,159.03784725547496,-0.00785906402425048,318.0911907385726,-0.10893836403419958,0.007705950826529969,0.09558442679558012,0.22873717546463013,1.0
77,315392,1739.7,203.61256191666845,0.62,0.38,81.8,242.88178809759617,230.3533828277965,0.7,0.3,85.76666666666667,11.527435525258381,118.37548729578654,-0.015422946793842129,236.781578207016,-0.12046711246172587,0.008118556904567717,0.10533854166666666,0.22653211653232574,0.0
78,319488,1741.1,273.4298536093627,0.76,0.24,85.72,225.3875135403897,237.42274150284078,0.6666666666666666,0.3333333333333333,86.16666666666667,11.653312238057454,102.44077023592862,-0.014968135619049215,204.9112125743519,-0.13193285194310275,0.009214281649540433,0.12238103693181818,0.226638063788414,1.0
79,323584,1739.2,182.23661493599633,0.58,0.42,93.06,273.08117831399124,215.89911346704932,0.7666666666666667,0.23333333333333334,85.23333333333333,11.447272647420565,111.37642940680186,-0.016786376441208024,222.78618677457175,-0.12249760578076045,0.009298098323051817,0.12198893229166667,0.22923283278942108,0.0
80,327680,1735.7,241.20030440868248,0.7,0.3,83.8,292.0027002656227,204.80154816573355,0.8,0.2,91.06666666666666,12.31427406469981,186.81922583580018,-0.012465204919377963,373.6631611506144,-0.10725571711858113,0.008858881520184998,0.11246744791666667,0.22926104068756104,0.0
81,331776,1732.8,221.72229656757747,0.66,0.34,80.36,137.52562421280513,253.93121467300656,0.5,0.5,91.33333333333333,11.93041958808899,192.79360478719076,-0.013353109311234826,385.61369291941327,-0.10903150389591852,0.006359767292936643,0.08230794270833333,0.2288932502269745,0.0
82,335872,1731.3,211.7326585506821,0.64,0.36,79.78,194.83145271139537,249.98923838912214,0.6,0.4,83.23333333333333,11.780810954173406,156.17909436225892,-0.014675857012722797,312.38730862935387,-0.1155003547668457,0.007991997381517043,0.10084635416666667,0.22771002352237701,0.0
83,339968,1728.6,200.64518769697008,0.62,0.38,81.0,242.11566316645172,232.70877022270724,0.7,0.3,82.96666666666667,11.496739896138509,124.01461961269379,-0.016860805892307932,248.06271634101867,-0.12120331178108851,0.009540525922784582,0.121826171875,0.22757232189178467,0.0
84,344064,1726.6,242.83639515658925,0.7,0.3,85.34,262.6153108635234,224.41456364237882,0.7333333333333333,0.23333333333333334,107.73333333333333,14.53110629717509,123.49091306287188,-0.01232289395966502,247.00622466331305,-0.12443759829499,0.007994560923340709,0.10307049418604651,0.2269851267337799,1.0
85,348160,1726.1,235.41003856742154,0.68,0.3,106.76,224.93959893197226,239.0862193508088,0.6666666666666666,0.3333333333333333,89.33333333333333,12.186395295957725,101.28661476332566,-0.013759070832747966,202.6004954042106,-0.12770431874127225,0.008603384531632965,0.11082300646551724,0.22740598022937775,1.0
86,352256,1725.7,215.2309072496736,0.64,0.36,90.72,328.54837997827417,173.17963437128367,0.8666666666666667,0.13333333333333333,85.4,11.690479135513305,103.58671422652256,-0.012722763991742223,207.19861777034808,-0.12905003479969354,0.009164118374709361,0.12292631172839506,0.22605669498443604,1.0
87,356352,1725.8,205.62552175472254,0.62,0.34,119.34,194.9752572721554,246.2303589502815,0.6,0.4,80.83333333333333,11.032968882719675,108.84540500516206,-0.012856277661531969,217.71624663608526,-0.13856992067075244,0.008173661435850792,0.10608149509803921,0.2254951149225235,1.0
88,360448,1725.3,235.8363175387238,0.68,0.3,88.14,278.1099039055605,215.10712671249067,0.7666666666666667,0.23333333333333334,88.83333333333333,11.796409422159195,92.1616556763649,-0.009889746911358088,184.3428013086319,-0.14470595270395278,0.009176576818572358,0.12275390625,0.224418044090271,1.0
89,364544,1725.7,247.7371043249234,0.72,0.28,79.96,291.78970403041217,204.04131636834467,0.8,0.2,96.9,13.3666557153066,170.1583967398334,-0.0102884028575673,340.3370691766802,-0.14984658143378252,0.008236073881128667,0.10929739238410596,0.2247903048992157,1.0
90,368640,1724.6,241.0028079565291,0.7,0.3,89.12,359.2194935411835,131.98361802510274,0.9333333333333333,0.06666666666666667,96.36666666666666,12.843339824676514,136.51365442276,-0.013048605719814078,273.05310754776,-0.14759883185227712,0.006667619703997237,0.08351236979166667,0.22475174069404602,0.0
91,372736,1723.2,261.91682883428507,0.74,0.26,86.48,211.7442710986661,242.27575121372902,0.6333333333333333,0.36666666666666664,72.16666666666667,9.949507647752762,94.65017807591069,-0.01848387891670001,189.33702700846905,-0.14780255373533782,0.009237251908367348,0.11845439189189189,0.22445526719093323,1.0
92,376832,1721.0,149.87442519699468,0.52,0.48,83.46,259.21108477599154,223.37612474495162,0.7333333333333333,0.26666666666666666,94.13333333333334,12.772684383392335,104.75953760147095,-0.012274401808099356,209.5433181285858,-0.15159046053886413,0.00926007320813369,0.11863606770833333,0.22436007857322693,0.0
93,380928,1722.5,213.73089699785527,0.64,0.34,110.0,171.78815320197418,251.04445398355165,0.5666666666666667,0.43333333333333335,90.3,11.827114780743917,159.7397561956335,-0.00813796686405247,319.4954818443016,-0.15121257746661151,0.007985618510887164,0.10091145833333333,0.22458770871162415,1.0
94,385024,1721.6,192.13312396609174,0.6,0.38,110.6,294.64221306165615,199.5526135871411,0.8,0.2,101.66666666666667,12.514209691683451,95.60898997772361,-0.01187689819977888,191.24143067129415,-0.1498798131942749,0.008535314670221006,0.10893068720379147,0.22430354356765747,1.0
95,389120,1720.6,171.52155856865897,0.56,0.44,77.64,194.77457064082645,247.97222675721852,0.6,0.4,91.63333333333334,12.447707478205363,217.5359929084778,-0.011022589004520947,435.09372564951576,-0.1525244841972987,0.006675365391614226,0.083642578125,0.22436034679412842,0.0
96,393216,1720.4,180.53382107135283,0.58,0.42,82.42,257.3350091594069,222.17561522046202,0.7333333333333333,0.26666666666666666,84.86666666666666,11.017212947209677,137.74503319252264,-0.014782291896064097,275.5193205999097,-0.15529466570822845,0.00985664929298273,0.12408303990610328,0.22318881750106812,1.0
97,397312,1718.3,191.91265703062717,0.6,0.38,98.64,215.6055583626649,246.71834868431878,0.6333333333333333,0.36666666666666664,96.23333333333333,13.616652758916219,170.10411523183186,-0.01180676041500798,340.2315319697062,-0.1573257197936376,0.009458491993912806,0.12734375,0.22450941801071167,0.0
98,401408,1717.6,291.30608868959195,0.8,0.2,80.16,259.9758507490616,225.43168923037226,0.7333333333333333,0.26666666666666666,89.76666666666667,12.849987493952115,144.26828938325247,-0.015847489720908926,288.5679648717244,-0.15421641419331233,0.007612236271961592,0.09713541666666667,0.22324389219284058,0.0
99,405504,1717.0,233.28365921336427,0.68,0.3,93.76,241.5364103495894,228.66306741010985,0.7,0.3,76.56666666666666,10.208642879128456,129.55797817707062,-0.01300070049862067,259.14163573582965,-0.16084119727214177,0.008903636084869503,0.11207682291666667,0.2232062965631485,0.0
100,409600,1719.9,209.98799975908113,0.64,0.36,86.26,245.85680875405322,225.68087238500618,0.7,0.26666666666666666,103.16666666666667,13.629588278134664,376.8971644810268,0.0014426163730344602,753.7911289760044,-0.16181797640664236,0.01088373052022819,0.11104910714285714,0.2231966257095337,1.0
101,413696,1718.3,222.12111756256738,0.64,0.34,97.68,229.70575375927805,235.05076547634354,0.6666666666666666,0.3,98.1,11.473329416910808,92.55756873197333,-0.015364961674826783,185.14553052325581,-0.16792422172635102,0.009139347984996993,0.11964026162790697,0.22161497175693512,1.0
102,417792,1716.1,242.76379915561483,0.7,0.3,86.16,204.03493119452457,243.1794801601441,0.6,0.36666666666666664,111.56666666666666,15.38841691017151,126.52899223168691,-0.014697469823295251,253.0870176156362,-0.17922376692295075,0.007677808853137928,0.09723307291666666,0.220708966255188,0.0
103,421888,1717.4,260.4151368640763,0.74,0.26,90.94,246.5726921234735,230.18889753489225,0.7,0.3,82.5,11.571308287978173,114.51172851448628,-0.01109292305686247,229.0452727132769,-0.18539169208327336,0.0074148076454372104,0.09479944029850747,0.22021764516830444,1.0
104,425984,1716.0,181.47860460833596,0.58,0.42,76.72,242.61445340546413,235.07308869861563,0.7,0.3,93.0,11.890030320485433,143.98793932596843,-0.013527728010861514,288.00256136258446,-0.18820880701144535,0.007728783501079306,0.09939778645833333,0.2205525040626526,0.0
105,430080,1713.9,239.66600074070524,0.7,0.3,79.36,241.5757698961174,230.12511577989554,0.7,0.3,87.73333333333333,11.675747323036195,197.98908813794455,-0.012742670914546277,396.00328941345214,-0.18918126026789348,0.006857340728553633,0.08792317708333333,0.21947327256202698,0.0
106,434176,1714.0,243.79930797439144,0.7,0.3,91.22,274.5673659876435,213.35080633521235,0.7666666666666667,0.23333333333333334,83.0,11.403814395268759,146.72073402404786,-0.012118636863306165,293.46531555175784,-0.19525241494178772,0.007057615001685918,0.08845703125,0.2194889336824417,1.0
107,438272,1715.6,245.57479920679106,0.7,0.3,88.1,238.90858747020522,232.11901649068292,0.7,0.3,77.76666666666667,10.44164494673411,95.66985742024013,-0.009775294716070805,191.35887848990305,-0.1935691501413073,0.0077656576027428465,0.09232700892857143,0.22002843022346497,1.0
108,442368,1715.1,243.16883901560502,0.7,0.3,86.08,256.5538469555698,222.25969064365896,0.7333333333333333,0.26666666666666666,77.3,10.093270619710287,167.19850141207377,-0.014712748620271061,334.42605749766034,-0.18801147292057674,0.009603334508331804,0.1255859375,0.22063079476356506,0.0
109,446464,1713.6,272.6111595599986,0.76,0.24,97.76,256.42857501765917,223.64134097226975,0.7333333333333333,0.26666666666666666,93.1,12.416378005345662,85.49789801141097,-0.011480078656199913,171.01838600918015,-0.18550939130557093,0.009761962889565675,0.12455568720379147,0.22023826837539673,1.0
110,450560,1713.0,225.67633805331704,0.66,0.32,89.46,188.02525592043241,245.3938952129716,0.6,0.4,83.53333333333333,11.094838186105092,88.0039012970463,-0.014275242449335193,176.03597081092096,-0.19212617733145274,0.009366254770367215,0.12142977150537634,0.2191593497991562,1.0
111,454656,1711.6,233.81315512272622,0.68,0.32,78.96,276.3682464760097,215.8937017007081,0.7666666666666667,0.23333333333333334,95.6,12.459068592389425,95.16639005025228,-0.013853847545882066,190.36009706285265,-0.19614395989312067,0.009280336034587689,0.11972222222222222,0.2197771966457367,1.0
112,458752,1711.9,265.8728768533253,0.74,0.24,96.12,275.0397352215093,213.49350042644505,0.7666666666666667,0.23333333333333334,83.5,11.238495473066966,83.09426651000976,-0.013462802095384132,166.21506165295114,-0.19740258077295816,0.009110878490865594,0.12136051829268292,0.21859952807426453,1.0
113,462848,1711.8,244.13677051699761,0.7,0.28,93.36,311.95552735844683,188.05021236066375,0.8333333333333334,0.16666666666666666,113.6,15.321001561482747,121.96861962587136,-0.009310351538044806,243.95545436795905,-0.2027632597401656,0.008346537937209504,0.1042601864640884,0.21883006393909454,1.0
114,466944,1710.5,231.71313508268997,0.68,0.3,103.92,322.12615918365475,172.202630341383,0.8666666666666667,0.13333333333333333,92.83333333333333,12.074987363815307,164.22403642336528,-0.015339529387226018,328.4783417701721,-0.20459404935439426,0.007245589108788408,0.091357421875,0.21782922744750977,0.0
115,471040,1711.0,251.1531083828582,0.72,0.26,100.12,243.15633905772359,233.01347573839422,0.7,0.3,78.0,10.75340721209844,106.74393939036949,-0.012812361872170632,213.5130828782624,-0.20986070294006198,0.008715487501867042,0.1130514705882353,0.21786531805992126,1.0
116,475136,1709.3,203.9141007193561,0.62,0.34,104.58,227.0883334357396,232.60641432360268,0.6666666666666666,0.3,103.06666666666666,12.88785654703776,122.61618900299072,-0.010916885256830771,245.2537767236883,-0.21656519228761847,0.007626247325573455,0.10021306818181819,0.21587297320365906,1.0
117,479232,1710.3,216.75758342400425,0.66,0.34,89.66,227.34482574487706,240.18608087450787,0.6666666666666666,0.3333333333333333,95.66666666666667,12.655487207571666,109.76483476161957,-0.01377069235604722,219.5567493915558,-0.23134537264704705,0.009949398436583578,0.1255126953125,0.21516437828540802,1.0
118,483328,1711.2,291.05632621936564,0.8,0.2,98.0,292.15089152421575,206.13383709768715,0.8,0.2,83.53333333333333,10.878959274291992,160.2536306955728,-0.013658580345000667,320.5341095062624,-0.2338333022163575,0.008744161557798913,0.11810523343373494,0.21570198237895966,1.0
119,487424,1709.3,253.3494623204945,0.72,0.28,91.08,183.7284589457491,242.27931994237187,0.5666666666666667,0.36666666666666664,106.23333333333333,12.888254336516063,196.37949928994905,-0.013348427370301116,392.78522850295246,-0.22889267489061518,0.007873575717123951,0.10182733050847458,0.2159012109041214,1.0
120,491520,1710.2,160.6308878870717,0.54,0.46,87.84,226.339350149504,237.49706842541636,0.6666666666666666,0.3333333333333333,84.66666666666667,11.695170958836874,170.64603383917557,-0.007403946138526264,341.30642328764264,-0.22661413330780833,0.00644960385551186,0.08092619243421052,0.21619965136051178,1.0
121,495616,1709.9,243.81427677741803,0.7,0.3,107.64,227.2259118397352,233.36291228374444,0.6666666666666666,0.3,90.73333333333333,11.994930080572765,100.62056906826525,-0.011047895289452589,201.26278493490562,-0.22468457667224379,0.00843091056884143,0.10328030873493976,0.21628805994987488,1.0
122,499712,1711.3,263.6282937629283,0.74,0.26,88.96,175.73544781493078,248.45588718992835,0.5666666666666667,0.43333333333333335,82.03333333333333,10.842765468358994,113.65108610299917,-0.011377834285107942,227.32447985135593,-0.22390487652558547,0.008092435682192445,0.107421875,0.216338112950325,1.0
123,503808,1711.5,263.92234939404085,0.74,0.26,83.42,231.49112007895488,231.69078927671075,0.6666666666666666,0.3,100.86666666666666,12.33082593679428,157.40893109639487,-0.014242478968276654,314.8458972978003,-0.22512890306519873,0.009065464380438681,0.1136670524691358,0.215928852558136,1.0
124,507904,1710.9,193.4380486619367,0.6,0.4,76.98,261.8567702547746,222.33119675611513,0.7333333333333333,0.26666666666666666,90.2,12.553555870056153,114.30846533799534,-0.014347207793956481,228.64517012465424,-0.22835421622707153,0.008942905997829086,0.11443131345177665,0.2160995900630951,1.0
125,512000,1710.3,229.58764138324528,0.68,0.32,91.04,224.920848918118,238.3282093188968,0.6666666666666666,0.3333333333333333,81.63333333333334,10.951432414849599,125.99237630367278,-0.014524778682001246,252.013351949056,-0.22520730594793956,0.008734725585478978,0.11321614583333334,0.21632695198059082,0.0
126,516096,1709.8,250.7747436980133,0.72,0.28,100.86,248.58123391671776,224.31508552010553,0.7,0.26666666666666666,112.53333333333333,15.483554474512736,115.60985208169008,-0.01213719733298207,231.24352516761192,-0.22613803606766922,0.008427957869254243,0.10823317307692308,0.2154655158519745,1.0
127,520192,1710.8,289.06398476306674,0.78,0.18,113.2,191.11966834680717,245.63806240149378,0.6,0.4,91.0,12.220398519436518,117.51661227731144,-0.011784538028159123,235.0563206840964,-0.2365434863988091,0.008219395853195558,0.10489430147058823,0.21436119079589844,1.0
128,524288,1711.2,288.7053522554198,0.78,0.2,103.38,224.61290826400372,235.65371794822204,0.6666666666666666,0.3333333333333333,81.9,11.025833757718404,109.9477043571053,-0.013329966117853073,219.92158082815317,-0.24283034591884403,0.008722279248963837,0.11673677884615384,0.21427980065345764,1.0
129,528384,1711.8,204.15590136459525,0.62,0.38,96.18,225.72366836238066,238.54356296253223,0.6666666666666666,0.3333333333333333,73.73333333333333,10.217236749331157,158.13055174691337,-0.010277465545353765,316.281167439052,-0.24533743639381564,0.009757282224255709,0.13058035714285715,0.2135646641254425,1.0
130,532480,1710.8,260.94006254254543,0.74,0.26,90.26,301.2452891000814,182.5567803637818,0.8333333333333334,0.16666666666666666,93.96666666666667,11.690251533190409,114.68325133511073,-0.013998022160643313,229.39398904658822,-0.2558469100810555,0.008617234103153886,0.10667985807860263,0.2119266390800476,1.0
131,536576,1710.0,191.7565580173089,0.6,0.4,80.56,244.98756245769226,227.58205836310512,0.7,0.3,80.83333333333333,11.083498994509378,111.0821846181696,-0.014645395664065475,222.19312057109795,-0.2687943932986019,0.008170932985258976,0.10562657828282829,0.21125437319278717,1.0
132,540672,1710.4,213.65049162147224,0.64,0.36,76.58,174.2146221940197,249.1438240373716,0.5666666666666667,0.43333333333333335,81.4,10.646528526147206,167.97118768837245,-0.01702261851098256,335.975872368982,-0.2723956483269706,0.009549358112709171,0.12345336294416244,0.21088339388370514,1.0
133,544768,1710.2,271.33056799105753,0.76,0.24,107.94,230.2721194665169,239.21148171249297,0.6666666666666666,0.3333333333333333,86.63333333333334,11.993825365106265,140.5998491989939,-0.013177953140908166,281.2255004882812,-0.27785506938633164,0.008730666156809189,0.1140625,0.21040724217891693,1.0
134,548864,1710.0,233.9512303060491,0.68,0.32,75.5,229.4591393550737,237.0486694061993,0.6666666666666666,0.3333333333333333,90.36666666666666,12.769563468297322,133.5748135561199,-0.011057449988563239,267.1711823568179,-0.28007590701814333,0.008699194520087428,0.1103459176300578,0.21024629473686218,1.0
135,552960,1709.4,215.14418422020546,0.64,0.34,94.02,222.84919987002434,234.04279873051323,0.6666666666666666,0.3333333333333333,95.86666666666666,11.643379592895508,105.46159938009161,-0.010609091495433333,210.94384855973092,-0.28401982847012974,0.010252389512760075,0.13127055921052633,0.20991063117980957,1.0
136,557056,1708.4,206.5695371505346,0.62,0.36,103.5,125.06454837004546,254.09632210175556,0.4666666666666667,0.5333333333333333,86.36666666666666,11.632044418652852,107.46094981337015,-0.011369987759755644,214.94405840983433,-0.2905397494282343,0.009319059528097246,0.12308144358407079,0.2083968073129654,1.0
137,561152,1708.2,243.08272800994476,0.7,0.3,74.14,208.74719608902885,244.93328738206432,0.6333333333333333,0.36666666666666664,90.43333333333334,11.976996874809265,138.27238469123841,-0.014675084853661247,276.57350867589315,-0.3031150793035825,0.009786081623557645,0.1279296875,0.20761524140834808,0.0
138,565248,1707.4,182.60580530458682,0.58,0.42,82.96,236.2315815746196,235.35539686421362,0.7,0.3,109.33333333333333,13.338109689950944,138.0782822391443,-0.014517154164710328,276.18497932166383,-0.3106766709110193,0.008248411771522737,0.10377261513157894,0.20661494135856628,1.0
139,569344,1706.5,160.28192936021094,0.54,0.46,88.44,183.16217889546482,246.12636739693235,0.6,0.4,78.1,9.485417697827021,163.0731473763784,-0.012876231132152801,326.171418317159,-0.3159087305267652,0.008355353410782604,0.10361328125,0.20713724195957184,0.0
140,573440,1706.9,252.8617625017444,0.72,0.28,89.14,295.39622326921966,199.5789181697027,0.8,0.2,83.7,11.722183418273925,142.52365415794415,-0.01353474092561731,285.0737571505552,-0.3132367963948961,0.007215581040633893,0.09113863950276244,0.20650418102741241,1.0
141,577536,1707.3,252.9456931681942,0.72,0.28,94.9,211.12667999962977,247.06782152563582,0.6333333333333333,0.36666666666666664,88.53333333333333,12.396522601445517,138.9532219671434,-0.011864309555159942,277.9295362903226,-0.3176091617153537,0.009751136695605612,0.12613407258064516,0.2065626084804535,1.0
142,581632,1707.0,249.87821820938788,0.72,0.28,99.26,213.4062090904394,243.92548040107184,0.6333333333333333,0.36666666666666664,84.43333333333334,11.685007374236982,142.8152553240458,-0.01213027011253871,285.6541257540385,-0.32405362476905186,0.008449938578996808,0.11116536458333333,0.20456553995609283,0.0
143,585728,1706.9,221.24842426830932,0.66,0.34,86.64,257.00651613424253,219.5651010496238,0.7333333333333333,0.26666666666666666,97.5,12.09515643119812,111.0264828964904,-0.013053309648287492,222.07838431557457,-0.344601388160999,0.00911673495372,0.11343149038461539,0.2026815414428711,1.0
144,589824,1706.2,223.1791543158965,0.66,0.34,84.94,224.0876623182947,239.7569680418146,0.6666666666666666,0.3333333333333333,74.16666666666667,9.728115653991699,150.91019787604205,-0.012862373743997686,301.8454029754508,-0.35786616597564436,0.008114226864922648,0.10146190987124463,0.20199638605117798,1.0
145,593920,1705.3,230.90653478218107,0.68,0.32,92.74,178.7773108910771,242.30189677725,0.5666666666666667,0.4,104.73333333333333,11.275102849801382,149.52265140574465,-0.012854718335313342,299.0702759937574,-0.367003817712107,0.008414077204501918,0.1090809811827957,0.20072805881500244,1.0
146,598016,1705.6,255.56170554463327,0.72,0.28,80.36,219.0065120860591,243.63203750282167,0.6666666666666666,0.3333333333333333,84.76666666666667,11.173556600014368,120.2712461816983,-0.013285974150626208,240.56830741101362,-0.3769962900266873,0.008018692487880117,0.10217765748031496,0.2001858651638031,1.0
147,602112,1705.2,242.80609563889294,0.7,0.3,100.88,236.63759965391515,227.51826364086642,0.7,0.3,76.9,10.253887422879536,140.1505755583445,-0.013092258697724901,280.32658367156984,-0.37690946559111277,0.007843208669995268,0.1056640625,0.20109720528125763,0.0
148,606208,1703.8,190.9798522489112,0.6,0.4,96.92,189.73553892001573,245.23542106176413,0.6,0.4,88.73333333333333,11.53854568004608,215.97452592849731,-0.014884368189571735,431.97808157602947,-0.37058964868386585,0.007752372891021272,0.09934895833333333,0.2011212855577469,0.0
149,610304,1705.0,221.66921477713956,0.66,0.34,89.9,311.70532688817326,186.0323684146211,0.8333333333333334,0.16666666666666666,97.3,13.829703998565673,127.26415390358832,-0.011234736948841273,254.55003523288812,-0.3725139852753259,0.008195950996298763,0.10526315789473684,0.20061787962913513,1.0
150,614400,1705.4,216.9994351888377,0.66,0.34,86.98,207.11362304948508,241.71082960926353,0.6333333333333333,0.36666666666666664,72.73333333333333,9.423581198851268,191.94905420821934,-0.01421206498793262,383.92577140561997,-0.3827567408161779,0.009288522148770946,0.12159778225806452,0.1990383267402649,1.0
151,618496,1706.4,228.86665462674227,0.68,0.32,101.22,192.30669394457942,246.06211336201832,0.6,0.4,80.03333333333333,10.831889454523722,212.29589525401164,-0.007108624146835839,424.6052197792547,-0.39164636632521377,0.007601837955897661,0.09622302158273381,0.19902834296226501,1.0
152,622592,1706.8,231.16657193118127,0.68,0.32,110.88,294.7618437471986,200.8034535647514,0.8,0.2,96.3,12.776733724276225,150.0248699071217,-0.013075687335461286,300.0750972537175,-0.3948474764092568,0.008615224823595648,0.10954275306748466,0.19829565286636353,1.0
153,626688,1708.2,242.3872628921805,0.7,0.3,85.8,241.6985772451021,229.08508759603416,0.7,0.3,78.2,10.834047349294027,108.17936521623193,-0.011376200683937385,216.38068687625048,-0.39902863269898947,0.008575954443275384,0.11487709603658537,0.19820621609687805,1.0
154,630784,1708.7,302.31128333753173,0.82,0.18,94.7,196.771608754075,247.3135396086149,0.6,0.4,100.0,12.568392149607341,157.69165423237686,-0.011382311767508797,315.4052713813511,-0.40271897138433255,0.008538805149786227,0.10926418439716312,0.19747838377952576,1.0
155,634880,1709.5,303.9927181015457,0.82,0.16,115.9,204.64857912045946,246.8193944303786,0.6333333333333333,0.36666666666666664,93.36666666666666,11.816450492540996,109.8461284834085,-0.006804936695075834,219.705050045682,-0.4079008547915626,0.008652624870967312,0.11034149484536082,0.1973492056131363,1.0
156,638976,1708.3,234.52832116547472,0.68,0.32,78.94,260.7803286885231,219.10374104776815,0.7333333333333333,0.26666666666666666,91.73333333333333,12.320687977472941,181.32069816589356,-0.011097652738681064,362.66277332305907,-0.4107607511182626,0.007992898221709765,0.10260416666666666,0.19679290056228638,0.0
157,643072,1709.1,209.69284224514428,0.62,0.36,95.9,280.18184851839004,207.49614368479936,0.7666666666666667,0.2,111.96666666666667,14.94561211268107,128.0402225572236,-0.010599529921856463,256.1008180112255,-0.41434803057690056,0.0067668900520977925,0.08322704081632654,0.19678206741809845,1.0
158,647168,1709.5,281.33678497845193,0.78,0.22,108.34,292.78727160391435,201.69258753104293,0.8,0.2,84.86666666666666,11.885494913657507,110.31608851750691,-0.011397431915005049,220.6541484485973,-0.41212729838761414,0.008063011580485512,0.10014204545454546,0.19727706909179688,1.0
159,651264,1709.9,200.40209982521276,0.62,0.38,77.64,177.15606350950014,251.14543583704432,0.5666666666666667,0.43333333333333335,89.86666666666666,11.655492399136225,142.64801821837554,-0.011459856451413519,285.3181353388606,-0.4117698770117115,0.009873985094207062,0.12679476351351351,0.1965172290802002,1.0
160,655360,1709.4,275.8800645253058,0.76,0.24,95.28,276.49851616796695,207.45460025762205,0.7666666666666667,0.2,110.93333333333334,15.077228323618572,108.90835081884103,-0.009105597193129072,217.83406986561857,-0.42269898962604907,0.008027435096283985,0.10183502906976744,0.19527828693389893,1.0
161,659456,1711.6,180.28772268408508,0.58,0.4,90.06,244.18798084940573,231.5085303193126,0.7,0.3,93.16666666666667,12.23827667236328,403.8870461203835,0.018719830973581833,807.7357899058949,-0.43028073148293927,0.009700985540720549,0.10901988636363637,0.1952105611562729,1.0
162,663552,1712.2,261.4467176403347,0.74,0.26,85.38,206.29462673776567,244.19244325571066,0.6333333333333333,0.36666666666666664,89.06666666666666,11.892963210741678,150.99069273961734,-0.011760796058272356,302.004044571968,-0.43272907848227515,0.008096275610326189,0.10520119863013698,0.1947108656167984,1.0
163,667648,1712.4,172.48901008542867,0.56,0.44,82.06,292.8094955466803,202.99750304324178,0.8,0.2,81.33333333333333,10.726808015008768,144.2502413904944,-0.013540872519965781,288.52669347718705,-0.43557043047838434,0.008460128862887275,0.10714026162790698,0.19456788897514343,1.0
164,671744,1712.1,252.49038762637588,0.72,0.28,75.78,210.83614080886,243.45578357266157,0.6333333333333333,0.36666666666666664,90.4,12.454085302352905,113.98392473017503,-0.012678896598186967,227.99233065764915,-0.4384555845393747,0.008650715727604888,0.10651967005076142,0.19419163465499878,1.0
165,675840,1712.3,231.95797789756563,0.68,0.32,89.3,243.97754768038516,234.19180893414168,0.7,0.3,78.83333333333333,10.993758789698283,133.27094122079703,-0.0160881859488465,266.5731727289398,-0.4450793602078209,0.009426772930528717,0.12920673076923078,0.19310227036476135,1.0
166,679936,1713.2,216.11394120535817,0.64,0.34,107.46,243.02988230127468,233.7587281698883,0.7,0.3,94.0,13.253851342201234,101.02059821541428,-0.009080053795895255,202.0584493867049,-0.4526341508889029,0.009109483344863492,0.11862810283687943,0.1929113268852234,1.0
167,684032,1713.1,177.6646797712636,0.56,0.4,116.94,209.8283207490728,243.5802539963482,0.6333333333333333,0.3333333333333333,112.73333333333333,14.952223841349284,174.56460528903537,-0.00921890216615097,349.14673143551676,-0.4569246914283729,0.00794869142205075,0.10202064043209877,0.19204729795455933,1.0
168,688128,1713.5,241.8167721373363,0.7,0.3,90.24,277.01374745314376,215.15878379527493,0.7666666666666667,0.23333333333333334,85.73333333333333,11.55985324382782,130.8176537422137,-0.014245224222119919,261.66286718508616,-0.46702102449654187,0.009235832911237316,0.11923993644067797,0.19125793874263763,1.0
169,692224,1713.3,246.4575722095087,0.7,0.28,103.54,194.62076607829906,253.98303011746685,0.6,0.4,92.7,12.195537843306859,114.2024880250295,-0.010761237951724237,228.42556291156345,-0.46886807321398344,0.00998643356595292,0.13190827546296297,0.19192835688591003,1.0
170,696320,1714.6,241.97911108562508,0.68,0.28,106.26,313.6905540905221,186.9595889351221,0.8333333333333334,0.16666666666666666,85.26666666666667,11.604401588439941,90.44664185082735,-0.010199374312521029,180.91275622239755,-0.463672842107602,0.010117470062643623,0.1257870802238806,0.19214874505996704,1.0
171,700416,1715.2,269.4989482218747,0.74,0.24,106.56,239.93561624193026,233.07253550452722,0.7,0.3,92.13333333333334,11.967094190915425,134.99295744603995,-0.008904224239467155,270.00279910548204,-0.4632362628064188,0.00837211985755585,0.10677083333333333,0.1920090913772583,1.0
172,704512,1715.9,214.2165146754206,0.64,0.36,96.22,174.73314696620724,252.37124673184377,0.5666666666666667,0.43333333333333335,87.63333333333334,11.952980637550354,142.17713684923066,-0.009020397263601071,284.37138066329356,-0.4678682846816506,0.008018017917006152,0.10279281496062992,0.19113066792488098,1.0
173,708608,1715.8,200.25310560868738,0.62,0.38,87.62,241.39612431293025,231.21651558010373,0.7,0.3,91.76666666666667,12.10832606156667,141.08108318811176,-0.01618840362095199,282.19359417619376,-0.47358304262161255,0.008742626930383602,0.11002604166666667,0.19096364080905914,1.0
174,712704,1716.5,203.49634696410666,0.62,0.36,104.1,223.23578133267034,235.72260951368406,0.6666666666666666,0.3333333333333333,74.83333333333333,9.649470223983128,129.53298420988756,-0.011667841560923296,259.0883563267702,-0.47290991651529524,0.00898813671497036,0.1105265534682081,0.19154679775238037,1.0
175,716800,1715.6,295.0129522898695,0.8,0.18,91.3,260.3794753330028,221.52649492336477,0.7333333333333333,0.26666666666666666,85.43333333333334,11.787739316622416,179.8220009803772,-0.013128106953809037,359.6693158149719,-0.4711232721805573,0.00837122338222495,0.11013997395833333,0.19086842238903046,0.0
176,720896,1715.6,241.99822586645053,0.7,0.28,96.2,207.27219769497358,244.55384198852215,0.6333333333333333,0.36666666666666664,88.33333333333333,12.248831526438396,194.04506780184232,-0.008600282429072719,388.1063835144043,-0.47562745626156144,0.006993604277690442,0.08942307692307692,0.1909794807434082,1.0
177,724992,1715.5,243.47252355250635,0.7,0.3,79.0,261.8983463081558,222.6482138557268,0.7333333333333333,0.26666666666666666,95.43333333333334,13.292701681454977,145.31208307602827,-0.01112910357750013,290.6454703707655,-0.4763579158221974,0.007987691719523248,0.09929753151260504,0.19058403372764587,1.0
178,729088,1715.6,261.7027924367934,0.74,0.26,94.36,239.37374557538945,232.7791402417945,0.7,0.3,86.96666666666667,11.591809873779615,171.37947653493575,-0.010409710733520408,342.7788128760553,-0.4800834082788037,0.008199502242308471,0.1064516129032258,0.19018614292144775,1.0
179,733184,1715.7,261.42510114128356,0.74,0.26,96.6,231.10887586271164,239.00233902727598,0.6666666666666666,0.3333333333333333,112.53333333333333,15.350977810223897,162.8370365642366,-0.008793309519422195,325.69068286532445,-0.4864092568556468,0.00850336872584497,0.10756138392857142,0.1893543004989624,1.0
180,737280,1715.5,263.970067264295,0.74,0.24,107.7,241.11409157306923,234.39733339550182,0.7,0.3,99.46666666666667,12.956021030743917,111.12714999995819,-0.013664849466095641,222.28065292149373,-0.4897807673232196,0.00982934305578317,0.12227097602739725,0.18985438346862793,1.0
181,741376,1716.7,213.79401896544044,0.64,0.36,80.62,124.71526883597971,250.58227513110162,0.4666666666666667,0.5333333333333333,64.3,8.4544626335303,129.5039325216542,-0.013482905487003533,259.03385351429813,-0.48789230740588646,0.007395388987725196,0.09402173913043478,0.18937833607196808,1.0
182,745472,1716.5,234.73028197797362,0.68,0.32,85.04,261.29586750843123,220.09896724601433,0.7333333333333333,0.26666666666666666,81.46666666666667,11.317552709579468,141.85799224853517,-0.009794780071824789,283.7345884050642,-0.4942422470024654,0.008883256599573152,0.11267857142857143,0.1888807862997055,1.0
183,749568,1717.7,260.74349075514385,0.74,0.26,97.0,206.64894671091562,240.75867216554673,0.6333333333333333,0.36666666666666664,78.66666666666667,10.12368667324384,174.73301988684614,-0.008148954403789148,349.48134772259255,-0.4955476366955301,0.007757689627697286,0.09639945652173913,0.189213827252388,1.0
184,753664,1717.8,182.92693141069267,0.58,0.4,93.5,280.7340940417047,212.7319572147453,0.7666666666666667,0.23333333333333334,91.23333333333333,12.882847356796265,121.445307974088,-0.013864395645378674,242.9173566958325,-0.49536974382939314,0.008584432549890404,0.1076315324858757,0.18857312202453613,1.0
185,757760,1716.5,194.86254166882088,0.6,0.38,88.72,278.59449404604754,200.52965535126472,0.7666666666666667,0.16666666666666666,130.86666666666667,15.728897404670715,142.2723225696546,-0.015457782218836143,284.5745677679357,-0.4964587008449393,0.009604936903954742,0.11815947769953052,0.18915338814258575,1.0
186,761856,1716.9,231.06840615220085,0.68,0.32,79.86,208.79213187281096,238.48606219992573,0.6333333333333333,0.36666666666666664,83.36666666666666,10.5644881884257,155.97533120319343,-0.012604328904561935,311.9748930718489,-0.49140288647572705,0.00892142593344543,0.11673964968152867,0.18940171599388123,1.0
187,765952,1717.3,201.4006242584988,0.62,0.38,91.62,229.3204882271929,229.63580638075214,0.6666666666666666,0.3,106.8,13.371654512484868,170.47995671103982,-0.005582471354179741,340.9700961393469,-0.4921273733763134,0.007537673006642281,0.09363511029411764,0.18903353810310364,1.0
188,770048,1717.8,275.8462872722322,0.76,0.24,84.46,267.60529311999363,224.55686154284348,0.7333333333333333,0.26666666666666666,89.43333333333334,12.828404919306438,205.4066094323028,-0.012803992142619418,410.8378424884604,-0.4960242773560311,0.0089210466843554,0.10462567446043165,0.1885848045349121,1.0
189,774144,1718.2,276.81685473404906,0.76,0.24,100.94,167.2467525006665,241.6806769900614,0.5333333333333333,0.43333333333333335,104.33333333333333,14.241525634129841,213.81133270263672,-0.008016280976325734,427.6377001890202,-0.49988262186345367,0.006867595480217301,0.08485019329896908,0.1883591264486313,1.0
190,778240,1717.9,241.46622122798686,0.7,0.3,85.42,245.447717021261,230.3012086019845,0.7,0.3,91.6,12.43160498936971,124.30176954171093,-0.01654417213105318,248.63562163126838,-0.5044673773431286,0.009863176091439715,0.12437580541237113,0.18773609399795532,1.0
191,782336,1717.8,230.0093184713291,0.68,0.32,89.36,241.8285590099489,230.22614611263543,0.7,0.3,95.8,12.18064525127411,234.50248339749123,-0.010994878066920264,469.0259438448174,-0.5064763671668001,0.00795214892321721,0.09744428294573644,0.18796035647392273,1.0
192,786432,1717.2,234.01824702881666,0.68,0.32,85.06,192.15790761758498,248.83415679324173,0.6,0.4,106.7,13.22439227104187,150.22475197897003,-0.014696279946162084,300.4778861086905,-0.5024552644725051,0.009729322773497997,0.12614010167464115,0.18848687410354614,1.0
193,790528,1717.7,246.18248174987926,0.7,0.28,85.88,188.28960451241633,246.64172060459163,0.6,0.4,96.5,12.700192523002624,201.62821584939957,-0.010159005934838206,403.2757509946823,-0.5014411988668144,0.006828745657912805,0.08306884765625,0.18799802660942078,1.0
194,794624,1717.7,181.41498014780808,0.58,0.4,102.98,257.495028973939,227.03078059296337,0.7333333333333333,0.26666666666666666,97.26666666666667,12.336559287707011,158.2882960801272,-0.011512214223105345,316.59859580600386,-0.5080589099028676,0.009836128273181925,0.12800016108247422,0.1873454749584198,1.0
195,798720,1718.4,223.03883308260546,0.66,0.34,87.22,242.83923723379684,233.6084861105114,0.7,0.3,76.23333333333333,10.604263655344646,167.25245473291966,-0.011758670691618478,334.5273950254762,-0.5124525540060811,0.008518370238810101,0.11003449675324675,0.18717893958091736,1.0
196,802816,1718.6,216.11079754154306,0.64,0.34,96.3,239.75830299123092,231.07720280797813,0.7,0.3,78.16666666666667,10.367269835869472,140.6696631896672,-0.01280318916284392,281.36391488436993,-0.5077447798745386,0.00994961674375634,0.12804033251231528,0.18866480886936188,1.0
197,806912,1719.0,239.3747923468665,0.7,0.3,85.04,206.25024962364657,239.24049757555736,0.6333333333333333,0.36666666666666664,83.53333333333333,10.786373972892761,185.61762385391162,-0.017184352459893984,371.26862211090526,-0.4984039217946632,0.009613710826565846,0.1287193480861244,0.18841776251792908,1.0
198,811008,1719.1,269.82050059587436,0.76,0.24,101.68,213.43487459798897,237.4975848582842,0.6333333333333333,0.3333333333333333,107.9,14.714276178677876,104.15574891027742,-0.012533135922883984,208.33555263324376,-0.5054465575809897,0.00896128355763363,0.11148494525547445,0.18718752264976501,1.0
199,815104,1718.8,252.06603439879743,0.72,0.28,116.68,214.84256304694114,244.56181146689866,0.6333333333333333,0.36666666666666664,80.2,11.3587437748909,163.8711469920408,-0.016033703524243614,327.7733256131283,-0.51592922773484,0.009091964907856267,0.11866282188841201,0.1867682784795761,1.0
200,819200,1718.2,251.46816217958346,0.72,0.26,94.68,308.7921191229714,193.97222969546084,0.8333333333333334,0.16666666666666666,108.96666666666667,15.22323268254598,137.39396534690374,-0.015266877295496532,274.8174300374864,-0.5161754851099811,0.009614977030720137,0.12410996835443038,0.18707934021949768,1.0
201,823296,1718.3,213.2234514849788,0.64,0.34,91.96,280.34792281389946,213.26680335027706,0.7666666666666667,0.23333333333333334,93.86666666666666,12.880028104782104,118.35420461521028,-0.00830942037022987,236.72400096723229,-0.5135080988999385,0.00895381628559416,0.11855593152866242,0.18730777502059937,1.0
202,827392,1719.3,209.7634216303509,0.64,0.36,88.0,222.70683358758887,234.94717291254474,0.6666666666666666,0.3333333333333333,76.76666666666667,9.420603378613789,127.00269932709924,-0.011100332559512337,254.0265640140504,-0.5149583747220594,0.008821746269457562,0.11276647286821706,0.1866748332977295,1.0
203,831488,1719.4,308.0944446986835,0.82,0.16,98.78,159.00952066960295,250.36757802388271,0.5333333333333333,0.4666666666666667,91.9,11.978722582260767,100.8684871579394,-0.011077012300468337,201.75809511726285,-0.517050979314027,0.009240317312184216,0.11706693672839506,0.18733501434326172,1.0
204,835584,1720.4,184.48665598782333,0.58,0.4,97.36,239.43996226544604,227.61251503163538,0.7,0.3,80.63333333333334,10.415339516599973,104.97197784916047,-0.010466288629999404,209.96385750719296,-0.5145950721156213,0.0089081387230826,0.11378528225806452,0.18658408522605896,1.0
205,839680,1721.5,226.49733898624717,0.66,0.32,104.52,170.99324291803202,245.2825852487547,0.5666666666666667,0.43333333333333335,78.2,9.750672268867493,122.64725269488434,-0.013535814498787496,245.32053733939554,-0.5218852878506504,0.009192840607989746,0.12313432835820895,0.18630704283714294,1.0
206,843776,1722.0,132.18972196081896,0.48,0.52,79.06,243.41315590551687,229.37685671907988,0.7,0.3,80.73333333333333,11.309433309237162,155.55723118953568,-0.011282228901580298,311.13597546035436,-0.5275088977470672,0.008068168552578997,0.10530013489208633,0.1853155791759491,1.0
207,847872,1721.4,210.23047184774788,0.64,0.36,89.66,259.5729928183365,223.6765876528732,0.7333333333333333,0.26666666666666666,90.9,11.978088959058125,169.36770579020182,-0.013817988558170888,338.7619776799129,-0.5329204507363148,0.009557750132173682,0.12161458333333333,0.1855519413948059,1.0
208,851968,1721.7,254.0533667215538,0.72,0.28,85.36,177.42282922775647,251.00288094914671,0.5666666666666667,0.43333333333333335,85.06666666666666,11.656583876411121,138.65837412867052,-0.011674953399804133,277.3390416638604,-0.5286330654703337,0.009820976508139023,0.13095366379310344,0.18614335358142853,1.0
209,856064,1722.4,267.21992502777744,0.74,0.26,98.4,174.10401376904701,250.40498464885053,0.5666666666666667,0.43333333333333335,74.43333333333334,9.817653572559356,131.78076226711272,-0.013025756500428542,263.58652753829955,-0.526383151859045,0.010650281593552791,0.1359130859375,0.18565508723258972,1.0
210,860160,1722.8,304.7262412667002,0.82,0.18,97.4,252.24253208267888,222.27895647044843,0.7,0.23333333333333334,123.03333333333333,16.139539722601572,92.90603305982506,-0.009164810221156349,185.829331870701,-0.5311628932538239,0.00937623254671369,0.12207880434782609,0.18538054823875427,1.0
211,864256,1723.2,265.4245816174151,0.74,0.26,94.8,176.98785602720244,245.6786225117703,0.5666666666666667,0.4,95.73333333333333,12.119291122754415,108.3786409217191,-0.009203691602157182,216.7746214349586,-0.5342015193169376,0.008664433746205935,0.11219879518072289,0.18526990711688995,1.0
212,868352,1722.8,256.4550796673408,0.72,0.28,104.12,239.15435896025264,226.4380221141991,0.7,0.3,83.13333333333334,10.899515056610108,192.57327642440796,-0.012620172835886479,385.1707269350688,-0.5321140887836615,0.007830500494067867,0.101513671875,0.18571963906288147,0.0
213,872448,1723.3,263.72887126711214,0.74,0.26,95.32,271.59909574305755,212.56572396260765,0.7666666666666667,0.23333333333333334,105.93333333333334,13.28382903734843,107.91566625134698,-0.010546254540054962,215.85136311629722,-0.5303623604363409,0.008427438263957998,0.10681573275862069,0.18549180030822754,1.0
214,876544,1724.0,277.1318984300596,0.76,0.2,99.82,224.53743439690285,238.7551435353975,0.6666666666666666,0.3333333333333333,90.03333333333333,12.076250847180685,107.9146157826809,-0.009412471880359168,215.84698468644098,-0.5357825187657843,0.01005204887258888,0.12603476821192053,0.18464645743370056,1.0
215,880640,1723.6,214.90396717675736,0.64,0.34,107.0,272.89166681337025,208.21682557428562,0.7666666666666667,0.23333333333333334,107.3,12.880409550666808,92.77293264543688,-0.011561817404612698,185.5679020752778,-0.5427305074156942,0.009318844036111055,0.12127850506756757,0.18435056507587433,1.0
216,884736,1723.2,212.02511920022454,0.64,0.36,92.16,196.070298009007,236.0312957865535,0.6,0.36666666666666664,103.73333333333333,13.743541636069615,142.78940663861403,-0.013759848426198425,285.6052336058865,-0.5470787838015253,0.00997480726800859,0.13292539739884393,0.1836482584476471,1.0
217,888832,1722.8,293.80572819963936,0.8,0.2,108.4,266.93297991045466,217.9549518319225,0.7333333333333333,0.23333333333333334,110.4,14.442726850509644,112.60924668610096,-0.010023822331277188,225.2374405860901,-0.5528364637866616,0.00910398951600655,0.11700439453125,0.18337535858154297,1.0
218,892928,1723.4,181.09413871540409,0.58,0.42,96.38,175.46581495756428,243.8473011596292,0.5666666666666667,0.43333333333333335,87.06666666666666,11.232075767964124,216.99634687779314,-0.00997663488990422,434.01154055837856,-0.5565838909755318,0.0070100099665223285,0.08722854872881355,0.18306463956832886,1.0
219,897024,1724.0,242.54689056646308,0.7,0.3,86.5,174.24027248857436,249.1846466384694,0.5666666666666667,0.43333333333333335,69.93333333333334,9.210630261898041,146.86715731302897,-0.01087652940923969,293.75495961507164,-0.5554630156358084,0.008720106429730852,0.11484375,0.1836583912372589,1.0
220,901120,1724.5,244.17586776729885,0.7,0.3,106.72,296.3588734864054,202.09461514322956,0.8,0.2,78.86666666666666,11.475857071081798,175.739280632564,-0.010839656706333958,351.4991420337132,-0.5497076202716146,0.00866091977098092,0.10843331473214286,0.18412059545516968,1.0
221,905216,1724.5,233.8227041329668,0.68,0.32,83.2,281.71082327108076,214.82975305585924,0.7666666666666667,0.23333333333333334,90.56666666666666,13.256770364443462,147.66138921667027,-0.012261045675862718,295.34620802137584,-0.5454581428457189,0.008145368095763304,0.10081018518518518,0.18435996770858765,1.0
222,909312,1724.8,242.35435298929795,0.7,0.3,89.28,274.91704103889776,209.7662833682861,0.7666666666666667,0.23333333333333334,85.4,11.21238759358724,152.7520499936996,-0.012435189213964247,305.5278790381647,-0.5437740948892409,0.00907103284862974,0.11880040322580646,0.184425488114357,1.0
223,913408,1725.3,273.3537772085882,0.76,0.24,86.98,257.8936543710613,224.09044312423052,0.7333333333333333,0.26666666666666666,105.06666666666666,12.200633557637532,137.56750324410453,-0.011045344047654997,275.15600677275324,-0.5434381286023369,0.008855887718210128,0.11080545774647887,0.1843169629573822,1.0
224,917504,1725.9,224.37286790641417,0.66,0.34,88.5,243.67329654953681,225.44338760302736,0.7,0.26666666666666666,95.26666666666667,11.966956813136736,176.32900405348394,-0.009904555208458189,352.67671792549,-0.5457386322188795,0.007640782492480388,0.09464089912280702,0.1840229332447052,1.0
225,921600,1725.5,231.55578755310057,0.68,0.32,86.02,244.61936536825212,235.12435644109925,0.7,0.3,102.46666666666667,13.48145721356074,176.64710911115012,-0.014129463729962785,353.3213769197464,-0.5486448599646488,0.009081551851219652,0.11800130208333333,0.18385963141918182,1.0
226,925696,1725.2,199.27157991701336,0.62,0.38,101.36,261.57424920027444,217.92838215387488,0.7333333333333333,0.23333333333333334,90.2,12.184022214015325,156.02410306309807,-0.011514533594934016,312.07013873941094,-0.5489853803928082,0.009217425763397616,0.11806582840236686,0.1843060851097107,1.0
227,929792,1726.1,244.09854031318838,0.7,0.3,88.62,257.6738543653701,216.55618832393245,0.7333333333333333,0.26666666666666666,90.83333333333333,11.61815025806427,140.12626881435,-0.009298194292129884,280.2700368946996,-0.5455008282743651,0.008337827714497289,0.10752289870689655,0.1840987503528595,1.0
228,933888,1726.2,256.8848946617614,0.72,0.26,85.66,261.99022847969235,217.40925959887753,0.7333333333333333,0.23333333333333334,134.23333333333332,14.856195942560833,151.01561489352932,-0.004378785300612836,302.038887519341,-0.5490314364433289,0.007369255136045349,0.0921773538961039,0.18366265296936035,1.0
229,937984,1726.5,269.3766375212143,0.76,0.24,95.5,208.86814248328568,246.0253458104553,0.6333333333333333,0.36666666666666664,84.56666666666666,11.368822481234869,147.1473649167224,-0.014740594315409496,294.3231129093065,-0.5515590869919371,0.009164783506762256,0.11654005524861878,0.18378549814224243,1.0
230,942080,1726.4,263.09150617858387,0.74,0.26,89.68,257.9541906675648,224.00223812532636,0.7333333333333333,0.26666666666666666,101.63333333333334,13.617151832580566,110.43478554945726,-0.012978319568225207,220.89442976927145,-0.5500281136005353,0.009123031940991776,0.11430789262820513,0.18389011919498444,1.0
231,946176,1727.7,212.70022657182835,0.64,0.36,90.32,237.3270074008064,231.43128774761595,0.7,0.3,72.96666666666667,9.80648475488027,148.64533805847168,-0.009533408898779929,297.3086384082663,-0.552947038720394,0.0078595277215033,0.09630926724137931,0.18304434418678284,1.0
232,950272,1728.1,235.11733461558063,0.68,0.32,94.02,258.48769187782983,224.0397478165343,0.7333333333333333,0.26666666666666666,93.0,11.82945684591929,126.62005856162624,-0.011242945615510294,253.26147982948706,-0.5606575944369897,0.00942457226609209,0.12203359962406016,0.18256303668022156,1.0
233,954368,1728.6,160.20272545983042,0.54,0.46,91.3,245.33362063978777,228.4803078347159,0.7,0.3,96.83333333333333,12.804938022295634,124.1050723010096,-0.010753215342792201,248.23051893300024,-0.5669343440697111,0.00784616545043436,0.09907058189655173,0.18183718621730804,1.0
234,958464,1729.4,233.96987692799675,0.68,0.32,84.16,275.2033060886078,214.44969553981252,0.7666666666666667,0.23333333333333334,78.96666666666667,10.1834845105807,102.2311731226304,-0.009137036149710918,204.47947295373228,-0.5735029067311969,0.009107543466644002,0.11918986344537816,0.18158939480781555,1.0
235,962560,1729.7,265.2894901709777,0.74,0.24,101.26,195.64702105263845,251.5249890811826,0.6,0.4,82.36666666666666,11.2040185769399,87.6303854103548,-0.009558433579864451,175.2787363902632,-0.5749975130500564,0.011001255967744053,0.1449312876506024,0.18149852752685547,1.0
236,966656,1729.5,214.7984608695395,0.64,0.34,105.32,293.25621810491947,194.49401788907076,0.8,0.16666666666666666,114.06666666666666,14.70582640171051,170.62200013522445,-0.009251751790449408,341.26134477812667,-0.5773973475242483,0.007840885274947203,0.09964304956896551,0.1811143457889557,1.0
237,970752,1729.9,262.85966194562974,0.74,0.26,97.16,225.98837278601636,235.3914532216708,0.6666666666666666,0.3333333333333333,92.36666666666666,12.035605478286744,101.25890330086767,-0.009170589539988906,202.53498455486465,-0.5824124449122269,0.008926409789138532,0.10764657079646017,0.180487260222435,1.0
238,974848,1730.4,300.9417010318646,0.82,0.18,95.1,189.5462783838461,247.32122897185604,0.6,0.4,81.73333333333333,10.571495294570923,157.52480175963834,-0.012088126658151547,315.07259531917737,-0.5904215941062341,0.008782562783831714,0.10974225427350427,0.1797899603843689,1.0
239,978944,1730.8,273.47467045637603,0.76,0.24,100.16,213.63909112538985,234.28781551752087,0.6333333333333333,0.3333333333333333,114.33333333333333,15.074013010660808,90.91916419719827,-0.012247174054962295,181.86162961762528,-0.5975731133387007,0.01018912612926215,0.13631465517241378,0.17920275032520294,1.0
240,983040,1730.9,334.7039757790773,0.88,0.12,106.76,292.40533615095745,204.76691058002203,0.8,0.2,108.0,15.007116556167603,122.53089860874972,-0.011336629195205814,245.08326902320917,-0.6016139791166182,0.010183012697564291,0.1357351618705036,0.17900308966636658,1.0
241,987136,1730.8,211.78913078295082,0.64,0.36,89.02,240.95639346367344,226.4857681592579,0.7,0.3,96.76666666666667,12.261586666107178,123.34615356857712,-0.012718838671020962,246.71653229996966,-0.6046265528008744,0.00918913748543206,0.11967905405405406,0.17874327301979065,1.0
242,991232,1730.8,169.7103834906785,0.56,0.44,69.12,309.21307401580214,191.42477703956956,0.8333333333333334,0.16666666666666666,102.76666666666667,13.161629931132,164.60010283848024,-0.011576689549124325,329.222139178582,-0.6077496460023916,0.008816363751220534,0.10941185141509434,0.17851944267749786,1.0
243,995328,1732.2,242.55078863005645,0.7,0.3,83.32,209.72194279573517,243.44270059833144,0.6333333333333333,0.36666666666666664,80.9,10.988005387783051,99.59109415690104,-0.0040119854484995205,199.18899169921875,-0.6102138678232829,0.008052967547749479,0.10078125,0.17822979390621185,1.0
244,999424,1733.0,245.45583628193899,0.7,0.28,92.6,274.04148533965986,212.8648228056678,0.7666666666666667,0.23333333333333334,89.73333333333333,12.176670521497726,140.74195790608724,-0.007022836282849312,281.49674051920573,-0.6133726533253988,0.007346078998719653,0.08703125,0.17796596884727478,1.0
245,1003520,1733.5,199.8493864160144,0.6,0.36,97.88,209.3397532138389,241.35271076547264,0.6333333333333333,0.36666666666666664,69.9,9.677536563078563,160.26298423218572,-0.013589963354961642,320.5519208222433,-0.6167507487184861,0.009994090183218028,0.13000408496732027,0.17762461304664612,1.0
246,1007616,1733.9,186.63338931319694,0.58,0.4,93.88,246.51792998364382,232.6520471740248,0.7,0.3,104.2,13.541573286056519,117.12349106470744,-0.012258494350438317,234.2702543258667,-0.6213781406482061,0.009692099213134497,0.12838541666666667,0.1770201176404953,1.0
247,1011712,1733.9,260.9967920855442,0.74,0.26,88.54,288.7323149373663,201.41749476325862,0.8,0.2,92.0,11.662060595552127,153.68205895329154,-0.011676730036069423,307.38621445207406,-0.6279059407726818,0.0088364224671232,0.11568708609271523,0.17667801678180695,1.0
248,1015808,1734.5,256.14219471223333,0.72,0.28,84.64,341.8772770981,143.91846954188762,0.9,0.1,87.16666666666667,11.524258804321288,137.71189624823413,-0.011137721544692239,275.4448079970276,-0.6306009257881386,0.008281692853468714,0.10414138349514564,0.17654922604560852,1.0
249,1019904,1734.2,274.8781982918707,0.76,0.24,101.34,258.7845343539444,211.95706305684874,0.7333333333333333,0.23333333333333334,116.03333333333333,14.404332033793132,179.08752447711535,-0.011314290868164587,358.19641649230454,-0.6309726602775007,0.008733582888799142,0.11231275826446281,0.17656183242797852,1.0
250,1024000,1733.8,211.5595413757051,0.64,0.36,82.3,178.29881396303728,245.4019670785098,0.5666666666666667,0.4,117.13333333333334,14.86899824142456,143.25940687391494,-0.012522865649036787,286.5425939489294,-0.6329601027347423,0.008668230410182366,0.11200810185185185,0.17606495320796967,1.0
251,1028096,1733.5,122.25308985754029,0.46,0.54,76.54,298.36288882901283,206.29756073464077,0.8,0.2,118.53333333333333,15.626024816433588,160.33880084713564,-0.01285178647129889,320.70203253133405,-0.6354586359680883,0.009141342527856002,0.1183774834437086,0.17638441920280457,1.0
252,1032192,1733.6,232.06898243893409,0.68,0.3,91.64,291.5993125080803,204.19756478911432,0.8,0.2,120.13333333333334,16.065254116058348,148.85439622749402,-0.0077352961254062,297.72299816538987,-0.6334973081801701,0.009442589580289368,0.1210179004854369,0.17618507146835327,1.0
253,1036288,1734.6,201.2170895125977,0.62,0.38,90.06,220.97819656956284,236.05419122445562,0.6666666666666666,0.3333333333333333,78.23333333333333,10.20483226776123,94.76486197577583,-0.007106845970782968,189.54265975952148,-0.6373420033189986,0.009675814125997325,0.11840277777777777,0.17591078579425812,1.0
254,1040384,1734.8,221.01980516351662,0.66,0.34,67.98,277.3951743630262,215.25732548590423,0.7666666666666667,0.23333333333333334,86.06666666666666,11.811255625883739,161.08425912624452,-0.012354265574774728,322.1919477044082,-0.6404781098045954,0.009170007376602238,0.11473418445121951,0.17558151483535767,1.0
255,1044480,1735.6,231.80969434638982,0.68,0.32,83.96,263.92516063550994,216.94904131040218,0.7333333333333333,0.23333333333333334,104.96666666666667,13.913737177848816,97.68931983238043,-0.0032906061184570885,195.38393566220304,-0.6435721814632416,0.008038653358600514,0.10442405523255814,0.17531415820121765,1.0
256,1048576,1735.3,240.98835570909057,0.7,0.3,93.58,180.0012717076919,252.197235512517,0.5666666666666667,0.43333333333333335,93.9,12.856018431981404,170.63438507933054,-0.01264307799500338,341.29276754248957,-0.6468594803573182,0.009069875811128328,0.12077833850931677,0.17500850558280945,1.0
257,1052672,1735.7,271.13423317976884,0.76,0.24,85.92,178.058507184618,248.57074623635538,0.5666666666666667,0.4,89.86666666666666,11.713767258326213,111.13394647836685,-0.010332392139389412,222.28724890947342,-0.6530820340849459,0.009632758690713672,0.1234130859375,0.1741867959499359,1.0
258,1056768,1735.6,271.8085648390338,0.76,0.24,86.32,262.53953310869537,220.4465316947147,0.7333333333333333,0.26666666666666666,103.23333333333333,14.388283324241637,129.90251618428948,-0.009670076549381894,259.8230487100439,-0.6610907779799567,0.009672786936991744,0.12865093954248366,0.17354720830917358,1.0
259,1060864,1736.2,172.24590914775754,0.56,0.44,87.12,189.0586141039398,246.19968490136287,0.6,0.4,77.1,10.136844686667125,156.02034710230453,-0.01373390565898395,312.06682320926967,-0.6675146352709009,0.00921198342183835,0.11995259831460674,0.17329561710357666,1.0
260,1064960,1736.3,212.81832764600355,0.64,0.36,103.56,328.63367400614595,168.25620360194856,0.8666666666666667,0.13333333333333333,112.26666666666667,15.327319622039795,123.9122234632989,-0.00908676368583526,247.84127531933183,-0.6711904306371673,0.00983114168830529,0.11974789915966387,0.1726808249950409,1.0
261,1069056,1736.8,250.95443548099684,0.72,0.28,96.54,290.19041157780185,202.21003159151888,0.8,0.2,81.03333333333333,10.478270721435546,129.03006848421964,-0.010801980099347713,258.08038842261254,-0.6780625052385397,0.008575702004681725,0.10918378496503496,0.1723598837852478,1.0
262,1073152,1737.1,189.37462785626087,0.6,0.4,82.5,222.69472999420356,233.29098570949077,0.6666666666666666,0.3333333333333333,86.53333333333333,11.280392372608185,195.4832436990418,-0.012614962774572656,390.99036596925464,-0.6776384983286762,0.008409317792237005,0.10596686241610738,0.17278245091438293,1.0
263,1077248,1737.2,204.4546077975363,0.62,0.36,96.48,226.65811265983672,233.31871417326934,0.6666666666666666,0.3333333333333333,96.36666666666666,12.766527191797893,117.09953069928939,-0.013060130994426569,234.22382885308434,-0.6772160635986909,0.00916372898488594,0.1130234771573604,0.17236319184303284,1.0
264,1081344,1738.0,262.77390160120154,0.74,0.26,79.7,308.27011263304314,183.6480480961008,0.8333333333333334,0.16666666666666666,86.23333333333333,11.57055033047994,91.41257041482365,-0.015135132740525638,182.85404097613167,-0.6839913164868074,0.010080897309543455,0.13763786764705882,0.17145028710365295,1.0
265,1085440,1738.9,271.5181080388816,0.76,0.24,101.22,272.6734464740752,214.93187984641315,0.7666666666666667,0.23333333333333334,88.23333333333333,11.304242467880249,347.5554983956473,0.009494865446218423,695.0906066894531,-0.6911163585526603,0.010852414632349141,0.14090401785714285,0.17138609290122986,1.0
266,1089536,1738.8,261.740004177147,0.74,0.26,100.08,272.42903674421103,212.60831806816256,0.7666666666666667,0.23333333333333334,100.93333333333334,13.405968848864237,148.80061283627072,-0.010962440503282926,297.62175998172245,-0.6952323949820286,0.007879997287386071,0.09989970439189189,0.17064179480075836,1.0
267,1093632,1739.0,236.8342857807305,0.68,0.3,97.98,226.16784087321247,238.12652208948163,0.6666666666666666,0.3333333333333333,85.93333333333334,11.477194476127625,163.687629199028,-0.009722288427292369,327.39330711364744,-0.6974101711064578,0.009091357613215223,0.1172607421875,0.1712617576122284,1.0
268,1097728,1739.1,253.82767131658863,0.72,0.28,93.4,243.79021252233568,231.48149048602437,0.7,0.3,106.13333333333334,13.716535687446594,103.36926949742329,-0.005830528063093682,206.7488164327231,-0.6928118596594017,0.0099389218887965,0.12358810240963855,0.1712425798177719,1.0
269,1101824,1738.7,222.27400318515745,0.66,0.34,96.96,261.7088659020326,213.9828435681621,0.7333333333333333,0.23333333333333334,107.16666666666667,13.417474460601806,201.59194146002923,-0.008929553822698917,403.20035835746285,-0.6916606659655804,0.008660154991906944,0.11265297202797203,0.171641007065773,1.0
270,1105920,1737.6,281.7032394182813,0.78,0.22,98.44,300.2933641041258,194.73800261702814,0.8,0.16666666666666666,122.23333333333333,15.31024895509084,137.86341199482956,-0.013889071431125782,275.75322613650803,-0.6880285209172392,0.01030546992423957,0.128638698630137,0.17163173854351044,1.0
271,1110016,1737.5,252.2897869525028,0.72,0.28,86.66,125.99863035249132,254.87566843281567,0.4666666666666667,0.5333333333333333,67.13333333333334,8.96645020743211,180.9896538421398,-0.009895416314336863,361.99771199699575,-0.6910777287628814,0.009060124008212494,0.11253578244274809,0.17116309702396393,1.0
272,1114112,1737.8,230.99248611957557,0.68,0.32,92.64,242.39822555546866,225.49330142447496,0.7,0.26666666666666666,106.56666666666666,13.798900429407755,192.05562846660615,-0.013972766246297397,384.1378037929535,-0.6956546571105718,0.009914489182119724,0.1195068359375,0.1709386110305786,1.0
273,1118208,1737.6,224.23356840918834,0.66,0.34,82.62,207.3286416279399,243.49218394674983,0.6333333333333333,0.36666666666666664,101.53333333333333,13.52196873029073,132.84190475463868,-0.011995530693481365,265.7063967895508,-0.7007601439952851,0.008776913622083764,0.11234375,0.1701880842447281,1.0
274,1122304,1737.6,253.0699084438139,0.72,0.26,91.34,188.52217824389714,247.73132861637265,0.6,0.4,97.7,11.992279561360677,170.10427500406902,-0.00650749587276507,340.2201572236561,-0.7065486118907021,0.006547660021377462,0.07526041666666666,0.17025980353355408,1.0
275,1126400,1737.9,261.24178406617034,0.74,0.26,93.28,275.9700599024849,213.16536416296563,0.7666666666666667,0.23333333333333334,88.0,11.257997033248346,126.22782724271944,-0.008799126288452284,252.47183928450917,-0.7070136491845294,0.00886075272853297,0.11210619918699187,0.16989675164222717,1.0
276,1130496,1738.3,261.40678281125554,0.74,0.26,96.74,240.07621053004866,231.74048594408012,0.7,0.3,88.56666666666666,11.342038869857788,178.61516753588717,-0.014230184082764606,357.2573672803633,-0.713558010528424,0.008840898891762356,0.11136407208588957,0.16926929354667664,1.0
277,1134592,1738.4,250.87743099864431,0.72,0.28,83.4,245.7154428531219,231.9591001588816,0.7,0.3,99.33333333333333,13.634685691197713,157.20268658893863,-0.009702943984752263,314.42333928550164,-0.7191266621031412,0.008667087311121991,0.11042301829268293,0.16891802847385406,1.0
278,1138688,1738.5,268.8755007131881,0.76,0.24,90.82,166.53030735932668,248.69049573741273,0.5333333333333333,0.4,112.93333333333334,14.007417178153991,146.113403730156,-0.008600478118270144,292.24256190780767,-0.7222613835137738,0.007574406793063953,0.09449251033057851,0.16887420415878296,1.0
279,1142784,1738.7,321.6542565196121,0.86,0.14,97.0,239.0573082531979,229.1691362493928,0.7,0.3,73.33333333333333,9.406049887339273,152.36782386975412,-0.008778622276428292,304.7517580863757,-0.7226781707543594,0.010206808562939748,0.125133547008547,0.16852323710918427,1.0
280,1146880,1739.7,242.41372696149767,0.7,0.3,98.88,158.12833652572536,257.2183763531055,0.5333333333333333,0.4666666666666667,87.9,12.031930726766586,496.7005886501736,-0.007340481918719079,993.4143948025173,-0.7259036435021294,0.007668750231257743,0.08116319444444445,0.16850996017456055,1.0
281,1150976,1739.4,179.28112070318403,0.58,0.42,95.54,226.78205267273245,237.13193699445333,0.6666666666666666,0.3333333333333333,92.66666666666667,11.941054185231527,192.78310419718426,-0.01451939499238506,385.5937984148661,-0.7235194476942222,0.0086063773642915,0.11328125,0.1689879298210144,0.0
282,1155072,1739.5,232.35732818444086,0.68,0.32,99.44,246.02196836844524,234.07646577289077,0.7,0.3,109.13333333333334,14.664113489786784,147.51434530639648,-0.010182042442262172,295.04761059570313,-0.7210441474914551,0.008204928360879422,0.10365625,0.1687621772289276,1.0
283,1159168,1739.4,222.65971354889578,0.66,0.32,90.22,128.95290492462135,247.35188298205597,0.4666666666666667,0.5333333333333333,68.23333333333333,9.227811288336913,170.27034095637705,-0.010906815770704773,340.56104628420667,-0.7239870699071094,0.009013115374361119,0.11559046961325967,0.1685626357793808,1.0
284,1163264,1740.3,263.7449455692051,0.74,0.26,86.3,239.89444508261707,230.66674053618766,0.7,0.3,59.233333333333334,8.176527539889017,134.13342447483794,-0.009355052369349498,268.2841135390261,-0.7238019945773673,0.00896346636928935,0.11070478723404255,0.16862979531288147,1.0
285,1167360,1740.8,211.0146559361723,0.64,0.36,87.72,212.719038875788,239.3037762590883,0.6333333333333333,0.36666666666666664,88.6,11.422240463892619,198.95080319766342,-0.00844810991387429,397.9170514468489,-0.7247018886023554,0.006744774594373102,0.08223329741379311,0.16845937073230743,1.0
286,1171456,1741.1,235.48036655217248,0.68,0.32,83.2,225.11020297831195,236.78098684739095,0.6666666666666666,0.3333333333333333,89.13333333333334,12.37954363822937,133.38936703293413,-0.0087140466159865,266.7947050023962,-0.7263208826382955,0.008068183197691623,0.09957320601851852,0.1682051122188568,1.0
287,1175552,1741.1,263.948109886657,0.74,0.26,98.04,203.24577123022792,242.67117407202088,0.6333333333333333,0.36666666666666664,79.5,10.220591922601065,156.2474326509418,-0.00821316851105428,312.50982741153604,-0.7299527562025822,0.00821529196709338,0.10540956439393939,0.16812720894813538,1.0
288,1179648,1740.9,280.7335551977183,0.78,0.22,90.0,272.7657960751948,209.06763477443735,0.7666666666666667,0.23333333333333334,99.8,12.667390553156535,169.5205241017997,-0.008909292057293391,339.0573946695192,-0.7362673121606004,0.009567019361914335,0.12409286137440759,0.1669953465461731,1.0
289,1183744,1741.6,213.42754890178486,0.64,0.36,85.76,274.1290615046133,210.9317921331331,0.7666666666666667,0.23333333333333334,80.33333333333333,10.198160725831986,161.98284657796225,-0.010964670287514175,323.9861366837113,-0.7439592144003621,0.00907840285907258,0.11664496527777778,0.1670343577861786,1.0
290,1187840,1741.8,248.37855565979004,0.72,0.28,104.46,277.2660664935733,214.3101129612989,0.7666666666666667,0.23333333333333334,101.0,13.942018008232116,156.13747426867485,-0.008947671947680647,312.2913571000099,-0.743100262247026,0.009461535963055212,0.123077392578125,0.166842520236969,1.0
291,1191936,1741.8,232.67728163965054,0.68,0.32,92.94,256.2785274060519,227.50492228580634,0.7333333333333333,0.26666666666666666,107.36666666666666,13.68126847743988,171.80689385959082,-0.007717068598140031,343.6277319363185,-0.7454000855130809,0.007285125412246478,0.09040178571428571,0.16677775979042053,1.0
292,1196032,1742.0,256.1209494948052,0.72,0.28,89.62,272.3499671334845,216.51082150420902,0.7666666666666667,0.23333333333333334,106.63333333333334,14.04061588048935,214.11114607590895,-0.013092759371591876,428.2469903212327,-0.7457656310154841,0.009422893988756606,0.12701322115384617,0.16664578020572662,1.0
293,1200128,1742.0,233.38167914692997,0.68,0.32,86.64,259.0580811245153,221.90916757330592,0.7333333333333333,0.26666666666666666,87.16666666666667,11.662106370925903,160.89033203125,-0.013552921552978018,321.80628253712376,-0.7453937341185177,0.009610126813983216,0.12136948529411765,0.16703127324581146,1.0
294,1204224,1742.3,203.8268827882707,0.62,0.38,76.48,208.81172886901172,241.73468103379165,0.6333333333333333,0.36666666666666664,80.8,10.598938421408336,170.515351163424,-0.012691016534629923,341.0546021094689,-0.7408105630141039,0.009743496064598171,0.12295673076923076,0.16729173064231873,1.0
295,1208320,1742.1,263.41790626445226,0.74,0.26,86.96,238.35496488895268,229.53628496874072,0.7,0.3,99.53333333333333,13.189615162213643,229.97070383707683,-0.013458902450899283,459.9668584187826,-0.7380509988466899,0.009102359724541506,0.121171875,0.16746920347213745,1.0
296,1212416,1742.0,303.1524115986665,0.82,0.18,101.16,275.9534296594442,209.31094722526265,0.7666666666666667,0.23333333333333334,103.56666666666666,13.44198005994161,139.60103831400397,-0.007759161023351982,279.2161191401591,-0.7400785811984812,0.008758233115432485,0.10487237595419847,0.1667952537536621,1.0
297,1216512,1742.3,172.030418667869,0.56,0.44,77.02,276.65141346885787,209.11697500231287,0.7666666666666667,0.23333333333333334,97.76666666666667,13.002914259086053,152.92224991112425,-0.01081110537324471,305.8646309835869,-0.7461212758432355,0.00851630573896201,0.10731907894736842,0.16671079397201538,1.0
298,1220608,1741.5,237.84089704733702,0.7,0.3,90.12,191.07498416626967,247.46854341839366,0.6,0.4,90.43333333333334,12.060369529326756,242.95267788569132,-0.015802996737572055,485.93547814687093,-0.746419316281875,0.009150227123366978,0.121533203125,0.16658619046211243,0.0
299,1224704,1741.3,233.98424576028074,0.68,0.32,97.4,198.0696946220638,239.9674731597933,0.6,0.36666666666666664,96.7,13.022365585962932,208.98681464562048,-0.015220977115229918,418.00256763805044,-0.7483166510408575,0.008544326346315495,0.11093203671328672,0.16646987199783325,1.0
300,1228800,1741.9,315.0420310161469,0.84,0.16,91.62,211.75925094712056,241.63407381768897,0.6333333333333333,0.36666666666666664,72.5,9.80703710714976,146.33065121968588,-0.008706023740685648,292.67720998128254,-0.7510313729445139,0.008690579139834478,0.10980902777777778,0.16606566309928894,1.0
301,1232896,1741.8,251.7710911328364,0.72,0.28,100.86,272.70279636644125,213.18112178503475,0.7666666666666667,0.23333333333333334,90.4,11.783778715133668,153.1292239530587,-0.011600181592605363,306.28013365945696,-0.7565762029017931,0.010865536670740923,0.14252989969135801,0.16564588248729706,1.0
302,1236992,1742.4,251.55078566583856,0.72,0.28,97.88,257.58429055536885,221.18136582158814,0.7333333333333333,0.26666666666666666,93.4,12.341601713498433,118.88238481112889,-0.008199025282270409,237.77964087894983,-0.760909978300333,0.00845451865877424,0.10982840401785714,0.16523128747940063,1.0
303,1241088,1742.7,272.17951092078835,0.76,0.24,103.52,233.6182341941175,230.22668288044903,0.6666666666666666,0.3,98.93333333333334,13.720471620559692,150.1540041044941,-0.009579510783673976,300.3256410013034,-0.7626485144059489,0.00985776179829451,0.13348917322834647,0.1655980944633484,1.0
304,1245184,1743.2,230.43168088919074,0.68,0.32,95.62,273.87106462156765,215.54491980672967,0.7666666666666667,0.23333333333333334,88.33333333333333,12.103902983665467,173.2746816298541,-0.004861670080572367,346.5575606402229,-0.7592918445082272,0.009204617474118576,0.1189797794117647,0.1656123697757721,1.0
305,1249280,1743.1,253.36204702759773,0.72,0.28,96.12,260.0353812780267,224.4091114459771,0.7333333333333333,0.26666666666666666,97.46666666666667,12.908117628097534,183.17834309407198,-0.015719386354479208,366.38659924502974,-0.7613487902166541,0.009496028401876706,0.12298717248908297,0.1652098298072815,1.0
306,1253376,1743.6,225.68322713358074,0.66,0.34,89.72,341.87570833314214,149.95668554603043,0.9,0.1,87.86666666666666,12.136514854431152,161.33434200286865,-0.01392385471262969,322.6950095295906,-0.7611023024655879,0.009966671246729675,0.129364013671875,0.16585931181907654,1.0
307,1257472,1743.7,263.9644345485575,0.74,0.26,93.74,206.03466353954659,240.32036104737745,0.6333333333333333,0.36666666666666664,87.23333333333333,11.565602684020996,154.5103818697807,-0.009456475090701133,309.0381619380071,-0.7552452679627981,0.008200062922416972,0.10429186698717949,0.16605931520462036,1.0
308,1261568,1743.9,222.29129047954157,0.66,0.34,84.08,212.96871284130106,243.89280549916916,0.6333333333333333,0.36666666666666664,81.9,11.326235830783844,164.65455045700074,-0.00887476901601379,329.32535018920896,-0.751572414735953,0.007814536472627273,0.09189453125,0.1664544939994812,1.0
309,1265664,1743.9,199.8232314799522,0.62,0.38,94.02,247.94662885029123,224.14257167882928,0.7,0.26666666666666666,103.6,13.252475039164226,224.6605167260906,-0.016617007166047224,449.3527644624646,-0.7494595158820184,0.008635151303129508,0.1138055788590604,0.1663588285446167,1.0
310,1269760,1744.7,221.6568521510883,0.66,0.34,96.84,259.00620531018455,224.70804183394992,0.7333333333333333,0.26666666666666666,79.93333333333334,10.884075742959975,164.77312336971886,-0.005724548871972059,329.55619105288855,-0.7520794598679793,0.007592111507332639,0.09486019736842105,0.16614072024822235,1.0
311,1273856,1745.4,302.58038363596467,0.82,0.18,92.96,259.28740613539435,215.61670082617547,0.7333333333333333,0.23333333333333334,108.46666666666667,13.842813022931416,268.08131217956543,0.004617789410986006,536.1518726348877,-0.7537311762571335,0.009764292830368504,0.10693359375,0.16610747575759888,1.0
312,1277952,1745.6,262.24095276650945,0.74,0.26,80.1,273.6198388861216,210.25965693141808,0.7666666666666667,0.23333333333333334,88.9,10.831099891662598,175.70730547002844,-0.01360393185294359,351.4403109679351,-0.7536731128757065,0.00939933953152315,0.12003800675675676,0.1661892831325531,1.0
313,1282048,1746.6,251.29338895114935,0.72,0.26,91.34,245.03556915861446,234.24070189225526,0.7,0.3,84.16666666666667,11.942232394218445,126.41993511744909,-0.008005539813478077,252.85437567574638,-0.7523042874676841,0.008490131945083183,0.10591517857142857,0.16618838906288147,1.0
314,1286144,1747.4,208.37446452390236,0.62,0.34,100.9,244.91554459859938,230.2207101579764,0.7,0.3,92.73333333333333,12.83341555595398,431.28516278948103,0.0062153916140752176,862.556379045759,-0.7530657861913953,0.009785009198822081,0.10239955357142858,0.16617289185523987,1.0
315,1290240,1747.6,224.2598021886536,0.66,0.32,91.02,263.7736867871243,222.49407048380817,0.7333333333333333,0.26666666666666666,82.1,11.980348161856334,166.4304365270278,-0.011809410868224755,332.88298638038384,-0.7528950447350545,0.009870982248019548,0.12724673202614378,0.16609439253807068,1.0
316,1294336,1748.4,275.66455777777804,0.74,0.2,116.5,193.64319967393192,244.60814024903073,0.6,0.4,84.6,11.53964372475942,94.88748664122362,-0.0073210561442045635,189.78810596466064,-0.7557951624576862,0.009692112792086286,0.12454927884615384,0.16579002141952515,1.0
317,1298432,1749.0,293.4521283672078,0.8,0.2,93.18,242.20733440809403,228.41286946999602,0.7,0.3,84.36666666666666,10.805525294939677,178.1392583345112,-0.009146964784074379,356.29528587742857,-0.7583642845091066,0.010474225383644042,0.13425164473684212,0.16561944782733917,1.0
318,1302528,1749.5,260.8455156949243,0.74,0.26,95.9,275.6383721724921,215.62169486268348,0.7666666666666667,0.23333333333333334,100.46666666666667,13.464072257777055,110.85577976703644,-0.007489341394830262,221.72501122951508,-0.761416575871408,0.009172030691843247,0.1202392578125,0.16533279418945312,1.0
319,1306624,1750.1,263.3542614896748,0.74,0.26,101.02,256.3096753178077,219.34903911571328,0.7333333333333333,0.26666666666666666,88.76666666666667,11.760407932599385,135.89449214935303,-0.006349467555992305,271.80015540122986,-0.764641617735227,0.007774396105863464,0.09993489583333333,0.16513460874557495,1.0
320,1310720,1750.6,314.13171464927393,0.84,0.16,104.58,223.8745050200779,233.19533138991548,0.6666666666666666,0.3333333333333333,94.43333333333334,12.835523966948191,123.74807529718103,-0.00478876136820501,247.50419734901106,-0.766226416742298,0.009811325257801463,0.12197403169014084,0.16494062542915344,1.0
321,1314816,1750.6,264.91223360642596,0.74,0.26,84.9,230.84939728226627,229.9552398503174,0.6666666666666666,0.3,96.53333333333333,12.861368944247564,151.2939064420503,-0.009122331088794202,302.6045236916378,-0.7682691889590231,0.008428611423306424,0.10765759698275862,0.16492904722690582,1.0
322,1318912,1751.0,241.8485698313292,0.7,0.3,85.36,206.86257359945512,240.70016347455245,0.6333333333333333,0.3333333333333333,93.9,11.234670559565226,119.88694836719927,-0.008457651019590088,239.78927612304688,-0.7684399227061903,0.007572881557630846,0.09680911144578314,0.16484856605529785,1.0
323,1323008,1751.5,273.4234363036145,0.76,0.24,95.5,273.5006715490145,214.45797000475406,0.7666666666666667,0.23333333333333334,85.96666666666667,11.621095656355221,115.24051127714269,-0.003573922502041301,230.48663374956917,-0.7695648810442757,0.007788077479584471,0.09587545955882353,0.16466861963272095,1.0
324,1327104,1750.7,284.3788251212005,0.78,0.2,109.78,241.7285666543025,229.08681703743534,0.7,0.3,86.9,11.76992328564326,119.02419276296357,-0.010708940609208779,238.06825359956719,-0.773848486903273,0.009925541476588006,0.1259645061728395,0.1640792191028595,1.0
325,1331200,1749.8,235.2375041068313,0.68,0.3,89.34,238.07315193171087,226.84168578904794,0.6666666666666666,0.26666666666666666,127.56666666666666,15.79214350382487,162.41011743612222,-0.010734737311795979,324.84013894888074,-0.7813410388006197,0.009236721084225219,0.11554851398601398,0.16370436549186707,1.0
326,1335296,1749.5,268.80227089189225,0.74,0.24,93.28,273.39584023205083,214.2495491759855,0.7666666666666667,0.23333333333333334,74.96666666666667,9.769334900379182,108.6658190123889,-0.009541552631045077,217.34915680139244,-0.7824201733887601,0.00979354017141725,0.12680697278911565,0.16387778520584106,1.0
327,1339392,1749.2,297.0137076257419,0.8,0.18,105.44,310.3961411056131,190.3511635641148,0.8333333333333334,0.16666666666666666,100.06666666666666,13.738558626174926,165.16914110767598,-0.007771882765489269,330.3522650271046,-0.7801455910108528,0.010054247871953614,0.12081473214285714,0.16393646597862244,1.0
328,1343488,1749.5,265.6947685991925,0.74,0.24,103.44,191.15102115118052,244.8625028750983,0.6,0.4,81.9,11.050725065916776,147.6472008411701,-0.00900710755153201,295.31085403148944,-0.7816651549476844,0.010492783277116429,0.1290564903846154,0.1636635959148407,1.0
329,1347584,1749.7,223.89711688804513,0.66,0.32,91.58,278.8948725725593,218.67094467678214,0.7666666666666667,0.23333333333333334,114.4,15.926762785514196,115.96070406810347,-0.007645801478346069,231.93513295736656,-0.7852100198527416,0.009642164994322931,0.11869352409638555,0.16321459412574768,1.0
330,1351680,1749.4,231.57208081000786,0.68,0.32,81.18,240.14405510289347,234.67267876186833,0.7,0.3,82.16666666666667,10.998260561625163,164.62479810478274,-0.009223925811815853,329.2664576759023,-0.7904119417687093,0.007860829886279938,0.10117510330578512,0.16300705075263977,1.0
331,1355776,1749.4,338.9452958288186,0.9,0.1,103.98,285.9715060562047,204.69016204761476,0.7666666666666667,0.2,103.0,14.167706950505574,116.56636609529194,-0.007683193884593876,233.14651143927324,-0.7925019013254266,0.009682504580307163,0.12779605263157895,0.1627647578716278,1.0
332,1359872,1748.6,312.1035056384164,0.84,0.16,92.0,276.14361581911396,216.24230533969026,0.7666666666666667,0.23333333333333334,92.0,11.719050908088684,139.23886912737706,-0.012343428779913242,278.5008349159891,-0.7962612916332806,0.01008698099126765,0.13381177325581395,0.1623428463935852,1.0
333,1363968,1747.5,231.09011400803192,0.68,0.32,87.74,221.91005098968267,232.27684792390772,0.6333333333333333,0.3,121.23333333333333,15.458047469456991,156.39462976331833,-0.013689686831498108,312.81504628565403,-0.7982399982291383,0.008623512656814963,0.11216517857142858,0.16262054443359375,1.0
334,1368064,1747.6,291.854357618038,0.8,0.2,90.24,210.7183228500439,244.89341289167098,0.6333333333333333,0.36666666666666664,75.7,9.981504360834757,142.35859046262854,-0.007499572228612926,284.73059306425205,-0.7950791252010009,0.0079122703310157,0.10110294117647059,0.16275998950004578,1.0
335,1372160,1747.6,252.83343873070172,0.72,0.28,92.74,217.7935260531546,232.70157944343373,0.6333333333333333,0.3,111.7,14.504777685801189,154.2590432650801,-0.005644969432952179,308.52778758173406,-0.7938369961752407,0.009107749703326735,0.11848958333333333,0.1627958118915558,1.0
336,1376256,1748.0,221.41248534983265,0.66,0.34,77.02,229.879458030728,240.98685891714032,0.6666666666666666,0.3333333333333333,89.93333333333334,12.95316580136617,111.9906958433298,-0.011536465362251665,224.00287562150223,-0.7949917310705552,0.010361370408925442,0.13127253605769232,0.16252540051937103,1.0
337,1380352,1748.1,310.2859541310546,0.84,0.16,90.3,223.244497817465,237.2480583557193,0.6666666666666666,0.3333333333333333,84.1,10.844483669598898,172.4789320741381,-0.009649293804873846,344.9755711555481,-0.799113253397601,0.008994760232911046,0.11066545758928571,0.16206562519073486,1.0
338,1384448,1747.7,241.6602425292963,0.7,0.3,91.3,248.30078106328577,232.43687622639172,0.7,0.3,105.23333333333333,14.705848284562428,129.06124080892383,-0.013117509262568666,258.14711495085135,-0.7999421790991416,0.010606462608075925,0.1358021997206704,0.16262167692184448,1.0
339,1388544,1748.0,270.30097589126615,0.76,0.24,87.64,153.32368072046614,250.9540039999661,0.5333333333333333,0.4666666666666667,83.96666666666667,10.343271549542745,145.2019006926438,-0.011766071086107143,290.4257470492659,-0.7948353442652473,0.009576681444164493,0.1275323275862069,0.16266930103302002,1.0
340,1392640,1747.9,241.44378028223636,0.7,0.3,90.96,218.90080316106685,235.92394901885652,0.6333333333333333,0.3333333333333333,87.66666666666667,12.324229701360066,154.97419527957314,-0.009380047932561291,309.9655569478085,-0.7979887292573327,0.009514087570622857,0.1211194490131579,0.16195756196975708,1.0
341,1396736,1748.0,275.8458048207451,0.76,0.24,93.64,191.59091410158752,248.38964912324138,0.6,0.4,96.96666666666667,12.680905325214068,117.07638585792398,-0.007969726790797035,234.16709439259654,-0.8074515158275388,0.010335402542713491,0.12652319182389937,0.16133801639080048,1.0
342,1400832,1748.2,213.7087853514362,0.64,0.36,92.74,281.2600166295885,216.19594364781193,0.7666666666666667,0.23333333333333334,84.26666666666667,11.927136580149332,182.57752587911966,-0.009641420050569765,365.17270244251597,-0.8136887633717144,0.008644079051950908,0.10697115384615384,0.1609368622303009,1.0
343,1404928,1749.1,276.4797922132994,0.76,0.24,106.14,154.83732087784838,248.25440854852982,0.5333333333333333,0.4666666666666667,84.63333333333334,10.848421867688497,155.3945295670453,-0.004697887274874922,310.7968286626479,-0.8153358557645012,0.007120730098583461,0.0876608455882353,0.16114571690559387,1.0
344,1409024,1749.3,243.52693507102688,0.7,0.3,98.44,198.85030182047802,244.8234089980952,0.6,0.36666666666666664,86.76666666666667,11.06512155532837,182.23615625169543,-0.013081685926105516,364.49683899349634,-0.8168391159011258,0.009887154446914792,0.1264105902777778,0.16049522161483765,1.0
345,1413120,1749.8,256.18929143680435,0.72,0.26,93.26,277.6684315946495,216.9072162351603,0.7666666666666667,0.23333333333333334,81.53333333333333,11.50548079808553,126.39586731324712,-0.004792714384889387,252.7996751716338,-0.821130535688745,0.009714238286714059,0.12283509036144578,0.16069909930229187,1.0
346,1417216,1750.5,175.68277429837443,0.56,0.42,77.76,192.11738012544194,244.59733537933266,0.6,0.4,79.7,10.969561592737834,130.03884732521186,-0.004509953860888037,260.08506820161466,-0.8209699205422806,0.009081796788357957,0.11420815677966102,0.16033750772476196,1.0
347,1421312,1750.4,201.93361400161626,0.62,0.38,91.5,260.2788425635401,218.70762286707512,0.7333333333333333,0.26666666666666666,99.43333333333334,13.340679057439168,136.46031376353483,-0.016621447239092917,272.95222214369744,-0.824290691063418,0.010617299784214525,0.13840917397660818,0.16017699241638184,1.0
348,1425408,1750.9,263.4359311541524,0.74,0.26,90.48,208.37044058667024,240.66213116228317,0.6333333333333333,0.36666666666666664,83.23333333333333,10.863215788205464,138.9088716921599,-0.012053904354410326,277.8402012037194,-0.8269110861031905,0.008180158747279126,0.10404211956521739,0.1598879098892212,1.0
349,1429504,1751.0,257.7344136704501,0.72,0.26,91.82,244.60948865149277,229.5478080333654,0.7,0.3,88.73333333333333,12.14145650068919,108.69061658117506,-0.011876430281619024,217.40332741207547,-0.8297450376881493,0.01034391261863574,0.13273111979166666,0.15974003076553345,1.0
350,1433600,1751.6,272.85402246164966,0.76,0.24,99.86,236.04402709966593,225.77733939771804,0.6666666666666666,0.26666666666666666,134.0,18.546943895022075,405.13972825270434,-0.0022171179835612956,810.282235952524,-0.831125442798321,0.009561665606899904,0.1219951923076923,0.15971671044826508,1.0
351,1437696,1752.0,213.4361827505398,0.64,0.36,87.6,189.9322824977797,243.37880933190334,0.6,0.4,74.0,9.549073870976766,148.99419229926792,-0.006879803955766326,298.0004816799299,-0.8318160290413714,0.009853695492848015,0.1195700354609929,0.1597495824098587,1.0
352,1441792,1752.9,169.398570464012,0.56,0.44,69.82,227.66332150372497,237.49861739609372,0.6666666666666666,0.3333333333333333,86.0,11.57253654797872,439.99890899658203,-0.015651877038180828,880.0274505615234,-0.8309335261583328,0.007130763493478298,0.0478515625,0.1597495675086975,1.0
353,1445888,1754.0,254.45464148814733,0.72,0.28,91.1,163.8964534550074,254.3866316028431,0.5333333333333333,0.4666666666666667,85.63333333333334,12.006754463911056,370.0438232421875,0.01630011945962906,740.0533854166666,-0.8309359947840372,0.0077949620058967006,0.06293402777777778,0.15975600481033325,1.0
354,1449984,1754.5,299.5305188704329,0.82,0.18,79.56,129.41516798034485,253.79333831217843,0.4666666666666667,0.5333333333333333,82.86666666666666,11.065313696861267,131.4393189239502,-0.010478507080115378,262.8979351043701,-0.8326686322689056,0.008710499329026788,0.1109765625,0.15933570265769958,1.0
355,1454080,1754.9,264.545806848611,0.74,0.26,79.82,195.91988854809622,249.67481707298032,0.6,0.4,85.56666666666666,11.71484566728274,113.24953239614314,-0.009103844556110826,226.51559430902654,-0.838429681956768,0.01035915964431214,0.13449928977272727,0.15901431441307068,1.0
356,1458176,1754.7,272.62449836105316,0.76,0.24,80.24,348.49995073981097,148.49646037751026,0.9,0.1,109.96666666666667,15.072308524449666,177.6006778351804,-0.015459915828653314,355.23059094205814,-0.840786687554197,0.008974505554973842,0.12005485372340426,0.15886713564395905,1.0
357,1462272,1754.8,230.62164349818485,0.68,0.32,88.42,231.81880992849347,236.31583460970998,0.6666666666666666,0.3,117.56666666666666,16.453668785095214,185.87296560301002,-0.008214262079658871,371.7606687072321,-0.8432382827109479,0.009972523655147945,0.12993129432624115,0.1587282121181488,1.0
358,1466368,1755.4,282.31817978402273,0.78,0.22,96.62,194.35382778110196,242.38691418594482,0.6,0.36666666666666664,90.5,12.275208016236624,102.09281251695421,-0.007107812590483162,204.19815741644965,-0.8428679042392306,0.009100360226713948,0.11276041666666667,0.15895166993141174,1.0
359,1470464,1755.3,241.89547889279646,0.7,0.3,84.84,189.96990003140766,244.09982180102986,0.6,0.4,84.16666666666667,10.369769736131031,148.81136274088115,-0.015741922626886225,297.65251934590765,-0.8428767532578314,0.011610441776577636,0.15297774869109948,0.15852448344230652,1.0
360,1474560,1755.9,286.8396589722388,0.78,0.2,100.94,265.83481883249897,224.24439939586856,0.7333333333333333,0.26666666666666666,81.5,11.55596890449524,124.91416806559408,-0.008474139812132042,249.84358461441533,-0.8478448198687646,0.009811813207042793,0.12522051411290322,0.15837422013282776,1.0
361,1478656,1756.3,274.5125903922541,0.76,0.24,99.2,193.78054710382628,243.14965861813243,0.6,0.4,82.86666666666666,11.011741867661476,114.59868574634041,-0.0048025582830623255,229.20527892751792,-0.84849085881538,0.010448213604269261,0.12971166237113402,0.15828105807304382,1.0
362,1482752,1757.4,257.6506272796587,0.72,0.26,99.84,230.8827427819171,238.0598679709708,0.6666666666666666,0.3333333333333333,72.93333333333334,10.120415949821473,246.19259782270953,-0.017069042406298897,492.41762750799006,-0.8499248244545676,0.009884432487359101,0.10546875,0.15820559859275818,1.0
363,1486848,1757.9,271.14077053809075,0.76,0.24,100.64,239.1077437262748,227.59920742828737,0.7,0.3,79.06666666666666,9.904929834604264,193.12970373219457,-0.013058507636767523,386.2838217373552,-0.8498317512972602,0.008808350983750204,0.11398168103448277,0.1583610326051712,1.0
364,1490944,1758.1,223.87491559365742,0.66,0.34,86.82,326.6308901676752,170.8528070409579,0.8666666666666667,0.13333333333333333,97.46666666666667,13.260004393259685,153.40108570908055,-0.009398888069854089,306.8192620710893,-0.8506401443120205,0.00976441807473417,0.12384588068181818,0.1579267680644989,1.0
365,1495040,1758.5,221.82812954782756,0.66,0.34,90.56,223.39159855922807,236.90347635898797,0.6666666666666666,0.3333333333333333,90.83333333333333,11.571867648760477,98.00044953679463,-0.011037306467362916,196.02126440944443,-0.8540141560945166,0.010267715777708105,0.13596573795180722,0.15790998935699463,1.0
366,1499136,1758.3,222.16648943788385,0.66,0.34,95.74,253.3012180188279,220.93824132998114,0.7333333333333333,0.26666666666666666,87.9,11.07083656191826,184.70561729099438,-0.012575422522976347,369.43467500106146,-0.8548099294952725,0.008773688759411806,0.1108695652173913,0.15779650211334229,1.0
367,1503232,1758.2,231.99662824584854,0.68,0.32,86.2,232.20865879894066,232.94823659045565,0.6666666666666666,0.3,97.8,11.626525950431823,175.75390672414315,-0.011859399929516396,351.5298212773382,-0.8565931990321747,0.008871442617290774,0.10999293785310735,0.1575142741203308,1.0
368,1507328,1758.6,302.9196069186399,0.82,0.18,99.12,275.2863747825757,209.62034402603692,0.7666666666666667,0.23333333333333334,89.16666666666667,11.479371883471806,139.0021704178822,-0.009372311685517241,278.0213689683359,-0.8594068205809291,0.008145911253611499,0.10472705696202532,0.15745750069618225,1.0
369,1511424,1758.7,243.8622611498465,0.7,0.3,87.32,194.77747624823968,248.99110445582536,0.6,0.4,99.3,13.368170650800069,175.3989665738998,-0.00791825847550025,350.8120572490077,-0.8588021248579025,0.008864382653677415,0.11195816532258064,0.15756282210350037,1.0
370,1515520,1758.4,297.6018076425314,0.8,0.2,100.04,279.5390712461736,208.29975859939626,0.7666666666666667,0.23333333333333334,108.6,14.79984712600708,159.65489727517834,-0.010181369882522395,319.32844560042673,-0.8581654047188552,0.009685719238958605,0.12623131793478262,0.15751631557941437,1.0
371,1519616,1758.6,254.25881806374022,0.72,0.28,92.1,247.2993366094714,234.19196701838317,0.7,0.3,91.93333333333334,12.775781558454037,148.7762099956644,-0.007704801399838822,297.56611258408117,-0.8604312179417446,0.008323572283000525,0.10526670258620689,0.15717080235481262,1.0
372,1523712,1759.0,248.64924039151177,0.72,0.28,104.58,239.6367624883592,231.81042394398835,0.7,0.3,99.73333333333333,12.483478909730911,185.60981460764438,-0.008173910665172564,371.2342453968676,-0.863916714734669,0.007956002532398398,0.10225474683544304,0.15718910098075867,1.0
373,1527808,1759.1,221.80088399745947,0.66,0.34,90.0,218.11547540942695,245.25363800223911,0.6333333333333333,0.36666666666666664,106.73333333333333,14.861099251111348,128.8961289641145,-0.009247235246244576,257.80901822176844,-0.8646401832630108,0.010157426713373174,0.12870332792207792,0.15691596269607544,1.0
374,1531904,1759.0,231.65974370446543,0.68,0.32,93.48,272.96967479732933,210.4785598696902,0.7666666666666667,0.23333333333333334,102.26666666666667,12.789600904782613,169.26313955443246,-0.009277513728842937,338.5430989946638,-0.8686009022806372,0.009575165847698892,0.12615094866071427,0.15644317865371704,1.0
375,1536000,1759.6,261.37729380430994,0.74,0.26,103.46,107.8940964700712,251.64570213356106,0.43333333333333335,0.5666666666666667,72.93333333333334,9.493000276883443,203.7373087265912,-0.0034074984545655112,407.4796817555147,-0.8739082708078272,0.00779470290769549,0.09701286764705883,0.15623636543750763,1.0
376,1540096,1759.9,273.4162151384421,0.76,0.24,100.0,188.84145373379107,243.4199172062555,0.6,0.4,72.73333333333333,8.879452248414358,136.29941578104038,-0.007375628405222387,272.61183197329746,-0.8757689703594554,0.008871958932058529,0.11549084595959595,0.15612640976905823,1.0
377,1544192,1759.3,245.12114552668302,0.7,0.28,104.42,272.4938541620001,210.83689131630302,0.7666666666666667,0.23333333333333334,92.56666666666666,12.16989870071411,159.45126393636068,-0.010067164401213328,318.92089764630356,-0.879548105928633,0.009846538148337492,0.12569444444444444,0.15555736422538757,1.0
378,1548288,1759.5,272.42677577013956,0.76,0.24,109.36,238.69163095172019,229.49052993142524,0.7,0.3,83.86666666666666,10.503061070044835,138.20490642469755,-0.009318468783392894,276.42667871591993,-0.8842215233919571,0.009099131956107306,0.11742665816326531,0.15553203225135803,1.0
379,1552384,1760.1,270.3967167700259,0.76,0.24,87.64,213.63987013314576,235.26019174764667,0.6333333333333333,0.3333333333333333,96.26666666666667,12.8785235842069,398.00184173583983,0.007030983548611402,795.9878540039062,-0.8837763071060181,0.009657893236726523,0.117578125,0.1555950939655304,1.0
380,1556480,1760.7,277.9107099799172,0.78,0.22,83.18,210.5313077657524,246.19824863679514,0.6333333333333333,0.36666666666666664,85.26666666666667,11.675105388959249,139.44485253554123,-0.008215365286629934,278.904364659236,-0.883409070280882,0.009003316320908757,0.10719651442307693,0.15553414821624756,1.0
381,1560576,1760.7,240.94245522318707,0.7,0.3,91.34,258.1010023851264,219.82796604151645,0.7333333333333333,0.26666666666666666,89.53333333333333,11.16628719965617,178.05923218658006,-0.004241524453180424,356.1251777980639,-0.8835711548293846,0.0077188700282325344,0.09782608695652174,0.15566959977149963,1.0
382,1564672,1759.7,212.8254228254404,0.64,0.36,80.32,182.3394280277197,239.70344063174508,0.5666666666666667,0.36666666666666664,130.7,16.88594459295273,206.63116578132875,-0.011864281707112827,413.2842966387349,-0.8800728382602815,0.008360292884190717,0.10977822580645161,0.1560802161693573,1.0
383,1568768,1759.9,303.51874161568935,0.82,0.18,101.24,259.0475989398904,222.49578833592864,0.7333333333333333,0.26666666666666666,97.4,13.240306607882182,119.57914704542894,-0.0074607690366414875,239.17146594707782,-0.8773707279792199,0.008299666589412552,0.10300480769230769,0.15591922402381897,1.0
384,1572864,1760.3,244.8741739904386,0.7,0.3,99.68,322.47126606920773,169.91077105161284,0.8666666666666667,0.13333333333333333,87.2,11.297404301166534,173.39033974953068,-0.007439505833300572,346.79378961359413,-0.881151412297221,0.007930637631131318,0.10110740291262135,0.1556250900030136,1.0
385,1576960,1760.2,200.74771841531822,0.62,0.38,77.34,326.33625312776087,170.80035209010975,0.8666666666666667,0.13333333333333333,88.53333333333333,11.714100249608357,192.1429339090983,-0.012479522253076235,384.30905654907224,-0.8832550207773845,0.008111965452941756,0.10203125,0.15559667348861694,1.0
386,1581056,1760.6,284.1088511947386,0.78,0.22,100.6,257.8672668025251,222.4145011436106,0.7333333333333333,0.26666666666666666,83.76666666666667,10.768147015571595,133.15156497511754,-0.006921047626366449,266.3152013379474,-0.8840335746144139,0.010539923158344315,0.13590116279069767,0.15545356273651123,1.0
387,1585152,1761.1,277.37767323685205,0.76,0.24,98.8,193.73968098653873,244.7759376610963,0.6,0.36666666666666664,93.9,10.373249467213949,144.0828682858011,-0.01068647055502009,288.1853388081426,-0.8867409987294156,0.009579797654979579,0.12376868206521739,0.1551990807056427,1.0
388,1589248,1761.3,230.35366920162366,0.68,0.32,93.48,177.06032998249364,250.4784155229285,0.5666666666666667,0.43333333333333335,76.4,10.155743495623271,151.49118051003285,-0.009580756854779255,302.9997510534572,-0.888613452592234,0.010712844699137206,0.13656496062992127,0.15529228746891022,1.0
389,1593344,1761.2,250.60926928962897,0.72,0.28,94.36,323.55076000263404,169.16438983820785,0.8666666666666667,0.13333333333333333,92.03333333333333,12.519986446698507,132.4810985299044,-0.0070373472259488215,264.97450167633764,-0.8865399256695149,0.010466461015735255,0.13058684593023256,0.15543651580810547,1.0
390,1597440,1761.1,242.3281742914549,0.7,0.3,69.92,280.3191128510638,212.2846719910957,0.7666666666666667,0.23333333333333334,78.4,11.075892541805903,181.00049085202426,-0.012637991174731565,362.0244830034781,-0.8882716021675995,0.009378268547099677,0.12245244565217392,0.15494826436042786,1.0
391,1601536,1761.7,259.24083004003586,0.74,0.26,82.3,241.2961319727461,232.16680460902242,0.7,0.3,77.23333333333333,10.429142745335897,112.39105971978636,-0.011072609447684062,224.80248322778817,-0.8919106229227416,0.010174431296407568,0.13137755102040816,0.15488114953041077,1.0
392,1605632,1762.0,272.315258718273,0.76,0.24,99.58,195.14582761179057,241.15989832012116,0.6,0.36666666666666664,95.4,13.0009194791317,133.67927739861307,-0.007812023037270213,267.37238928977024,-0.8937984463873874,0.009796239634494433,0.12333216292134831,0.15474450588226318,1.0
393,1609728,1761.9,257.73629674841794,0.74,0.26,76.14,274.4728601077371,212.68339519857116,0.7666666666666667,0.23333333333333334,92.33333333333333,12.158877809842428,139.5355324518113,-0.01077794338879545,279.090826367575,-0.8962998508460938,0.010737622657509905,0.14223710317460317,0.154331237077713,1.0
394,1613824,1761.8,228.93702337212994,0.68,0.32,92.88,260.58010299138886,223.89858830062767,0.7333333333333333,0.26666666666666666,108.26666666666667,14.279867740472158,182.58216236912926,-0.004293428939702206,365.1711188028025,-0.9003024177495823,0.008710646815056544,0.10987463662790697,0.15426211059093475,1.0
395,1617920,1762.3,252.49500099339508,0.72,0.28,96.14,275.35052239589015,213.41261458158846,0.7666666666666667,0.23333333333333334,79.6,10.904770398139954,145.38674503326416,-0.00999211207497865,290.7916749572754,-0.9000019705295563,0.008796877374406905,0.1074609375,0.15427593886852264,1.0
396,1622016,1762.1,163.98093187516668,0.54,0.46,72.76,274.4690610392491,214.91730416642346,0.7666666666666667,0.23333333333333334,100.0,13.008466871579488,234.3507726658656,-0.013103616819326772,468.7259567942699,-0.8989151260040326,0.008271982641006148,0.10747643156424581,0.15443730354309082,1.0
397,1626112,1762.5,270.73330727039144,0.76,0.24,87.92,229.26619417110578,234.0668145645595,0.6666666666666666,0.3333333333333333,87.73333333333333,11.371835255622864,136.49600013284123,-0.008421457339735592,273.0070431877585,-0.8988069828818827,0.009298051877275986,0.11875,0.15432524681091309,1.0
398,1630208,1762.5,223.1217002309876,0.66,0.34,84.1,246.36617922594812,231.07322711672893,0.7,0.3,85.0,11.235662571589152,180.05701260953336,-0.011894830521447835,360.1360199902509,-0.9007633207617579,0.009670570642196548,0.12296769425675676,0.15411755442619324,1.0
399,1634304,1762.8,226.06808733692745,0.66,0.34,99.32,264.9520823515042,217.4001810749369,0.7333333333333333,0.23333333333333334,89.66666666666667,11.230824526151022,157.74801304184388,-0.010162457882505015,315.514546688472,-0.9031007345591751,0.00931671617561342,0.12437938084112149,0.1539783775806427,1.0
400,1638400,1762.9,264.39358946899694,0.74,0.26,101.34,283.15611506837763,218.55022834178743,0.7666666666666667,0.23333333333333334,88.56666666666666,12.9642049630483,133.56756958007813,-0.01020747422426939,267.1537432861328,-0.9063699975013733,0.010782273687422276,0.13575,0.1535707712173462,1.0
401,1642496,1763.2,237.39714585737272,0.7,0.3,107.06,259.3634228862019,216.96903317791032,0.7333333333333333,0.26666666666666666,93.6,12.24622491200765,138.67276130288334,-0.00528367284401241,277.35426408153467,-0.9106620146056353,0.010055807194183185,0.12897245762711865,0.1533142328262329,1.0
402,1646592,1762.8,252.91136919678038,0.72,0.28,97.08,291.12941033518075,201.36297196990813,0.8,0.2,115.63333333333334,15.335377550125122,173.64175697386733,-0.011785374593180348,347.3052576620748,-0.9123590475930943,0.00925857072703423,0.11887918307086615,0.1535194218158722,1.0
403,1650688,1763.4,241.0525070805296,0.7,0.3,98.34,275.4705281406215,210.5440316900526,0.7666666666666667,0.23333333333333334,86.3,11.027438354492187,268.7847720059481,4.4589629396796227e-05,537.5676234852184,-0.9095581783489748,0.008772522819609467,0.10280539772727272,0.15360087156295776,1.0
404,1654784,1764.0,169.80744774186266,0.56,0.44,84.18,247.69950792888847,224.21175282853878,0.7,0.3,99.96666666666667,13.98259433110555,355.85895852481616,-0.0006200274014297654,711.7173282398898,-0.9091398821157568,0.010380106526153052,0.11420036764705882,0.153589129447937,1.0
405,1658880,1764.0,256.2101541343869,0.72,0.28,88.96,313.8040374823201,191.01792568746959,0.8333333333333334,0.16666666666666666,99.16666666666667,13.74219254652659,264.00598126579735,-0.008763091868775733,528.0276595171761,-0.9099693487672245,0.00716625939890304,0.08929227941176471,0.1534668505191803,1.0
406,1662976,1764.4,305.8511749624013,0.82,0.18,93.52,288.7813513258347,200.92896599955586,0.8,0.2,81.83333333333333,10.641627756754557,120.68064315597732,-0.005762942219999703,241.3709831733208,-0.9120224969727653,0.0076998891853183125,0.09288758116883117,0.15318310260772705,1.0
407,1667072,1764.5,229.33988779614083,0.68,0.32,88.76,244.95868216032562,236.09122618687576,0.7,0.3,95.2,13.230225666364033,140.6085391478105,-0.00935530858326026,281.2339596603856,-0.9128137262481631,0.010163365242381891,0.13301964962121213,0.1535501778125763,1.0
408,1671168,1764.8,247.9691901089102,0.72,0.28,86.32,313.1053426400048,189.06002601862863,0.8333333333333334,0.16666666666666666,89.1,12.149983445803324,158.903517448296,-0.008931197731171623,317.82307996588236,-0.9076952747369217,0.009651134498969857,0.12493379237288135,0.15380962193012238,1.0
409,1675264,1765.2,232.577058519111,0.68,0.32,93.58,176.35374578765405,250.99477825677278,0.5666666666666667,0.43333333333333335,79.13333333333334,10.327999424934386,147.65385636829194,-0.00982455298127163,295.3255548386347,-0.9047854071571714,0.010096785046958498,0.12604166666666666,0.1540067195892334,1.0
410,1679360,1765.4,234.3258005730447,0.68,0.32,76.52,293.6582132136666,196.44043066469112,0.8,0.2,100.8,12.754632290204366,213.63027028114564,-0.00792848573051273,427.2745853547127,-0.9049254737554058,0.007595237892782015,0.09419102822580645,0.15375450253486633,1.0
411,1683456,1765.9,199.24897309945706,0.62,0.38,81.78,229.46665773684782,239.82676434490648,0.6666666666666666,0.3333333333333333,88.8,12.347362089157105,125.65336554391044,-0.007284525427080336,251.31949034191314,-0.9064400997899827,0.008878569484555296,0.11286272321428571,0.15386635065078735,1.0
412,1687552,1766.3,219.4387709906535,0.66,0.34,99.44,217.56953858055644,235.0060465233388,0.6333333333333333,0.3,101.43333333333334,11.389224098126094,154.73415051230901,-0.0093719232827425,309.485235383239,-0.9056441610372519,0.008066735106602878,0.10067246835443038,0.15375706553459167,1.0
413,1691648,1766.7,273.10900302046275,0.76,0.24,102.16,276.04084502136067,210.4858842601336,0.7666666666666667,0.23333333333333334,87.9,11.251491967837016,147.6670163332761,-0.008905414369080093,295.3500299139337,-0.9081150581548502,0.009583544845764454,0.12324004120879122,0.1535307765007019,1.0
414,1695744,1766.8,273.2121722699122,0.76,0.24,103.3,213.24105618085682,236.69244297471744,0.6333333333333333,0.3333333333333333,115.26666666666667,13.663611110051473,144.16443527106082,-0.009302943853209868,288.3456503550212,-0.9111776826056567,0.009468626081026301,0.12337239583333333,0.15336118638515472,1.0
415,1699840,1767.0,273.2742203716738,0.76,0.24,106.4,208.04687381236076,243.05935252019825,0.6333333333333333,0.36666666666666664,90.46666666666667,10.973988755544026,129.68479614827172,-0.010152160257809977,259.38806545200634,-0.9138193797709336,0.010132667316652057,0.12485424440298508,0.15294009447097778,1.0
416,1703936,1767.6,239.98303490336534,0.7,0.3,97.3,192.10083232920618,247.8047472355006,0.6,0.4,92.3,12.113814598321914,256.6972961425781,0.026184674884591783,513.3404017857143,-0.9178399273327419,0.010903003359479564,0.09542410714285714,0.15290242433547974,1.0
417,1708032,1768.2,293.36086455317843,0.8,0.2,101.4,234.2676280384003,233.14857492128112,0.6666666666666666,0.3,109.2,15.092203248788913,99.09477853775024,-0.0022954390484041403,198.1923145566668,-0.9187660653676305,0.008768524076523525,0.10686383928571429,0.15280552208423615,1.0
418,1712128,1768.5,241.76525944771376,0.7,0.3,84.34,175.89628171814243,249.50268428298915,0.5666666666666667,0.43333333333333335,87.03333333333333,11.813881436983744,151.75074606230766,-0.006512067224265951,303.51268090142145,-0.9192912741140886,0.009398878039321814,0.11722695707070707,0.1528012752532959,1.0
419,1716224,1768.7,259.9905507585395,0.74,0.26,87.52,212.8174758583511,236.90436580489336,0.6333333333333333,0.3333333333333333,103.0,13.704899112383524,126.24368538727632,-0.007594514669649102,252.50072139018292,-0.9201556774410041,0.009552598219817958,0.12373310810810811,0.1526569277048111,1.0
420,1720320,1769.4,252.51770822196707,0.72,0.28,89.24,258.0441409451659,222.98112624710944,0.7333333333333333,0.26666666666666666,82.66666666666667,10.845045487085978,140.85646185764045,-0.008784513373664298,281.72865543809047,-0.9201324374176735,0.010503819150048806,0.13104106104651161,0.1528317928314209,1.0
421,1724416,1769.7,168.13602116291543,0.56,0.44,100.02,257.3670605664929,222.320847548224,0.7333333333333333,0.26666666666666666,83.9,11.230131753285725,230.4861796985973,-0.010458060132324204,460.99144196313273,-0.9190598553862454,0.007970300320274204,0.10075542355371901,0.15273326635360718,1.0
422,1728512,1769.9,150.0267626423585,0.52,0.48,81.5,294.41529319352696,199.54356804781534,0.8,0.2,95.53333333333333,12.239322487513224,231.73890991210936,-0.010767133362018145,463.49751845139724,-0.921961143383613,0.010548876440868929,0.13524639423076923,0.15235868096351624,1.0
423,1732608,1770.1,205.99204329177195,0.62,0.38,78.6,144.44421479664206,245.83176642620205,0.5,0.5,92.8,11.86300605138143,147.13494726876232,-0.008437278945973821,294.28491246588874,-0.9271610824861259,0.010725867923645077,0.1354410046728972,0.1520957052707672,1.0
424,1736704,1771.1,312.56222462849144,0.84,0.16,95.14,226.71477479691077,239.9045964598562,0.6666666666666666,0.3333333333333333,72.3,9.783600227038066,383.41532759232956,0.00906112790107727,766.8106966885654,-0.9287786212834445,0.00722608905793591,0.07599431818181818,0.1520673930644989,1.0
425,1740800,1771.5,261.098929229538,0.74,0.26,95.74,269.0142483492294,216.6121415808334,0.7333333333333333,0.23333333333333334,103.3,14.604801034927368,123.5125588447817,-0.006200104711517211,247.03565609839654,-0.9293912072335521,0.008604404670486768,0.11183215725806452,0.15201595425605774,1.0
426,1744896,1771.4,269.3488006895117,0.74,0.24,91.8,262.80904692272776,220.16548328953618,0.7333333333333333,0.26666666666666666,102.6,13.634472052256266,98.46993373235067,-0.01000624594744295,196.95802742640177,-0.9263188262780507,0.009264637099113316,0.12021484375,0.15265381336212158,1.0
427,1748992,1771.8,200.47276171987102,0.62,0.38,77.76,225.8044080172595,237.10145790101674,0.6666666666666666,0.3333333333333333,85.4,11.723654715220134,202.28955070339904,-0.011209384862929076,404.5996834891183,-0.9209796267301857,0.010362261326565427,0.1325201955782313,0.15256129205226898,1.0
428,1753088,1771.6,292.22500262915014,0.8,0.2,84.94,257.99453728986543,223.34261138079705,0.7333333333333333,0.26666666666666666,110.1,13.291421262423198,118.54578498204549,-0.011281859075340132,237.11229349772137,-0.9229480907320976,0.010444121060815329,0.13701171875,0.15243104100227356,1.0
429,1757184,1771.7,284.6585442489143,0.78,0.2,95.2,141.1339379025967,250.85371624790153,0.5,0.5,84.46666666666667,10.813213920593261,170.52617229114878,-0.005798092774454165,341.06209002408116,-0.9256774734367024,0.009184369529512796,0.11736505681818182,0.15217819809913635,1.0
430,1761280,1771.7,196.6214978169016,0.6,0.4,85.8,243.62667709091605,230.07783456137292,0.7,0.3,83.93333333333334,11.464638475577036,172.14803107431,-0.0060608653725934365,344.3063340944664,-0.926945650131903,0.00969697352472658,0.11831921728971963,0.15231409668922424,1.0
431,1765376,1772.1,269.0218008565483,0.76,0.24,94.26,275.65751128007963,207.33145309880396,0.7666666666666667,0.23333333333333334,96.66666666666667,13.390275192260741,188.66250985766214,-0.008665001359842127,377.34049454946364,-0.9255800114737617,0.007054745378564038,0.0835813492063492,0.15236139297485352,1.0
432,1769472,1772.4,259.5727459318284,0.74,0.26,93.38,292.223630932218,201.89466095133406,0.8,0.2,90.3,12.171851555506388,147.17221473925042,-0.011210974298812675,294.3650093656598,-0.921456164482868,0.00998189894193219,0.125,0.1529633104801178,1.0
433,1773568,1772.8,261.46363428040945,0.74,0.26,98.82,190.79927239404194,245.34841561282897,0.6,0.4,86.03333333333333,11.601647112766901,237.81358833312987,-0.002021749271079898,475.62938868204753,-0.9167563796043396,0.007242696200652669,0.09583333333333334,0.15296518802642822,1.0
434,1777664,1772.5,254.98787755338304,0.72,0.28,98.46,292.3332723293303,203.31176912244143,0.8,0.2,91.16666666666667,11.893016497294107,115.78493759036064,-0.009904921427732916,231.58784794807434,-0.919512378051877,0.009857282017037505,0.12786865234375,0.15251141786575317,1.0
435,1781760,1773.2,255.02921140833467,0.72,0.28,81.86,342.81395112270167,149.4907705895328,0.9,0.1,105.03333333333333,13.186879301071167,376.7344374223189,-0.008909101597964764,753.484843860973,-0.9234832958741621,0.008298783795908093,0.09019886363636363,0.15246319770812988,1.0
436,1785856,1773.4,201.98097964433455,0.62,0.38,90.08,277.8136696127906,204.32710541750262,0.7666666666666667,0.2,95.6,13.00706650018692,165.93060841691604,-0.010988593370645144,331.8813391169277,-0.9258286553785342,0.009448162984923212,0.12048451834862385,0.15202930569648743,1.0
437,1789952,1773.4,216.36128352037565,0.64,0.36,86.66,216.40853481819806,238.4171088168973,0.6333333333333333,0.3333333333333333,95.96666666666667,11.761588241656622,143.26432745235482,-0.006690968164079583,286.5401798523578,-0.9294444236558738,0.009563521049993555,0.12185889175257732,0.1521349549293518,1.0
438,1794048,1773.7,241.2863804395055,0.7,0.3,95.62,280.3201607928832,205.10611519572535,0.7666666666666667,0.2,109.46666666666667,13.413000281651815,102.2124103867864,-0.005773593884814216,204.43450642781085,-0.9294476781982973,0.009821176730904234,0.12547063253012047,0.15188227593898773,1.0
439,1798144,1773.9,284.02087358971994,0.78,0.22,99.38,246.2631834066207,232.26380893070026,0.7,0.3,95.96666666666667,13.00464547475179,175.6648853544205,-0.012359234149612132,351.35262728494314,-0.9283806785704598,0.012022420130152669,0.14738343253968253,0.1523130238056183,1.0
440,1802240,1774.6,256.65304633140227,0.72,0.26,97.88,224.4555831090831,238.65942697262895,0.6666666666666666,0.3333333333333333,92.33333333333333,12.154139606157939,294.5525779724121,0.0228730101371184,589.0575790405273,-0.9255362004041672,0.010585605923552066,0.111328125,0.15234677493572235,1.0
441,1806336,1774.7,254.8145970508209,0.72,0.28,100.04,309.5825978181844,188.00222792319528,0.8333333333333334,0.16666666666666666,107.73333333333333,14.034628399213155,191.88917277683723,-0.010670460547346657,383.7978325959678,-0.9271374612211067,0.008213774840756555,0.10232914719626168,0.15201428532600403,1.0
442,1810432,1775.0,291.62417631093166,0.8,0.2,85.7,292.57551655280184,202.69849615151725,0.8,0.2,102.26666666666667,13.24980275630951,123.69328868135493,-0.005725636637393147,247.39616613185152,-0.9322109558480851,0.008435614067724253,0.10413896276595745,0.1516236513853073,1.0
443,1814528,1774.9,220.44656552724075,0.66,0.34,106.68,327.2281365924694,172.95018115154411,0.8666666666666667,0.13333333333333333,105.76666666666667,14.411709554990132,200.68336554287242,-0.009600665368025705,401.384060399062,-0.9347304916706215,0.009874859888131927,0.12284757653061225,0.15167582035064697,1.0
444,1818624,1775.1,230.32490468557054,0.68,0.3,99.96,276.2837306369575,216.03303444510635,0.7666666666666667,0.23333333333333334,87.5,11.707246001561483,153.5700072300287,-0.0051432534948819214,307.1484302473657,-0.9348365053718473,0.008228986067007537,0.10108024691358025,0.15149526298046112,1.0
445,1822720,1775.1,211.00366931968662,0.64,0.36,103.82,249.93343807851025,231.6703565760363,0.7,0.3,89.46666666666667,12.578715213139851,191.67036053466796,-0.008653014685958624,383.3561528320312,-0.9364980945587158,0.009810061683878303,0.11978125,0.1516510397195816,1.0
446,1826816,1775.4,201.41676202768355,0.62,0.36,104.34,209.8573573779084,242.40840960312616,0.6333333333333333,0.36666666666666664,80.4,10.748789079984029,172.72944271381084,-0.009428899511336707,345.47587022047776,-0.935970151424408,0.008152577033839547,0.10381610576923077,0.1512308120727539,1.0
447,1830912,1775.5,265.4464357141964,0.74,0.24,100.06,225.78773121944826,232.62315623297573,0.6666666666666666,0.3333333333333333,112.73333333333333,14.071427504221598,133.28774620504942,0.0068233332541935586,266.55996120677275,-0.9413783059400671,0.006805391872630399,0.08203125,0.1510331630706787,1.0
448,1835008,1775.8,255.21939532519897,0.72,0.28,84.64,145.6649680746018,251.08243287827446,0.5,0.5,76.73333333333333,10.155161621173223,153.47841017586845,-0.008944604623441895,306.97282400585357,-0.9420230395737148,0.010146261819283523,0.12346540178571429,0.15123145282268524,1.0
449,1839104,1776.3,247.93217603370832,0.7,0.28,105.08,256.8072794975555,220.7107911136099,0.7333333333333333,0.26666666666666666,84.43333333333334,10.971069391568502,186.21704403859263,-0.0013463318365503033,372.4348950655955,-0.9403712367111782,0.008367961764616787,0.10841686320754718,0.15114513039588928,1.0
450,1843200,1776.0,241.4074309661572,0.7,0.3,101.04,260.7490401020228,212.22459052603048,0.7333333333333333,0.23333333333333334,116.43333333333334,13.830812311172485,221.54461801876812,-0.012008140915009024,443.1113621453819,-0.9425785204149643,0.008985805312031001,0.11392000786163523,0.1509307324886322,1.0
451,1847296,1775.9,226.08560072868994,0.66,0.34,84.96,215.90788199139644,239.225104746994,0.6333333333333333,0.3333333333333333,94.66666666666667,11.569480804602305,131.88319047029353,-0.013401645547440968,263.79129337279267,-0.9432381583639413,0.010867272259298065,0.13035898760330578,0.1510072648525238,1.0
452,1851392,1776.1,214.66766463197902,0.64,0.34,102.82,246.0832928953203,230.51098330350504,0.7,0.3,85.0,11.553808617591859,161.90956446102686,-0.010864362694389586,323.8389717510768,-0.941952971475465,0.009848506449738384,0.12758091517857142,0.15124115347862244,1.0
453,1855488,1776.5,232.51319417689965,0.68,0.3,101.6,229.48682845082303,235.41476036860288,0.6666666666666666,0.3333333333333333,76.9,10.48042360941569,156.99266364726614,-0.009649536616981346,314.0027401700933,-0.940431850387695,0.00875487540194646,0.11544215425531915,0.15112540125846863,1.0
454,1859584,1776.7,241.46402985672216,0.7,0.3,107.96,227.47659904118842,235.37018374131404,0.6666666666666666,0.3333333333333333,100.6,13.020613441864649,147.0037523905436,-0.011454260078608058,294.028528769811,-0.9415783062577248,0.00985050184923845,0.123779296875,0.15116766095161438,1.0
455,1863680,1776.4,264.51401447010113,0.74,0.24,120.34,309.36592377811394,187.34937764213097,0.8333333333333334,0.16666666666666666,108.63333333333334,14.534003178278605,150.36254516601562,-0.010880885120326032,300.7449687194824,-0.9405998377005259,0.009015595011102657,0.117109375,0.15106777846813202,1.0
456,1867776,1776.1,254.82466344224918,0.72,0.26,109.82,286.98000880435495,209.51725067726392,0.7666666666666667,0.2,110.56666666666666,13.3715327779452,162.66517858152037,-0.0087033836171031,325.345872313888,-0.9434475208874102,0.00837697595771816,0.10630063657407407,0.15079562366008759,1.0
457,1871872,1775.8,281.9914144657351,0.78,0.22,82.28,238.3251617615997,230.2083124619737,0.7,0.3,99.5,12.627309993902843,193.18462912241617,-0.008194099961794123,386.3837551348137,-0.9477340922211156,0.008042398801383873,0.10366358901515152,0.1505049765110016,1.0
458,1875968,1776.1,214.02541382474703,0.64,0.34,92.78,277.24955659435255,212.6182767466282,0.7666666666666667,0.23333333333333334,100.7,13.284214210510253,258.09485822405134,-0.005381404871254095,516.1985863821847,-0.9498033923762185,0.007462270524618881,0.09246651785714285,0.15048548579216003,1.0
459,1880064,1775.9,281.9294843482176,0.78,0.22,98.04,306.2559516058167,189.3451029856683,0.8333333333333334,0.16666666666666666,122.93333333333334,15.06014280319214,127.11944827227525,-0.006874190709015853,254.25075122672067,-0.9497238221302838,0.009768122298852868,0.11982834507042253,0.15055544674396515,1.0
460,1884160,1775.7,261.09006179705665,0.74,0.26,104.1,261.1695737645178,224.10556378800325,0.7333333333333333,0.26666666666666666,92.66666666666667,12.298332595825196,136.49334301668054,-0.01231116450884763,273.00940968008604,-0.9500177901457337,0.0095233080415603,0.1203756893382353,0.1503174751996994,1.0
461,1888256,1775.5,242.14582048921395,0.7,0.3,87.02,264.4360448071578,224.99678833399636,0.7333333333333333,0.26666666666666666,115.83333333333333,15.107347218195597,164.05973013392034,-0.009069073910139641,328.13570404052734,-0.9505821168422699,0.010033162605052567,0.13174380896226415,0.15065088868141174,1.0
462,1892352,1775.7,248.0446036915647,0.72,0.28,82.22,227.79341754855477,237.3020183777054,0.6666666666666666,0.3333333333333333,88.26666666666667,11.857617457707724,147.7732448381247,-0.007186008041206095,295.5589694780173,-0.9482372341696749,0.008837941817977686,0.10619362113402062,0.15048742294311523,1.0
463,1896448,1776.0,203.97596306975123,0.62,0.38,92.42,226.16688549092027,229.5482857713363,0.6666666666666666,0.3,104.5,12.191537092377741,155.10760270041982,-0.012778602706418297,310.23886169784373,-0.9507731336286698,0.009663008046389997,0.12306932471264367,0.15041154623031616,1.0
464,1900544,1776.0,273.04176022443903,0.76,0.24,98.8,243.2337065434349,228.73867811265012,0.7,0.3,105.6,13.124240491787592,140.85698380470276,-0.0071164462133310735,281.72630014419553,-0.9516452945768833,0.008501581457676367,0.108837890625,0.15026307106018066,1.0
465,1904640,1776.2,269.688726876508,0.74,0.24,94.96,178.6510574628189,246.37682957155354,0.5666666666666667,0.43333333333333335,89.7,11.762822604179382,123.71490330482597,-0.002035050284562271,247.4319754073869,-0.9531834303443112,0.008583173409465756,0.10663479477611941,0.15026123821735382,1.0
466,1908736,1776.2,283.8721626311648,0.78,0.22,84.76,199.21442911015774,238.84006286551187,0.6,0.36666666666666664,97.66666666666667,12.726631418863933,114.98492393173089,-0.006382426160912053,229.98070821040818,-0.9538724848202297,0.009980258383169896,0.12907037815126052,0.15006060898303986,1.0
467,1912832,1776.3,182.0104293489964,0.58,0.42,80.0,223.5796236409937,234.41214731990206,0.6666666666666666,0.3333333333333333,105.16666666666667,12.851208309332529,191.32957954406737,-0.0055162730937202776,382.6682803683811,-0.9554036133819156,0.01039138743136492,0.13012152777777777,0.15016740560531616,1.0
468,1916928,1775.9,193.15735934353867,0.6,0.4,80.36,250.7869955406484,228.94189116558567,0.7,0.26666666666666666,111.83333333333333,13.752115615208943,148.89317105700087,-0.01247036858572514,297.8093794709319,-0.953559559958798,0.010157996081988085,0.13103693181818182,0.1502133309841156,1.0
469,1921024,1775.7,214.64247418554945,0.64,0.36,103.84,290.5643297697037,197.78268431628328,0.8,0.2,81.83333333333333,10.857927799224854,165.84874812039462,-0.01282830134673853,331.7212494358872,-0.954013565875063,0.009102999156275106,0.12105429292929293,0.1501014232635498,1.0
470,1925120,1775.5,241.24028292399774,0.7,0.3,88.64,210.41679810111302,244.04261705550135,0.6333333333333333,0.36666666666666664,95.03333333333333,12.70409971276919,125.73356774565461,-0.011474881803483836,251.48816844395228,-0.9569383313903561,0.010288920353299804,0.13337053571428573,0.14969170093536377,1.0
471,1929216,1775.7,241.45307063748882,0.7,0.3,86.96,180.4646889092166,247.23304904289648,0.5666666666666667,0.4,89.56666666666666,11.204893636703492,131.99498528296795,-0.010259778905283966,264.0085665501586,-0.9626380407482112,0.011061927703115235,0.13653956422018348,0.1492859125137329,1.0
472,1933312,1775.7,241.91476152689185,0.7,0.3,83.2,241.53354379454768,230.8893924841038,0.7,0.3,95.06666666666666,12.003769063949585,158.42585147719785,-0.010725615243146936,316.8712231739458,-0.9673090304236814,0.009744932712336262,0.12283509036144578,0.14904169738292694,1.0
473,1937408,1775.9,295.8823141609021,0.8,0.2,82.28,260.9354871494805,220.72796693383498,0.7333333333333333,0.26666666666666666,91.23333333333333,12.36720785498619,119.25898431631235,-0.007635694627578442,238.53130187988282,-0.9684039280964778,0.009734681359707164,0.1233173076923077,0.14916233718395233,1.0
474,1941504,1775.7,246.6134727174765,0.7,0.3,95.78,200.38651129648795,241.02863600900113,0.6,0.36666666666666664,96.2,11.827954872449238,150.35688237790708,-0.010495810829861849,300.73282340720846,-0.9669940808305034,0.008979205736304048,0.11234085648148148,0.14923900365829468,1.0
475,1945600,1775.8,266.2546724358013,0.74,0.26,85.92,245.1159989212548,229.92535870425098,0.7,0.3,103.26666666666667,13.503038877248764,174.05590689416024,-0.00638355811436971,348.1226473041609,-0.9673924907749775,0.009362181422629338,0.1211703431372549,0.14907598495483398,1.0
476,1949696,1775.7,261.4446879095865,0.74,0.26,86.38,257.91274018690194,217.25727256052454,0.7333333333333333,0.26666666666666666,105.3,13.331143816312155,119.51941516876221,-0.008325567417778075,239.05354804992675,-0.9692935311794281,0.010817027061711997,0.1358984375,0.14888939261436462,1.0
477,1953792,1775.8,254.4757270750325,0.72,0.28,91.94,329.13264486543443,160.0836516938021,0.8666666666666667,0.1,98.0,12.183361450831095,119.258052444458,-0.007006855180952698,238.52816820144653,-0.9725248195230961,0.009553049504756928,0.11669921875,0.14866027235984802,1.0
478,1957888,1775.5,235.57029554297202,0.68,0.3,90.76,276.55460342496553,213.56701935835147,0.7666666666666667,0.23333333333333334,95.66666666666667,12.202282526095708,182.84692313936023,-0.013056443850574497,365.7180059221056,-0.9742735831273927,0.009545323075144552,0.12421332465277778,0.14866088330745697,1.0
479,1961984,1775.1,224.9132978113061,0.66,0.32,104.92,314.09431565383926,190.18765930347845,0.8333333333333334,0.16666666666666666,95.2,12.249382023016611,217.73211155276326,-0.010777428996964144,435.4838278505224,-0.9731028637237097,0.00841426714351015,0.10967548076923077,0.1488187462091446,1.0
480,1966080,1775.4,234.23163423472823,0.68,0.32,111.1,278.29498011890917,215.17477971092424,0.7666666666666667,0.23333333333333334,85.0,11.364014792442322,155.48145470968106,-0.006325655031903851,310.97360955215083,-0.9726587875587184,0.009190920879496488,0.11756859756097561,0.14863881468772888,1.0
481,1970176,1775.5,185.8202350407081,0.58,0.38,119.54,225.69582905853224,240.76930509200986,0.6666666666666666,0.3333333333333333,102.33333333333333,12.841861299673717,301.85335134952624,0.0006300637974066937,603.703489263007,-0.9752263097052879,0.008960872972780403,0.11253324468085106,0.14860616624355316,1.0
482,1974272,1775.5,159.43693768077515,0.5,0.4,127.56,160.8254649509653,250.0910668967878,0.5333333333333333,0.4666666666666667,94.06666666666666,12.513462281227111,207.6430549621582,-0.010916484795619272,415.30598923766496,-0.9765464194769998,0.007576717326001635,0.0970873786407767,0.1482435166835785,1.0
483,1978368,1775.4,236.65592546665854,0.68,0.32,112.1,228.00208484545846,232.16286755351135,0.6666666666666666,0.3,99.26666666666667,10.867705766359965,133.88853815197945,-0.012163395826064516,267.7994413971901,-0.9833179702982306,0.009684663415100658,0.1236572265625,0.14766673743724823,1.0
484,1982464,1775.6,248.81141198645793,0.7,0.28,99.88,212.74259158944912,243.88461424867543,0.6333333333333333,0.36666666666666664,84.06666666666666,11.486578917503357,143.0392258794684,-0.008172049260649242,286.0928189127069,-0.9880862683057785,0.009516468654558258,0.12273848684210527,0.1476438343524933,1.0
485,1986560,1775.7,254.50344688799916,0.72,0.26,99.58,176.13910626360166,249.7902465970377,0.5666666666666667,0.43333333333333335,99.06666666666666,13.510267641146978,133.66546836652253,-0.010834290854338752,267.3506232813785,-0.9900158651565251,0.009278207631340544,0.11497738486842106,0.14717166125774384,1.0
486,1990656,1775.8,252.70630332088422,0.72,0.28,86.6,276.51041352471134,212.28245069948377,0.7666666666666667,0.23333333333333334,95.56666666666666,12.722352202733358,155.59842418489,-0.007529533160517791,311.20991952078685,-0.9954403504019692,0.01030255884342339,0.13671875,0.1470513641834259,1.0
487,1994752,1775.7,225.48768959104254,0.66,0.3,103.18,238.83802148566468,228.49807886189836,0.7,0.3,87.3,11.138600524266561,213.30669112944267,-0.0035464617646705937,426.6184812733825,-0.996229351406366,0.008725405831388394,0.11460167253521127,0.14700177311897278,1.0
488,1998848,1775.7,304.0212041134587,0.82,0.16,107.3,210.60167354268438,235.69719005843587,0.6333333333333333,0.36666666666666664,94.06666666666666,12.442721350987751,121.55785146252862,-0.010362864375628274,243.13443493020947,-0.9967071386589401,0.010212688441870028,0.13317169540229884,0.14705878496170044,1.0
489,2002944,1776.1,258.05967318170576,0.72,0.26,100.36,242.9468068388049,229.94126368300306,0.7,0.3,75.66666666666667,10.016659976045291,125.00242428446926,-0.005680975948222155,250.0142249173896,-0.994802935871967,0.008648792823213477,0.11019258720930232,0.14718231558799744,1.0
