update,timesteps,fps,train_return_mean,train_success_rate,train_collision_rate,train_episode_len_mean,eval_return_mean,eval_return_std,eval_success_rate,eval_collision_rate,eval_steps_mean,eval_path_length_mean,loss,policy_loss,value_loss,entropy,approx_kl,clip_fraction,std_mean,early_stop
1,4096,1362.8,253.34350937318126,0.7142857142857143,0.2619047619047619,96.52380952380952,326.6224261332873,174.72853866935648,0.8666666666666667,0.13333333333333333,92.03333333333333,12.48479018608729,132.7197208323377,-0.01228847136879538,265.4639293914146,-0.1505561701794888,0.005511311476336832,0.06881648936170212,0.22397737205028534,1.0
2,8192,1443.6,248.87406208851354,0.72,0.28,102.06,241.30062882852053,232.69478064940162,0.7,0.3,91.1,12.487003596623738,86.91378836419172,-0.0117928178025896,173.85106826587847,-0.158477398999937,0.006045495142128057,0.07892117834394904,0.22307613492012024,1.0
3,12288,1492.2,180.45221594592473,0.58,0.42,80.54,141.86289236405804,245.61772642673427,0.5,0.5,69.63333333333334,9.075808872779211,174.78142093022663,-0.009491868270561098,349.58172216415403,-0.1658873533209165,0.004729270797300463,0.057047526041666664,0.22242173552513123,0.0
4,16384,1505.7,231.33094694627255,0.68,0.32,87.34,227.2708051891421,234.19828564732626,0.6666666666666666,0.3333333333333333,86.83333333333333,11.30548709233602,137.17079140345257,-0.012380541059731817,274.36624034245807,-0.1720910683274269,0.0050959280468911555,0.06155598958333333,0.2216380536556244,0.0
5,20480,1504.3,202.55751484670247,0.62,0.38,93.26,241.07782642126068,232.26066486684755,0.7,0.3,83.13333333333334,11.283596436182657,156.09545645713806,-0.011417784947358693,312.21364367802937,-0.17775285840034485,0.0047873148083454,0.057470703125,0.22126039862632751,0.0
6,24576,1516.5,162.85086996852056,0.54,0.46,83.0,305.49821528573483,191.1602237913945,0.8333333333333334,0.16666666666666666,94.86666666666666,13.089841651916505,182.29101011068514,-0.012600510823770915,364.6071090698242,-0.1778809162649778,0.005965307614268126,0.07702274133663366,0.22175902128219604,1.0
7,28672,1530.8,162.66907968875245,0.54,0.46,91.34,193.66089167641263,245.37342951212264,0.6,0.4,86.0,11.744989395141602,169.36202780714314,-0.010782836616554669,338.7455209528358,-0.17613062638680912,0.0052707861742746194,0.0650219963592233,0.22136689722537994,1.0
8,32768,1540.5,263.70862060945495,0.74,0.24,100.22,277.1060347927857,212.51754188898423,0.7666666666666667,0.23333333333333334,68.26666666666667,9.732604432106019,226.52717485427857,-0.010376159420896631,453.07498156229656,-0.17860463956991832,0.004149075927368055,0.04534505208333333,0.22130662202835083,0.0
9,36864,1557.7,180.87731798892779,0.58,0.42,78.6,177.21699697239703,250.12642641330106,0.5666666666666667,0.43333333333333335,68.63333333333334,9.47498125731945,128.1412216788844,-0.015719313649950842,256.3137679652164,-0.17880002071982937,0.006092158316536561,0.07654194078947368,0.2212887406349182,1.0
10,40960,1562.0,225.91452668072318,0.66,0.32,98.38,219.19032775504212,245.10142651110607,0.6666666666666666,0.3333333333333333,95.06666666666666,12.762411467234294,164.90098963992696,-0.01180223133546156,329.8254696125156,-0.1805837288708754,0.0059207604658033505,0.07473224765258216,0.22088736295700073,1.0
11,45056,1571.5,225.5679916115704,0.66,0.32,93.5,279.1198678882799,214.69465500065132,0.7666666666666667,0.23333333333333334,100.8,13.099670070409775,152.00972668329874,-0.010046734638135171,304.03943179902575,-0.1819076609043848,0.005196844015569825,0.06189546130952381,0.22117677330970764,1.0
12,49152,1572.4,193.88071905374133,0.6,0.38,90.18,250.75942264803578,228.45921848352035,0.7,0.26666666666666666,104.56666666666666,12.692624624570211,138.66602446206252,-0.014305060741084454,277.3605450960859,-0.18145938374888357,0.005747390333001488,0.07258951005025126,0.22084249556064606,1.0
13,53248,1578.7,221.90389357548588,0.66,0.34,95.92,276.90364574058896,204.3309552192802,0.7666666666666667,0.23333333333333334,94.66666666666667,12.46890074412028,179.6599756592479,-0.012095408698845676,359.34402516967094,-0.18263548845685393,0.005436513592442237,0.06660265363128491,0.2210487276315689,1.0
14,57344,1584.0,260.9995573147951,0.74,0.24,106.38,138.79579731148027,251.15581145266356,0.5,0.5,80.3,10.441588778297106,169.41655413309732,-0.011882329872106294,338.8567565095191,-0.1822224943076863,0.005967550715842449,0.07356770833333333,0.22078225016593933,1.0
15,61440,1590.8,220.32797546172498,0.66,0.32,92.88,107.9540627145061,245.67698926218998,0.43333333333333335,0.5666666666666667,57.333333333333336,7.572071560223898,204.45888770421345,-0.0118354344565887,408.9413298288981,-0.1850634530186653,0.005474006350656661,0.06534830729166667,0.22038349509239197,0.0
16,65536,1591.3,239.3134286188105,0.7,0.3,90.48,209.8864121882417,239.43450531133675,0.6333333333333333,0.36666666666666664,87.03333333333333,11.518155082066853,157.00631869633992,-0.012569705282415574,314.0376612027486,-0.18380603243907292,0.005596998469748845,0.06998697916666667,0.22133386135101318,0.0
17,69632,1589.9,212.57555864768975,0.64,0.34,99.46,225.66185078808365,236.51067071607116,0.6666666666666666,0.3333333333333333,89.23333333333333,11.55752599934737,167.76126119295756,-0.012694402423221618,335.547797425588,-0.17802758713563283,0.00546734800930911,0.070361328125,0.22165367007255554,0.0
18,73728,1589.2,275.72775258894563,0.76,0.2,108.94,244.66767271444488,231.21951281378693,0.7,0.3,88.2,11.158115418752034,165.99450287818908,-0.012808154403076817,332.01451743443806,-0.1776813179254532,0.005291604337010843,0.063330078125,0.22108599543571472,0.0
19,77824,1588.9,258.6830865259885,0.74,0.26,93.84,172.86740417252355,245.88815717356053,0.5666666666666667,0.43333333333333335,91.4,11.27302904923757,188.6410254889755,-0.013204497026976958,377.3083431732033,-0.18111999339966978,0.006218072053451109,0.07875444312796208,0.22110411524772644,1.0
20,81920,1595.2,229.22374018523172,0.68,0.32,102.76,223.08807589398754,236.59756737111542,0.6666666666666666,0.3333333333333333,104.33333333333333,13.843654282887776,129.77251110985165,-0.008613712908256622,259.5621374947684,-0.18119497980390276,0.004339224410553773,0.05033482142857143,0.22107696533203125,1.0
21,86016,1594.9,206.67597466034724,0.62,0.36,90.96,276.2215530596335,216.25007745060302,0.7666666666666667,0.23333333333333334,85.13333333333334,12.001520075385148,212.8364133834839,-0.009397977828242195,425.69150416056317,-0.18453385978937148,0.004324103090524053,0.0501953125,0.22024020552635193,0.0
22,90112,1592.5,237.5734263418079,0.68,0.32,89.02,259.6716930857913,221.62295856552873,0.7333333333333333,0.26666666666666666,98.16666666666667,12.871572462717692,128.89314111073813,-0.01149797784552599,257.80916401545204,-0.18852491875489552,0.005471436932566576,0.06796875,0.22038809955120087,0.0
23,94208,1592.9,276.57529101860916,0.76,0.24,92.44,281.78686568864447,208.11922982705835,0.7666666666666667,0.2,104.36666666666666,13.996130347251892,116.77646222225455,-0.013284501814564992,233.57938087818235,-0.18663547413293705,0.005895911845876727,0.06922238372093023,0.22057309746742249,1.0
24,98304,1587.8,252.3478425992361,0.72,0.28,91.38,242.35301370237403,233.58374727637528,0.7,0.3,108.73333333333333,13.678396360079448,132.35894483163815,-0.010208621883867394,264.7381919370879,-0.18696221025711898,0.006487064662714139,0.08145785550458716,0.22027143836021423,1.0
25,102400,1584.9,219.21398358675845,0.66,0.34,85.16,265.4199286218289,221.18932883466934,0.7333333333333333,0.23333333333333334,103.96666666666667,12.335105458895365,194.16276976267497,-0.014436848556700473,388.3542954762777,-0.18762041628360748,0.006696569203631953,0.08741861979166667,0.22043415904045105,0.0
26,106496,1590.9,176.46957964354104,0.58,0.42,92.38,258.90884352535755,225.5369036411443,0.7333333333333333,0.26666666666666666,79.13333333333334,10.893810764948528,269.2592303368353,-0.013580155440215623,538.5455009214339,-0.1887072063261463,0.005253927345057168,0.06509576612903226,0.21995478868484497,1.0
27,110592,1591.0,213.52667342913767,0.64,0.36,87.76,274.7861976278833,215.4929613358421,0.7666666666666667,0.23333333333333334,83.3,10.990446668863296,179.2027066866557,-0.013230524288762051,358.4317516326904,-0.19394732067982356,0.005545798302046023,0.067236328125,0.21933428943157196,0.0
28,114688,1582.0,204.6218688007276,0.62,0.38,96.52,259.17519677822787,227.36726890179034,0.7333333333333333,0.26666666666666666,106.66666666666667,14.420975470542908,168.34487566365377,-0.012172783728124262,336.71397503468785,-0.19553542245027705,0.005691656950288094,0.07091346153846154,0.21970835328102112,1.0
29,118784,1581.4,265.1662980864145,0.74,0.24,99.14,211.19492049934408,235.22628364886123,0.6333333333333333,0.3333333333333333,96.03333333333333,12.715366170803707,115.38193056818753,-0.01177437366945709,230.78728832195756,-0.1948950126959019,0.005932545996882629,0.07478876072961374,0.2191777527332306,1.0
30,122880,1582.1,220.9564170632928,0.66,0.34,81.5,244.0262830919887,231.50263716128794,0.7,0.3,103.96666666666667,13.513641993204752,171.49398816150168,-0.013144501845564937,343.0141439437866,-0.19979254318320233,0.006267733026660331,0.07988705842391304,0.2187666893005371,1.0
31,126976,1589.0,184.63445847039736,0.58,0.4,95.68,210.92161697223622,238.42005285469185,0.6333333333333333,0.3333333333333333,91.23333333333333,10.906519786516826,200.22418085734049,-0.006115897408583098,400.4604721069336,-0.2013144095738729,0.005018011703052454,0.060546875,0.21892258524894714,1.0
32,131072,1591.8,223.75360698224284,0.66,0.34,75.78,296.00911219355197,207.69592332835796,0.8,0.2,90.13333333333334,12.378639876842499,81.29050646570629,-0.011912946329970739,162.60471666073371,-0.19873871988878994,0.005468616770959632,0.06535366766467066,0.2192232757806778,1.0
33,135168,1589.4,248.74202883411377,0.7,0.28,100.42,246.46143711510337,235.78601722822037,0.7,0.3,106.7,14.475450650850933,189.90535944302877,-0.010076967692778755,379.83075145085655,-0.1991617664694786,0.0052670888331097865,0.06414388020833334,0.21878325939178467,0.0
34,139264,1590.4,207.7837883694717,0.62,0.36,106.3,294.07333471885084,200.31104102196716,0.8,0.2,88.36666666666666,12.33387705485026,174.36068326455575,-0.014032993465662003,348.7493105287905,-0.20289424944806983,0.005830778337204484,0.07318793402777778,0.21841919422149658,1.0
35,143360,1591.3,185.53481379665445,0.58,0.4,89.56,143.04576916859043,249.9307285167467,0.5,0.5,75.66666666666667,10.023548434178034,157.82414077123005,-0.011431920916462938,315.671023495992,-0.207400473455588,0.006146932479653818,0.07762044270833333,0.2176772952079773,0.0
36,147456,1590.5,251.55520712051435,0.72,0.28,98.04,242.04715354823367,235.04466850657656,0.7,0.3,93.93333333333334,12.717724635203679,135.46730709075928,-0.01293802362633869,270.96036564509075,-0.2141006623705228,0.005765941271480794,0.072802734375,0.21710483729839325,0.0
37,151552,1590.4,233.74503082197722,0.68,0.3,109.88,213.92346145057078,244.1313011008124,0.6333333333333333,0.36666666666666664,77.33333333333333,11.105119506518045,181.14934318860372,-0.011894807799641664,362.3223479906718,-0.21790238618850707,0.005601151004278411,0.070556640625,0.2167852818965912,0.0
38,155648,1591.0,306.8116932910459,0.82,0.18,100.74,293.1000039638362,202.99413695000177,0.8,0.2,101.46666666666667,13.074628283580145,173.28234535997564,-0.00831694348149044,346.58119665492666,-0.21960097619078375,0.004625544198047878,0.053666548295454544,0.21697919070720673,1.0
39,159744,1590.4,280.9094237035,0.78,0.22,97.52,291.61261615361974,202.4436473120911,0.8,0.2,103.66666666666667,13.287997929255168,178.69036640219974,-0.012807592895517151,357.40622050201836,-0.21723211360966554,0.0061828883993546675,0.07861103110599078,0.2171638309955597,1.0
40,163840,1593.8,229.60113722307662,0.68,0.32,95.22,187.7340608177324,249.1184529705585,0.6,0.4,76.33333333333333,9.664408087730408,142.45105051439862,-0.014372578020705733,284.9307173351909,-0.21673797868018926,0.006270641459661081,0.07594476744186046,0.21706309914588928,1.0
41,167936,1596.9,210.96180867968997,0.64,0.36,83.24,172.04257596189439,245.10305398841933,0.5666666666666667,0.43333333333333335,79.16666666666667,9.556166471044223,130.79780018038866,-0.012159967982414656,261.6197899609077,-0.2208000923075327,0.005768700186219975,0.07238471798780488,0.21624520421028137,1.0
42,172032,1596.9,241.14800666919677,0.7,0.3,88.52,245.30298798375074,223.8298515601124,0.7,0.26666666666666666,108.46666666666667,14.11607415874799,176.57254849309507,-0.011692877676661896,353.1683563564135,-0.22397961564685986,0.006112106631601067,0.07634171195652174,0.2165120542049408,1.0
43,176128,1594.2,251.48916066204112,0.72,0.28,81.12,242.56614781565517,221.12949074546722,0.7,0.26666666666666666,94.53333333333333,12.47869565486908,148.87433287302653,-0.012424337791768873,297.77338390350343,-0.2235880970954895,0.005104618364324172,0.064111328125,0.21614551544189453,0.0
44,180224,1595.2,252.48803296538048,0.72,0.26,99.08,272.3882322275988,214.41477463083407,0.7666666666666667,0.23333333333333334,103.8,13.23038781483968,141.79007714175614,-0.010163145580676181,283.60035118689905,-0.22567005129255488,0.00593733654175637,0.07609097633136094,0.2161482274532318,1.0
45,184320,1598.2,262.5732255180578,0.74,0.26,90.04,242.2378604349706,230.46617497213236,0.7,0.3,74.53333333333333,10.05295463403066,172.14844687088677,-0.010859726950951406,344.31848463804823,-0.22614642070687335,0.0056088335303407484,0.06816830842391304,0.21601605415344238,1.0
46,188416,1596.8,221.54387778915134,0.66,0.34,100.06,176.15522723538822,245.7724494843249,0.5666666666666667,0.4,102.4,12.944169998168945,168.16221795082092,-0.0154906933195889,336.3552838007609,-0.22943050016959507,0.006108122221000182,0.07882486979166667,0.21545374393463135,0.0
47,192512,1599.0,281.2538451405014,0.78,0.22,83.56,210.36770436008857,244.36519178684517,0.6333333333333333,0.36666666666666664,76.43333333333334,9.773046898841859,174.71609630095654,-0.011014960284750814,349.45408411270535,-0.23049430541503124,0.0063736010915957965,0.07866586538461538,0.21590295433998108,1.0
48,196608,1600.9,265.6090426823738,0.74,0.24,101.14,291.2723682180533,204.23505991804907,0.8,0.2,86.8,11.195582342147826,121.66226424727328,-0.011870185885210197,243.3481367244277,-0.22755494713783264,0.00619666897258613,0.07857921511627906,0.21594586968421936,1.0
49,200704,1601.2,199.4938177996861,0.62,0.38,83.5,293.54642083221427,205.90627545675977,0.8,0.2,80.96666666666667,11.406897775332133,182.09043362935384,-0.010311292003219326,364.20135593414307,-0.22987474650144576,0.005200374177851093,0.06124674479166667,0.21531014144420624,0.0
50,204800,1600.9,224.97786957759817,0.66,0.32,86.78,294.345154487625,204.31763401299514,0.8,0.2,102.73333333333333,13.44770525296529,126.07084034306342,-0.01164855548517315,252.16483546870415,-0.235950381543155,0.0059690896220540215,0.07827171361502347,0.21469084918498993,1.0
51,208896,1599.9,263.82442593198584,0.74,0.26,90.02,222.25592695269927,241.78377612067433,0.6666666666666666,0.3333333333333333,96.7,12.341017564137777,163.6678721874057,-0.01665220019515492,327.3689078793505,-0.23944675001463664,0.006097608909426584,0.08166241952789699,0.21490630507469177,1.0
52,212992,1597.8,242.93509476526535,0.7,0.28,105.58,193.28643570921218,246.70075613259644,0.6,0.36666666666666664,100.13333333333334,12.437443959712983,139.97925596237184,-0.009288089373148978,279.97694568634034,-0.23805135140816372,0.004496178829382794,0.051611328125,0.2148357331752777,0.0
53,217088,1596.5,253.63871619707436,0.72,0.28,82.18,258.9522937817474,218.38948153444022,0.7333333333333333,0.26666666666666666,92.36666666666666,12.214325149854025,160.39486743609112,-0.01293725016779111,320.8154646555583,-0.24031723588705062,0.005427289679452467,0.06512044270833334,0.2142793834209442,0.0
54,221184,1596.4,240.80819168141633,0.7,0.3,76.3,241.8049821354545,233.2682867779463,0.7,0.3,97.03333333333333,12.38947777748108,111.02015193994494,-0.014043351456495946,222.06824128524116,-0.2436397167795522,0.005835283579133847,0.07331295289855072,0.2142431139945984,1.0
55,225280,1593.9,244.22871984481154,0.7,0.3,102.58,295.4015999121042,204.76388559912974,0.8,0.2,101.76666666666667,13.718128196398418,152.33872067300896,-0.010486411688984126,304.698264473363,-0.2443823406570836,0.00546620602529545,0.06283408717105263,0.21395227313041687,1.0
56,229376,1589.8,218.06912131846207,0.64,0.34,91.58,277.8148440219117,217.59516033940935,0.7666666666666667,0.23333333333333334,101.83333333333333,13.433167441685994,192.2926324565759,-0.011583568996571925,384.608284553785,-0.24648071540875383,0.0058992721514483345,0.06875438904494383,0.21384881436824799,1.0
57,233472,1588.7,237.10739226227352,0.68,0.3,89.72,290.7057672059928,205.71871159666352,0.8,0.2,101.23333333333333,13.192328111330669,110.34573925949456,-0.010242637694633646,220.7118133184478,-0.24721909601857342,0.005509872229652494,0.0680056594488189,0.2139209508895874,1.0
58,237568,1588.3,231.00479691128737,0.68,0.32,85.02,212.16941190563213,240.6469897890868,0.6333333333333333,0.36666666666666664,78.73333333333333,11.126614340146382,167.9794429046939,-0.01443632633538183,335.987609439426,-0.24907883670594957,0.006474466391161762,0.08232717803030302,0.21326661109924316,1.0
59,241664,1584.7,220.94147725192576,0.66,0.34,92.78,288.5608467556449,202.50492058447358,0.8,0.2,85.4,11.521532781918843,122.35730053583781,-0.014694600624109929,244.74383977254232,-0.25020140906174976,0.00633166951010935,0.0818359375,0.2138819396495819,0.0
60,245760,1579.9,221.96978847071057,0.66,0.34,90.52,228.653225699105,236.6288893777184,0.6666666666666666,0.3333333333333333,107.66666666666667,13.81577808856964,234.5173052719661,-0.013404799651263082,469.0612787519182,-0.24970398204667227,0.006010618454768389,0.076416015625,0.2131062000989914,1.0
61,249856,1576.9,203.17087917305037,0.62,0.38,86.38,243.41521563889833,230.56818538529,0.7,0.3,73.5,10.185815819104512,190.33531904014157,-0.014775159113609042,380.70003129703144,-0.25402978849617436,0.006417910542210072,0.08313041125541125,0.21317270398139954,1.0
62,253952,1575.3,264.0428305001357,0.74,0.26,91.88,212.4255498534554,236.202986259567,0.6333333333333333,0.3333333333333333,102.2,13.889301598072052,82.49167145130247,-0.010500138135475302,165.00419024534003,-0.254787648139998,0.006178938665936246,0.07499091569767442,0.2129281759262085,1.0
63,258048,1571.6,273.89484062942194,0.76,0.24,88.04,309.3231053956057,189.40176273809138,0.8333333333333334,0.16666666666666666,102.83333333333333,13.81346294482549,110.10286839123079,-0.009338764304464514,220.22426058519332,-0.25575186734531014,0.005648340962647914,0.07041694518716578,0.21301411092281342,1.0
64,262144,1570.7,207.64276033254916,0.62,0.36,86.42,244.1864020982961,233.95242641977376,0.7,0.3,84.53333333333333,11.192402080694835,125.71807338396708,-0.011789307826741908,251.45956888198853,-0.2549359664320946,0.005175672092203361,0.06341145833333334,0.213003009557724,0.0
65,266240,1567.0,244.25126593530356,0.7,0.3,90.34,287.95866120671707,199.34891859831933,0.8,0.2,92.93333333333334,11.849205621083577,132.15803734461466,-0.011550981941400095,264.3390199025472,-0.2578101540605227,0.005520463526287737,0.06652018229166666,0.21228760480880737,0.0
66,270336,1566.2,201.9324222309085,0.62,0.38,92.74,126.57869981040623,249.14036587431207,0.4666666666666667,0.5333333333333333,64.0,8.500279402732849,158.03112045923868,-0.01390164762851782,316.0898874282837,-0.26251285473505653,0.006463030816909547,0.0796875,0.2121729552745819,0.0
67,274432,1564.5,215.2677310135007,0.64,0.36,89.54,297.11067276299644,201.95626847180773,0.8,0.2,94.1,12.682005604108175,121.05205643695334,-0.00948199186730536,242.12292270383972,-0.26364992666935577,0.005689745822894401,0.07102015398550725,0.21202407777309418,1.0
68,278528,1562.3,183.98689071672015,0.58,0.42,78.38,177.98655590396058,247.21760481332015,0.5666666666666667,0.4,98.43333333333334,12.65179768204689,159.40268871047735,-0.013308026552375854,318.83183680030066,-0.2644698064364688,0.005689096646822248,0.0700261780104712,0.21208199858665466,1.0
69,282624,1560.0,150.6972896899598,0.52,0.48,74.58,261.7314481155705,214.28050326352022,0.7333333333333333,0.23333333333333334,96.76666666666667,13.048953493436178,229.721275138855,-0.013495562217819194,459.469379234314,-0.26518524388472237,0.00529125511723881,0.06302083333333333,0.21177323162555695,0.0
70,286720,1561.9,254.58814932263863,0.72,0.28,86.0,210.08860715585192,243.65888719641077,0.6333333333333333,0.36666666666666664,74.7,10.144770503044128,99.461120974633,-0.010865119924288123,198.94381726172662,-0.26630788368563496,0.005609459912164077,0.06873739919354839,0.21185600757598877,1.0
71,290816,1559.6,243.40389166128458,0.7,0.28,90.52,261.85534441615613,221.79030046456433,0.7333333333333333,0.26666666666666666,80.03333333333333,10.867337560653686,209.4534724709766,-0.013750655291591836,418.934283105402,-0.2677479135534151,0.006085999900363182,0.07586236338797814,0.21140795946121216,1.0
72,294912,1556.3,231.91670805684913,0.68,0.32,84.64,227.50555893167336,231.52540031740207,0.6666666666666666,0.3,109.16666666666667,14.031558736165364,121.29629412757026,-0.013089788877146525,242.61860457526313,-0.2723483708169725,0.006434901277275963,0.07868923611111112,0.21096640825271606,1.0
73,299008,1555.0,227.3779386961777,0.66,0.32,86.1,260.554994707449,220.6105148829908,0.7333333333333333,0.26666666666666666,77.73333333333333,10.381273929278056,122.59907292976654,-0.00586773691993716,245.209715369794,-0.2762021203692868,0.004849893620519115,0.05539006294964029,0.2104082703590393,1.0
74,303104,1552.4,231.37139862713033,0.68,0.32,86.88,238.76676808623728,231.28768071430554,0.7,0.3,87.76666666666667,10.875700950622559,144.90382798366284,-0.014484148360960495,289.8364500054566,-0.28164849523025726,0.0058212356839311835,0.07133856566820276,0.21002858877182007,1.0
75,307200,1550.6,270.76631681175076,0.76,0.24,103.12,233.06766766660186,233.712228652348,0.6666666666666666,0.3,100.8,13.520258831977845,167.55608274265677,-0.013324381200830916,335.13863870769205,-0.2839083914271372,0.005603327608282516,0.0688622754491018,0.20990300178527832,1.0
76,311296,1553.4,181.23103966497544,0.58,0.4,85.08,104.23864148635973,245.77193002870655,0.43333333333333335,0.5666666666666667,59.9,7.580153048038483,139.19370031645803,-0.011566920462769992,278.4103578509706,-0.2855201229904637,0.0059424477883360605,0.07627840909090909,0.20974256098270416,1.0
77,315392,1552.6,228.54785340676534,0.68,0.32,90.94,226.2893385363914,236.97563312216568,0.6666666666666666,0.3333333333333333,92.36666666666666,11.563905350367229,163.08074289957682,-0.009936521220065298,326.18118122645785,-0.2878667791684469,0.00626301839725957,0.07611607142857142,0.20932523906230927,1.0
78,319488,1549.9,300.03101217241664,0.82,0.18,96.82,243.1551690075879,228.87967357146997,0.7,0.3,85.3,11.320176521937052,163.68265474492853,-0.010979762808843092,327.3870887409557,-0.29173188751394097,0.0059783398395996876,0.07507102272727273,0.20889714360237122,1.0
79,323584,1550.0,201.73351778823937,0.62,0.38,80.02,275.89376962852447,213.66673684371867,0.7666666666666667,0.23333333333333334,67.46666666666667,9.21741665204366,140.54089213031557,-0.014153676716083172,281.10990853371027,-0.29375347098567456,0.005716682107951252,0.0684851126609442,0.20896869897842407,1.0
80,327680,1548.5,243.94876027519823,0.7,0.3,80.32,292.33507450114666,204.96589745042343,0.8,0.2,86.4,11.751383765538533,187.6527213042003,-0.015025616120875275,375.3353110830164,-0.2987381156845765,0.006202053119703339,0.07824545704845814,0.20764586329460144,1.0
81,331776,1547.6,222.40265993143427,0.66,0.34,81.28,173.2854159470783,249.71117145129466,0.5666666666666667,0.43333333333333335,86.4,11.113247497876484,201.02714204788208,-0.011952042245926957,402.07800480524696,-0.3101112812757492,0.005592267253086902,0.07071940104166667,0.20685410499572754,0.0
82,335872,1545.2,251.29734059600906,0.72,0.28,84.52,215.4314293123857,240.893256690408,0.6333333333333333,0.3333333333333333,93.2,11.384868443012238,205.37147957483927,-0.012414526791932683,410.76760416030885,-0.31509947776794434,0.005414956810030466,0.06652018229166666,0.20655608177185059,0.0
83,339968,1545.1,262.58831855499835,0.74,0.26,93.0,256.458052561576,224.62958857480598,0.7333333333333333,0.26666666666666666,86.93333333333334,11.642381048202514,192.39138657706124,-0.012142423958894574,384.80687359401156,-0.3175275219338281,0.005350021260147471,0.06545293898809523,0.20643246173858643,1.0
84,344064,1543.9,254.52580723651386,0.72,0.26,98.62,261.8385467778248,220.70048703139824,0.7333333333333333,0.23333333333333334,115.06666666666666,15.001016076405843,78.60311045230014,-0.009570973965981342,157.22516928367244,-0.3192353642102584,0.005806375478023609,0.07103307038834951,0.2061065137386322,1.0
85,348160,1543.2,265.53689201925823,0.74,0.26,83.44,226.11349494367457,241.00086707213174,0.6666666666666666,0.3333333333333333,87.93333333333334,12.198809858659903,136.61268343896924,-0.009696601141344555,273.24457001828864,-0.32074773882677454,0.005898206367876804,0.0732129491017964,0.20613709092140198,1.0
86,352256,1542.2,238.62800299032114,0.7,0.3,76.8,311.81149948146543,189.4810063788213,0.8333333333333334,0.16666666666666666,82.93333333333334,11.239292478561401,123.61129613650047,-0.01335453865526765,247.2491088479252,-0.3232797884334952,0.006540349681695955,0.08469610699152542,0.20557695627212524,1.0
87,356352,1542.2,225.43207801077418,0.66,0.32,85.54,212.0527597159332,239.31855631572665,0.6333333333333333,0.36666666666666664,82.2,11.069640115896862,157.2387190319243,-0.011921883390713778,314.5010908823165,-0.3263676437751326,0.006302915485181584,0.08198991402116403,0.20556744933128357,1.0
88,360448,1543.2,304.06203083657573,0.82,0.18,98.92,278.8263028198563,213.0761517400527,0.7666666666666667,0.23333333333333334,83.73333333333333,11.04323557317257,98.62646443503243,-0.013797525402956775,197.28032869611468,-0.32735260895320345,0.006608977691004319,0.08579799107142858,0.20527100563049316,1.0
89,364544,1545.8,301.01678755304187,0.8,0.16,112.88,274.2484676642211,218.29479299851928,0.7666666666666667,0.23333333333333334,97.7,13.22909580071767,168.4008128826435,-0.0024129334980478655,336.80626795842096,-0.329561710357666,0.006070399495701377,0.07376802884615384,0.20520706474781036,1.0
90,368640,1545.0,234.40400231427856,0.68,0.32,88.44,326.3351053405012,173.79377769088222,0.8666666666666667,0.13333333333333333,95.16666666666667,12.512338829040527,120.96290943622589,-0.008423941122600809,241.94247374534606,-0.32752015069127083,0.004574040381703526,0.053759765625,0.20572429895401,1.0
91,372736,1544.2,261.87384662633673,0.74,0.26,90.58,229.81469016842,238.70950419404167,0.6666666666666666,0.3333333333333333,72.66666666666667,10.138012965520224,139.96752070891552,-0.013504630692589741,279.9618587787335,-0.3272629364942893,0.0062317379415990455,0.0780448717948718,0.20494547486305237,1.0
92,376832,1542.5,190.68876435587686,0.6,0.38,89.84,290.15149223467927,199.2513404165228,0.8,0.2,81.66666666666667,10.615737295150756,131.93237587198553,-0.012079182841764397,263.88870788318843,-0.33535469625784264,0.005646467275107006,0.07104798640167365,0.2041650116443634,1.0
93,380928,1543.1,263.4578714462973,0.74,0.26,77.74,206.86920024434687,244.4428351756172,0.6333333333333333,0.36666666666666664,95.33333333333333,12.929107165336609,112.45187377929688,-0.00907933335006237,224.92170245361328,-0.3416424207687378,0.005468285666778683,0.06790625,0.2037874460220337,1.0
94,385024,1542.1,244.62726880407132,0.7,0.3,91.4,227.85835899488936,232.3547679544389,0.6666666666666666,0.3,88.56666666666666,10.112176426251729,176.32588235343374,-0.011752047595886014,352.67506180739986,-0.3445113032329373,0.006043941100559584,0.0752905868902439,0.2035774290561676,1.0
95,389120,1540.0,253.2228572554625,0.72,0.28,92.3,227.9837296095242,240.619974824735,0.6666666666666666,0.3333333333333333,90.43333333333334,11.922810037930807,118.0627363204956,-0.013406300324607979,236.1520732532848,-0.3483482983979312,0.006009130425412547,0.07478693181818181,0.20291101932525635,1.0
96,393216,1537.8,189.57222356489999,0.6,0.4,82.0,242.28950900720244,230.86147091463408,0.7,0.3,78.16666666666667,10.332878955205281,202.15087186495464,-0.01153235740882034,404.3245996793111,-0.3554668148358663,0.0050667343816409504,0.06256510416666666,0.20217972993850708,0.0
97,397312,1538.6,254.44558873011448,0.72,0.28,94.2,217.44754437166364,245.66157028816477,0.6333333333333333,0.36666666666666664,101.0,14.255110287666321,180.85822001958297,-0.010071744260346611,361.7363632978019,-0.3607731067528159,0.0051596241655870005,0.06438691737288135,0.2019187957048416,1.0
98,401408,1540.9,262.5576732104521,0.74,0.26,97.8,310.64221954465285,185.8937946736683,0.8333333333333334,0.16666666666666666,79.03333333333333,11.065497976541518,100.48946956052619,-0.004800681356277506,200.98832502203473,-0.3625168446767128,0.004381030766388117,0.05041710805084746,0.20181579887866974,1.0
99,405504,1541.2,337.2101274607669,0.88,0.12,99.7,245.10030726838932,227.5708810134364,0.7,0.3,75.9,10.479919315377872,144.76536878388504,-0.008974003745242954,289.54846812281113,-0.36305677808564285,0.005597879056786668,0.07015086206896552,0.2017693817615509,1.0
100,409600,1539.3,243.56784794691094,0.7,0.28,92.44,260.46179169728924,222.0837282606672,0.7333333333333333,0.26666666666666666,88.4,11.32609718044599,188.5121856786437,-0.011458926778918101,377.04706877368994,-0.3616884088112136,0.005174493266198532,0.06167240466101695,0.20223966240882874,1.0
101,413696,1539.3,248.34925795196636,0.72,0.28,85.02,227.05010978253824,239.25950482681316,0.6666666666666666,0.3333333333333333,82.53333333333333,11.219829559326172,116.96245760076187,-0.012625435144667897,233.9499516767614,-0.35717517312835245,0.006224576334181406,0.08071001838235294,0.20248588919639587,1.0
102,417792,1539.4,288.31643147026267,0.8,0.2,105.36,221.38220370332493,239.70520346014635,0.6333333333333333,0.3333333333333333,100.63333333333334,14.143034903208415,126.25344049072265,-0.009450416699051858,252.52556774902342,-0.35570636749267576,0.005026694756001234,0.05915625,0.2026025950908661,1.0
103,421888,1539.1,248.643275212258,0.72,0.28,87.1,250.16615825538562,224.2613442849702,0.7,0.26666666666666666,94.8,12.904385854800543,128.02457455721768,-0.010442514023320242,256.06982167561847,-0.35526004632314045,0.005750750445506789,0.06856060606060606,0.2025606781244278,1.0
104,425984,1537.4,232.40335933473224,0.68,0.32,90.56,223.5638126233859,243.57649651552018,0.6666666666666666,0.3333333333333333,92.2,12.426431806882222,125.79014975839554,-0.012798908474901904,251.60568442845454,-0.35605435828640036,0.006732495520774224,0.08627639840182648,0.20249974727630615,1.0
105,430080,1535.8,224.01465484521464,0.66,0.32,93.98,226.88236465653355,236.67662687525757,0.6666666666666666,0.3333333333333333,89.03333333333333,12.01410227616628,106.04436960799919,-0.010858176795776048,212.1102411681117,-0.35691314836891974,0.005783867339207405,0.07037724447513811,0.2023565173149109,1.0
106,434176,1533.0,231.25617021927545,0.68,0.32,92.7,292.6372004524306,202.57695732337513,0.8,0.2,87.53333333333333,11.92284430662791,193.7421645005544,-0.011002991234029954,387.50611317952473,-0.3579577416181564,0.0051713001584478965,0.061376953125,0.20223458111286163,0.0
107,438272,1530.9,213.3780431728602,0.64,0.36,103.72,204.04446719438783,242.71138951425783,0.6333333333333333,0.36666666666666664,89.6,11.665341113507747,268.8345963160197,-0.009115049017903705,537.6871932347616,-0.3610056295990944,0.0041213924307764195,0.04430338541666667,0.20170900225639343,0.0
108,442368,1530.1,314.33985250631827,0.84,0.16,98.82,257.6504233116431,217.93528755432206,0.7333333333333333,0.26666666666666666,83.06666666666666,10.88327504793803,151.13910983329595,-0.00967746896420194,302.2973564946374,-0.366423228452372,0.004961812017258083,0.057980559593023256,0.20118308067321777,1.0
109,446464,1528.7,303.8726337710448,0.82,0.18,93.28,255.72163813485932,223.841494013797,0.7333333333333333,0.26666666666666666,89.83333333333333,11.874063634872437,212.56842101414998,-0.012824474267351131,425.16226456960044,-0.3713354170322418,0.005582712462637573,0.0705078125,0.2007700651884079,0.0
110,450560,1528.8,221.7223020688702,0.66,0.34,83.72,237.3294165944309,230.7867543444442,0.7,0.3,80.03333333333333,10.25292026201884,176.0023985013857,-0.012180513177184736,352.02893489795724,-0.3742041004883064,0.0058022495806933595,0.07340315934065934,0.2005738615989685,1.0
111,454656,1529.5,254.98667056518042,0.72,0.26,93.6,293.98589957183714,203.70198436403672,0.8,0.2,90.66666666666667,12.03220599492391,129.84653462659594,-0.011327770204227042,259.7155021821092,-0.37613235304019593,0.006963579207596263,0.08876887583892618,0.2003440260887146,1.0
112,458752,1527.4,243.76274721903113,0.7,0.3,72.86,240.5211150993301,231.00695500889464,0.7,0.3,85.86666666666666,11.357153765360515,193.02038969993592,-0.01394405383616686,386.06843598683673,-0.38164218962192537,0.0059125538022878265,0.076025390625,0.19938582181930542,0.0
113,462848,1527.2,256.9006094892362,0.72,0.26,103.78,279.0911022321537,213.75104238036963,0.7666666666666667,0.23333333333333334,94.83333333333333,12.597012829780578,160.20593950085174,-0.009065180253657632,320.42977067760955,-0.3877716978689782,0.005489976668758388,0.06840343045112782,0.1992667317390442,1.0
114,466944,1514.3,244.0056095839848,0.7,0.3,95.42,338.5114745010292,151.00235212890496,0.9,0.1,102.83333333333333,13.50380613009135,189.0579640007019,-0.014354935334995388,378.144397354126,-0.39038789868354795,0.005135269726160914,0.05947265625,0.19867852330207825,1.0
115,471040,1493.5,314.03741994015445,0.84,0.16,100.94,243.02490603106514,230.69947717015074,0.7,0.3,87.5,12.041355804602306,161.05934902440723,-0.012135833833653863,322.1427322458998,-0.39323740139185825,0.006089703707572804,0.07971305490654206,0.1988462656736374,1.0
116,475136,1493.4,230.8504294811132,0.68,0.3,87.96,222.48387116860746,237.71631155459227,0.6666666666666666,0.3333333333333333,84.36666666666666,10.700682663917542,180.56726566071205,-0.009828919513111418,361.1539478707821,-0.39383458178094094,0.005573361015264341,0.06773603723404255,0.1984841227531433,1.0
117,479232,1493.8,224.8000896219977,0.66,0.34,84.22,261.1084645197882,224.7592961219157,0.7333333333333333,0.26666666666666666,96.26666666666667,12.56767994960149,121.05562549459523,-0.012154698294812236,242.13531736176589,-0.39676486048205145,0.006688890994751248,0.08529094827586207,0.19840100407600403,1.0
118,483328,1493.7,279.9733560756865,0.78,0.2,94.5,259.42759132942064,225.0469749031655,0.7333333333333333,0.26666666666666666,84.73333333333333,11.154339901606242,125.83139889056866,-0.008905927352875901,251.68036622267502,-0.3987048701024972,0.006122042888399357,0.07688551682692307,0.19800612330436707,1.0
119,487424,1493.7,232.52799724465552,0.68,0.32,84.48,180.29294623000123,243.36939093890436,0.5666666666666667,0.4,92.33333333333333,12.019286370277404,124.33302543276832,-0.01228306265597148,248.69037349640377,-0.4010334940499099,0.006373467474495844,0.08134920634920635,0.19813428819179535,1.0
120,491520,1495.1,275.4183198339611,0.76,0.24,87.22,209.11912793015256,242.18774707283453,0.6333333333333333,0.36666666666666664,83.16666666666667,11.16368765036265,86.92879778688604,-0.007230806063902987,173.87181503122503,-0.4000370722602714,0.006712351340948689,0.08314098011363637,0.1980789303779602,1.0
121,495616,1494.7,212.71286594240053,0.64,0.36,71.88,262.1495641247467,216.76612585650756,0.7333333333333333,0.23333333333333334,89.63333333333334,10.883741629123687,197.4044158299764,-0.012227435283906136,394.8330417950948,-0.39990592213968434,0.004702568113377007,0.0544921875,0.198215514421463,0.0
122,499712,1494.5,211.42284652333237,0.64,0.36,70.96,261.5464529123767,226.7747355595272,0.7333333333333333,0.26666666666666666,83.9,11.100190343459447,220.0756200313568,-0.011875701731575343,440.17474670410155,-0.3999423353622357,0.005183058085579736,0.06368815104166667,0.19792234897613525,0.0
123,503808,1494.5,232.19876106765037,0.68,0.32,87.48,228.3366270929847,237.85800434847147,0.6666666666666666,0.3333333333333333,96.13333333333334,12.85414678255717,179.1578775058135,-0.013477721202665764,358.3424671236323,-0.4046350954645905,0.005723463039515921,0.07158580801104972,0.19720956683158875,1.0
124,507904,1494.3,200.19819842027,0.62,0.38,86.06,277.00958861340405,215.09944718823147,0.7666666666666667,0.23333333333333334,101.06666666666666,13.377116080125173,186.02028551206485,-0.013311713880214553,372.0669492784437,-0.4104926027766951,0.006534077632650324,0.08239611950549451,0.19690248370170593,1.0
125,512000,1494.8,231.57840398065306,0.68,0.3,95.24,207.78263534584428,242.47379732556166,0.6333333333333333,0.36666666666666664,87.5,11.721803965171178,118.16705760708103,-0.011546911200048861,236.35696416086964,-0.4133493362309097,0.006098632386268734,0.07690746753246754,0.1966121643781662,1.0
126,516096,1493.8,182.70830785058973,0.58,0.42,88.94,199.21504886893314,241.64267861089448,0.6,0.36666666666666664,107.36666666666666,15.076626841227213,142.10577387687488,-0.013033030658132501,284.23736559223926,-0.41778302574769044,0.006273627853315546,0.07703993055555555,0.19599559903144836,1.0
127,520192,1493.9,215.62005553148393,0.64,0.34,93.06,257.5035144080372,223.36615452667343,0.7333333333333333,0.26666666666666666,90.66666666666667,11.91154202024142,137.96986543882144,-0.012092949907210741,275.96366503522114,-0.42209945171029417,0.006073061168402225,0.07501092657342658,0.19593298435211182,1.0
128,524288,1493.5,297.90660600501326,0.82,0.18,90.4,224.9211402318642,234.973875000464,0.6666666666666666,0.3333333333333333,76.83333333333333,10.319283056259156,133.29605955100922,-0.011163348158125776,266.61419392781085,-0.4221680693956743,0.005420248889566276,0.06642978162650602,0.19587606191635132,1.0
129,528384,1494.2,253.3816339564008,0.72,0.28,90.74,244.24322083807888,232.15020943330012,0.7,0.3,82.53333333333333,11.368709595998128,185.39743378957112,-0.011903369323893761,370.8184263865153,-0.42316522548596064,0.0056134059928202385,0.06897786458333334,0.1958136111497879,1.0
130,532480,1494.3,231.5563528222809,0.68,0.32,84.4,302.7102585332458,183.1250493735804,0.8333333333333334,0.16666666666666666,84.36666666666666,10.74619193871816,149.4558827217589,-0.013279715555402985,298.9380728539,-0.4232912559775596,0.006256982419104811,0.07854055851063829,0.1957743614912033,1.0
131,536576,1494.1,232.02821657269655,0.68,0.32,97.9,260.6022875405909,221.5457756589179,0.7333333333333333,0.26666666666666666,82.5,11.307828958829244,163.12004803651132,-0.01267727494752347,326.2652000068818,-0.4252772467248392,0.005450501927055869,0.06554110738255034,0.1953759640455246,1.0
132,540672,1493.7,292.8676281754778,0.8,0.2,85.68,173.98825168123173,248.19912694832075,0.5666666666666667,0.43333333333333335,79.46666666666667,10.480757820606232,165.8953905007274,-0.008491214780621807,331.80751057261045,-0.430703784233516,0.005882916165534983,0.07236630154639176,0.19464191794395447,1.0
133,544768,1491.8,260.620591632122,0.74,0.26,78.3,279.6090614651443,216.48108513642174,0.7666666666666667,0.23333333333333334,87.73333333333333,12.012970814108849,235.42125659336858,-0.014486257441525744,470.8712261019858,-0.4339605911351069,0.006191218837440142,0.07716939377682404,0.19504350423812866,1.0
134,548864,1491.4,267.6707587454479,0.74,0.24,99.48,247.74003283694603,229.2193298519909,0.7,0.3,83.4,11.927330573399862,134.01648428381944,-0.010115526909031338,268.05294306685283,-0.43285329621739504,0.004757690879448158,0.0557593368902439,0.1944846212863922,1.0
135,552960,1491.0,256.60279957128114,0.72,0.26,109.18,238.6479802217767,230.76999492893873,0.7,0.3,83.4,10.723648277918498,207.62642170588177,-0.010464589695523803,415.2735080718994,-0.43859096119801205,0.006479945767205208,0.08076171875,0.19421544671058655,0.0
136,557056,1491.4,262.3963988389697,0.74,0.26,86.72,161.98100981553367,255.94534691491202,0.5333333333333333,0.4666666666666667,88.03333333333333,12.126240849494934,199.34010169842492,-0.015031830241983653,398.7100019396448,-0.4410123559960558,0.006515105527774231,0.0843558282208589,0.1938941478729248,1.0
137,561152,1492.4,252.99697849259502,0.72,0.26,116.44,207.29798243478294,244.97627007777893,0.6333333333333333,0.36666666666666664,89.46666666666667,12.033447353045146,163.45001858520507,-0.007878640934824944,326.9155298461914,-0.44322464179992677,0.005570080386474729,0.06953125,0.1938738375902176,1.0
138,565248,1491.5,222.30433692876963,0.66,0.34,90.0,208.3655031551871,238.08290429251105,0.6333333333333333,0.3333333333333333,112.23333333333333,13.993551786740621,170.67232187863053,-0.014257188315366813,341.37288892680203,-0.44554905837465975,0.006454173175433394,0.08068426724137931,0.19331437349319458,1.0
139,569344,1492.2,189.9540705926689,0.6,0.4,82.52,235.64803908034511,230.7801658662738,0.7,0.3,80.46666666666667,9.901270614067714,171.99348897420003,-0.011803734754797762,344.01031558099623,-0.44865920283123406,0.005997001125148224,0.0757625374251497,0.1934034824371338,1.0
140,573440,1492.9,260.44348717958246,0.74,0.26,83.26,328.61069816708715,170.70948780737865,0.8666666666666667,0.13333333333333333,103.4,14.48969120979309,168.09347954502812,-0.0122200085790138,336.2111271045826,-0.44907307459248436,0.005526090730671529,0.06926359953703703,0.19316038489341736,1.0
141,577536,1492.2,262.6676271310179,0.74,0.26,92.3,182.4996102185925,245.92234836170005,0.5666666666666667,0.4,102.1,12.48407958348592,126.0697880215115,-0.011627320782281458,252.1625573900011,-0.4535965089996656,0.0065942190846221315,0.08504774305555556,0.19247983396053314,1.0
142,581632,1492.3,203.47601805700495,0.62,0.38,88.18,196.75914474522367,248.75948855727256,0.6,0.4,89.33333333333333,12.299599182605743,189.7874289892053,-0.011760293153084574,379.5980978524813,-0.45796206657604505,0.006715504939527681,0.08665154569892473,0.19244275987148285,1.0
143,585728,1490.0,224.2570034311817,0.66,0.34,79.78,307.2178853955368,186.90085821597282,0.8333333333333334,0.16666666666666666,88.1,11.181850488980611,168.54780707667717,-0.013397065117556731,337.12213020894063,-0.4622975559673499,0.005344743109470354,0.06765003109452736,0.19149532914161682,1.0
144,589824,1488.3,261.04673921887047,0.74,0.26,89.62,224.72911284696193,240.53067585170265,0.6666666666666666,0.3333333333333333,83.53333333333333,11.168172041575113,124.55681653116264,-0.013230050032885344,249.13981579799278,-0.4690105007851825,0.006621122821325473,0.08415670955882353,0.19133836030960083,1.0
145,593920,1488.2,254.52068667207084,0.72,0.28,90.82,179.54034895145392,245.31311029611027,0.5666666666666667,0.4,88.73333333333333,9.616929151614507,175.45761455535887,-0.010830733289476485,350.93660614013675,-0.470701484978199,0.005593430559383705,0.0681640625,0.19096818566322327,1.0
146,598016,1488.3,240.93834302930563,0.7,0.3,80.72,239.06912639741913,230.09395239520742,0.7,0.3,76.5,10.16119363307953,159.6106752198318,-0.009053511274764421,319.23917038139257,-0.4738299048495019,0.005044057451445481,0.06157956178160919,0.19095784425735474,1.0
147,602112,1487.8,207.4285914996986,0.64,0.36,79.18,254.4484898594888,217.89596159348767,0.7333333333333333,0.26666666666666666,67.13333333333334,9.10069718360901,178.42784569651036,-0.01189018556563725,356.87918526785717,-0.47506937560776774,0.006541189967007767,0.08555264778325124,0.19059044122695923,1.0
148,606208,1488.0,230.94565797551152,0.68,0.32,84.98,204.80367990992684,242.086003368352,0.6333333333333333,0.36666666666666664,93.8,11.917692057291667,189.6616108596966,-0.0120419104338213,379.34701944166613,-0.4784474244681738,0.005486289652625239,0.06827536962365591,0.1902427226305008,1.0
149,610304,1489.3,299.22059654861545,0.8,0.2,100.62,278.68148648626135,212.0711293175642,0.7666666666666667,0.23333333333333334,89.9,12.632407708962758,123.12835961801035,-0.0045737988763937245,246.26558204933448,-0.4816874778932995,0.00396797499033036,0.04325810185185185,0.19010666012763977,1.0
150,614400,1489.9,280.706372898189,0.78,0.22,110.72,191.62598672373875,249.27689656656776,0.6,0.4,68.66666666666667,9.226758944988251,183.21491151385837,-0.014254715345386002,366.4580366699784,-0.4847916557833,0.006700427158244161,0.08631727430555555,0.18944089114665985,1.0
151,618496,1491.3,272.3546643142986,0.76,0.24,94.16,221.77922456889002,236.58060835372862,0.6666666666666666,0.3333333333333333,83.4,10.731426294644674,127.07405443544741,-0.00627817670573239,254.16036895469384,-0.4903630291422208,0.00451219649511148,0.05139612268518518,0.18928289413452148,1.0
152,622592,1491.5,274.0790400655453,0.76,0.24,80.74,276.06570929650496,213.1813265177444,0.7666666666666667,0.23333333333333334,86.23333333333333,11.518315505981445,208.80355314450844,-0.012348946005488946,417.6315001728379,-0.49423393272907934,0.006967310062566093,0.08624780957943926,0.18858614563941956,1.0
153,626688,1492.7,261.7926761884309,0.74,0.26,82.42,205.74103050500815,244.00743583902536,0.6333333333333333,0.36666666666666664,70.96666666666667,9.84310511747996,181.80268488010438,-0.010021598397229775,363.6251078373244,-0.4984311471466257,0.0061139884530057925,0.07569590336134453,0.18861716985702515,1.0
154,630784,1492.7,212.76739663361207,0.64,0.36,80.5,199.1402124825512,249.9251732201111,0.6,0.4,95.33333333333333,12.9846316019694,109.32106344108908,-0.011202866458294228,218.6642283252162,-0.4978030285774133,0.006041401575327429,0.07562099358974358,0.18860751390457153,1.0
155,634880,1492.8,232.48749860204964,0.68,0.32,93.08,239.46416895488346,230.5807274370627,0.7,0.3,84.1,10.715316649278005,161.27482929796275,-0.010029379822461321,322.56941219367604,-0.50162271166792,0.005600328377383475,0.06783725247524752,0.18786126375198364,1.0
156,638976,1492.4,252.05951445890187,0.72,0.28,101.84,257.3142474579751,217.45498380097013,0.7333333333333333,0.26666666666666666,96.06666666666666,12.161349296569824,155.70989853658793,-0.013331966543639148,311.4461557835708,-0.5056893843927501,0.006219719980705391,0.07836612654320987,0.18802306056022644,1.0
157,643072,1491.3,240.08259366899904,0.7,0.3,91.9,324.7575751754991,168.56644505818556,0.8666666666666667,0.13333333333333333,93.03333333333333,12.452577384312947,182.93668154666298,-0.012348776738355426,365.8977559742175,-0.5044132005750087,0.00590394213162526,0.0722313596491228,0.18803784251213074,1.0
158,647168,1490.3,245.59839618559502,0.7,0.3,81.22,292.05055530089425,199.84856993433988,0.8,0.2,84.6,11.710259264707565,169.71412058079497,-0.012395771591864686,339.4527272325881,-0.5065944684312699,0.00515133348055818,0.0649933510638298,0.18748512864112854,1.0
159,651264,1489.9,240.77665215229342,0.7,0.3,95.66,194.56768815385087,249.05457398222157,0.6,0.4,87.2,11.212386978665988,218.82321115505476,-0.012514218997975892,437.67114426314464,-0.5105171978839336,0.005733279331352996,0.07036042944785276,0.1874755322933197,1.0
160,655360,1489.9,279.47123756536587,0.76,0.22,90.52,308.0779430882187,192.29610247917844,0.8333333333333334,0.16666666666666666,101.96666666666667,14.22749543984731,149.0721924084575,-0.009524951051106723,298.1631276106634,-0.5125893169090527,0.005424514553752266,0.06558560924369748,0.18694552779197693,1.0
161,659456,1490.3,272.30281373366415,0.76,0.24,78.22,227.430832699833,240.79547934068952,0.6666666666666666,0.3333333333333333,89.6,12.248734203974406,159.27540519542265,-0.011398236757438434,318.5733016164679,-0.5181458991273005,0.005562932557895556,0.07034187030075188,0.1865416169166565,1.0
162,663552,1492.0,234.74677823057547,0.68,0.32,79.34,206.17326289751455,241.89173928223695,0.6333333333333333,0.36666666666666664,74.6,9.825538166364034,141.26936684885334,-0.008156060333794323,282.5547405776157,-0.5203136423582672,0.005998297309082362,0.07090053763440861,0.18664957582950592,1.0
163,667648,1492.7,247.636879068376,0.72,0.28,85.04,275.4614655400467,211.59925971657165,0.7666666666666667,0.23333333333333334,80.23333333333333,10.625538325806458,232.2223842454993,-0.011946902457069352,464.4683549774359,-0.5190145436281003,0.006249010555665963,0.07839188664596274,0.18669641017913818,1.0
164,671744,1493.4,272.8095443931355,0.76,0.22,110.4,245.44043399582148,231.96921082243702,0.7,0.3,92.63333333333334,12.94392245610555,139.74320043119272,-0.010183331906739482,279.50646031888806,-0.5199852599237198,0.004620213520229983,0.05180921052631579,0.18635627627372742,1.0
165,675840,1493.5,263.47115608189034,0.74,0.24,99.54,228.28939534432786,243.67593417122387,0.6666666666666666,0.3333333333333333,89.43333333333334,12.723196585973104,260.20833627177024,-0.010733420866507786,520.4378322937328,-0.5246125197163518,0.005467672917962923,0.06555618523316062,0.18592578172683716,1.0
166,679936,1494.0,254.3330935476187,0.72,0.28,97.72,259.97288486393455,226.06052937707156,0.7333333333333333,0.26666666666666666,76.43333333333334,11.023666747411092,147.76175891651826,-0.009940410062216786,295.5430871658966,-0.5288812893779338,0.006402579639028727,0.0822610294117647,0.18556194007396698,1.0
167,684032,1493.5,293.81392210760515,0.8,0.2,94.48,276.6154429390044,216.69183267481367,0.7666666666666667,0.23333333333333334,91.16666666666667,12.635197401046753,157.48069444249887,-0.008643738375824005,314.97836441290184,-0.5320205323683108,0.006008288838335725,0.0781036543715847,0.18531891703605652,1.0
168,688128,1492.7,241.95146127338649,0.7,0.3,86.7,344.0064810322092,150.71786034060085,0.9,0.1,105.63333333333334,14.279754209518433,243.88112094790438,-0.01190421424351286,487.7857372372649,-0.5338452014812204,0.0055589018860658585,0.06731468023255814,0.1852555274963379,1.0
169,692224,1491.5,195.64956822873899,0.6,0.4,86.52,230.61558569257514,240.9788097372051,0.6666666666666666,0.3333333333333333,96.43333333333334,13.244179614384969,219.66167905854016,-0.01105826538589942,439.3451494356481,-0.5357069743842613,0.005672960303632952,0.06797827743902439,0.18489447236061096,1.0
170,696320,1492.4,262.95209219139235,0.74,0.26,80.54,298.68170384930073,200.3126792232285,0.8,0.2,86.06666666666666,11.522003825505575,124.18683750113262,-0.011506358828856466,248.396361518152,-0.53903292810794,0.006132240135933167,0.07953447164948453,0.18476194143295288,1.0
171,700416,1491.9,225.33819893028078,0.66,0.34,83.18,222.16737708805644,237.47149772510767,0.6666666666666666,0.3333333333333333,79.13333333333334,10.16755315065384,149.20746565598708,-0.011724478942461503,298.4380549504207,-0.5408004938027797,0.0064376504948505985,0.08118990384615385,0.18440261483192444,1.0
172,704512,1492.6,219.9659781556132,0.66,0.34,91.22,191.52647387083462,249.16964635735766,0.6,0.4,76.03333333333333,10.591375788052877,175.1120343180098,-0.01007225811095721,350.24388610117535,-0.5438493402046565,0.0060885525460095975,0.07620654585798817,0.18429268896579742,1.0
173,708608,1493.3,306.29417661019966,0.82,0.18,89.66,307.291308213434,187.78421437418388,0.8333333333333334,0.16666666666666666,96.03333333333333,12.143988768259684,139.58377834242216,-0.007312318747292976,279.18185471515267,-0.5452801646018515,0.005935504564502258,0.07401945153061225,0.18417443335056305,1.0
174,712704,1493.5,299.85151524818343,0.8,0.18,89.22,222.75584740852386,236.34128485900214,0.6666666666666666,0.3333333333333333,81.46666666666667,10.349434179067611,181.35977467769334,-0.009374597145072302,362.7379701758633,-0.5468839767600308,0.006163604058591383,0.07582720588235294,0.18394488096237183,1.0
175,716800,1494.0,226.93178640704755,0.66,0.34,89.18,293.6595905587349,202.06307440113207,0.8,0.2,93.6,13.390491596857707,216.9339172363281,-0.011687759984413097,433.89088555697737,-0.5469786212362092,0.00587116710295708,0.07306034482758621,0.1842866837978363,1.0
176,720896,1493.8,268.7470851972753,0.76,0.24,83.14,212.58675819272977,241.47112646890605,0.6333333333333333,0.3333333333333333,104.26666666666667,14.462388666470845,196.25885065252132,-0.009963990310489229,392.5373038552024,-0.5452170061342644,0.006655659835616296,0.0857717803030303,0.18411585688591003,1.0
177,724992,1493.8,262.7871547064867,0.74,0.26,92.48,244.02910360916943,231.32934452143738,0.7,0.3,94.93333333333334,13.480126476287841,198.51112783277358,-0.012050846679689916,397.0460291682063,-0.5469712997610504,0.005661340337561292,0.07025971283783784,0.18398018181324005,1.0
178,729088,1493.8,214.21350728790293,0.64,0.34,106.94,290.9455106814019,202.48587729838718,0.8,0.2,71.7,9.996527894337971,146.55922644885618,-0.011155865104771706,293.1404302796321,-0.5484796909253988,0.006047919128479353,0.07768773320895522,0.18389786779880524,1.0
179,733184,1494.7,241.25368669090392,0.7,0.3,96.02,230.39411005477808,237.9552696530886,0.6666666666666666,0.3333333333333333,77.3,10.804553890228272,145.2309897740682,-0.011111936372860025,290.4838678995768,-0.5486351191997528,0.00621209495390455,0.07799479166666666,0.18399710953235626,1.0
180,737280,1495.4,265.04628362413797,0.74,0.24,95.56,230.60959910877122,233.68687078903872,0.6666666666666666,0.3,101.03333333333333,12.966357481479644,214.74939604301673,-0.012446885026797565,429.52336147065796,-0.5467590117730157,0.0063934178035060275,0.08083453757225434,0.18421877920627594,1.0
181,741376,1495.7,239.91837279624235,0.7,0.3,87.4,157.91269278119756,248.9823929673037,0.5333333333333333,0.4666666666666667,87.8,10.846542779604594,209.39802831141793,-0.010171556548126529,418.8160738537659,-0.5459388171009083,0.0051702717354231,0.06083150125628141,0.18399740755558014,1.0
182,745472,1496.3,242.58445083413645,0.7,0.28,90.94,257.6266462376377,220.19263379865527,0.7333333333333333,0.26666666666666666,76.63333333333334,10.159202814102173,239.938079658596,-0.005765133912022087,479.8873673362294,-0.5480334265478726,0.004960259120247659,0.05913254310344827,0.18400180339813232,1.0
183,749568,1496.7,268.0587725205766,0.74,0.26,91.72,191.75008871321023,249.06101923893988,0.6,0.4,86.33333333333333,11.262647316853206,114.56939841961038,-0.00637168875338788,229.15120530402524,-0.5495204610386114,0.005538027837936734,0.06950431034482758,0.18354396522045135,1.0
184,753664,1496.9,262.6554494931927,0.74,0.26,88.38,280.66984928039005,213.28246654356053,0.7666666666666667,0.23333333333333334,86.96666666666667,12.346271435419718,153.38547736067113,-0.009116675905368434,306.78885458349214,-0.5538405087905202,0.006154386061660158,0.07564786585365854,0.18343758583068848,1.0
185,757760,1496.7,270.89521145716355,0.76,0.24,84.8,223.8155116678903,234.00322691921136,0.6666666666666666,0.3,94.56666666666666,11.079227415720622,151.49139506546493,-0.010758045407914623,303.0039724762907,-0.5549696173864541,0.005970744377712614,0.07591011597938144,0.1832413673400879,1.0
186,761856,1495.6,255.0079770413508,0.72,0.26,91.68,210.4666676065894,243.25072095141803,0.6333333333333333,0.36666666666666664,86.7,11.43949505885442,200.64643231854168,-0.011982549640744534,401.316500468025,-0.5555294104018066,0.005896954534892562,0.07312704694323144,0.18328139185905457,1.0
187,765952,1496.0,272.72646753037463,0.76,0.24,82.86,209.51543680113403,238.36692011238205,0.6333333333333333,0.36666666666666664,87.4,10.948333619038264,158.1379325573261,-0.01221695541887759,316.29996490478516,-0.5560021411914092,0.006484966534816732,0.08458533653846154,0.183174267411232,1.0
188,770048,1495.2,301.2898368758723,0.82,0.18,95.44,289.89951780843677,207.67199714595287,0.7666666666666667,0.2,108.2,15.796562353769938,220.0056148846944,-0.011902429516582439,440.0347089767456,-0.5583940491080284,0.0060571794107090685,0.07493489583333333,0.18277877569198608,0.0
189,774144,1495.5,264.641547781529,0.74,0.26,86.38,228.11329824253346,236.02207987900255,0.6666666666666666,0.3333333333333333,89.0,12.446828444798788,142.96325704102875,-0.006120965968797444,285.93842036749726,-0.5609422435042679,0.004943928658781994,0.056871639784946235,0.18277055025100708,1.0
190,778240,1495.1,226.18032477047495,0.66,0.32,100.9,300.9265243930348,195.88248173847205,0.8,0.16666666666666666,100.43333333333334,13.35493803024292,155.34477527662256,-0.009523660862475804,310.7082581355654,-0.5615780651569366,0.005865934164391766,0.06975125718390805,0.18278682231903076,1.0
191,782336,1495.2,302.1442917448678,0.82,0.18,86.56,226.18617309292554,237.76217016075694,0.6666666666666666,0.3333333333333333,87.33333333333333,11.424027335643768,118.2694999315462,-0.015457659805430233,236.56957771764934,-0.5645606501326377,0.006635575946317523,0.08522531077348067,0.18187186121940613,1.0
192,786432,1496.3,215.152056358696,0.64,0.36,94.52,211.59405968661804,243.21826547797073,0.6333333333333333,0.36666666666666664,85.63333333333334,11.120051534970601,150.82190546713585,-0.008526849535424725,301.66052094766917,-0.5724173030577415,0.005648155685144761,0.06647081611570248,0.18164443969726562,1.0
193,790528,1496.1,252.9222522339636,0.72,0.26,99.52,239.43311936496903,229.72538143040225,0.7,0.3,85.63333333333334,10.988390239079793,156.48155445360956,-0.01399021448553291,312.9907413511786,-0.5730796215188412,0.005707443522943454,0.07037213740458015,0.18179082870483398,1.0
194,794624,1495.8,213.19122183947812,0.64,0.36,84.26,259.5115268512311,223.45744198877114,0.7333333333333333,0.26666666666666666,113.4,14.337107694149017,221.39997657621748,-0.008308375317772681,442.81621979222155,-0.5739417295865338,0.005772727134759829,0.0685763888888889,0.18131428956985474,1.0
195,798720,1495.2,253.42470656458656,0.72,0.28,78.86,175.2581122780516,249.99006065253158,0.5666666666666667,0.43333333333333335,74.53333333333333,10.28897738456726,140.79226277405735,-0.012027070714025687,281.6082343066912,-0.5798073639523798,0.006158317304143943,0.07666774611398963,0.18081805109977722,1.0
196,802816,1495.5,255.34807044533744,0.72,0.28,85.98,257.22231011586086,223.5522817022752,0.7333333333333333,0.26666666666666666,84.83333333333333,11.017434684435527,182.07559593356385,-0.011354874300003863,364.1735534667969,-0.5839990288221917,0.005657582125645511,0.0704187925170068,0.1806057244539261,1.0
197,806912,1495.8,223.86898372239102,0.66,0.34,73.16,190.1061585004734,246.22070861360487,0.6,0.4,72.5,9.642092021306356,128.78932312713272,-0.011065955006185619,257.60042063395184,-0.5856817282479385,0.005073239074099338,0.0578753591954023,0.18049341440200806,1.0
198,811008,1495.5,228.99275758339144,0.68,0.32,88.16,240.79871629079668,230.44573755389982,0.7,0.3,89.1,12.18933424949646,141.18471465841696,-0.014132165282040181,282.397336416871,-0.586127734097251,0.0058137666243706304,0.07225136861313869,0.180545836687088,1.0
199,815104,1495.0,283.58915019440775,0.78,0.22,85.62,281.6113259343204,212.59901628182246,0.7666666666666667,0.23333333333333334,93.73333333333333,13.492455782492955,171.59403056972073,-0.009742258244582655,343.20719151781094,-0.5840418551931318,0.005905239929179877,0.07277007450331126,0.1809237152338028,1.0
200,819200,1494.4,200.63606244373713,0.62,0.38,81.62,327.64726892143,174.94460141303549,0.8666666666666667,0.13333333333333333,111.26666666666667,15.65700821876526,188.0184946130823,-0.014027294247514671,376.0646973786531,-0.5812142186694675,0.006383396107358513,0.0833912037037037,0.1809295117855072,1.0
201,823296,1494.7,190.06807070808426,0.6,0.4,105.84,278.7080187600443,213.74418886057717,0.7666666666666667,0.23333333333333334,81.23333333333333,11.378039278586705,216.6696077767065,-0.010264076055737875,433.3593968536894,-0.5824515920574382,0.005591419523471366,0.06733315677966102,0.18075934052467346,1.0
202,827392,1495.7,276.39110985366943,0.76,0.24,84.62,237.37398779166054,229.54881454917884,0.7,0.3,86.86666666666666,10.816000473499297,143.56924179522662,-0.007363111576079017,287.1528646093215,-0.5842719869892092,0.005290359758302896,0.06298471715328467,0.18056036531925201,1.0
203,831488,1496.0,194.75585829978942,0.6,0.38,88.48,227.4557972694615,237.40186456750402,0.6666666666666666,0.3333333333333333,85.73333333333333,11.129660745461782,173.60349941253662,-0.009785553575056838,347.22620713710785,-0.5867976965382695,0.006199587982337107,0.075897216796875,0.18033571541309357,1.0
204,835584,1495.7,261.1744672370723,0.74,0.26,93.5,242.42276120068814,233.51273643292515,0.7,0.3,90.66666666666667,12.19714905321598,224.402125,-0.007493386685848236,448.8188732910156,-0.5894748458862304,0.00606239197216928,0.0751875,0.18004098534584045,1.0
205,839680,1495.3,242.68300870698923,0.7,0.28,101.98,189.28617088211413,243.41087528638465,0.6,0.4,83.13333333333334,10.764041765530903,161.3636785313703,-0.008983575060720677,322.74496222233427,-0.5918682930262192,0.005722799901918009,0.06719882246376811,0.18002615869045258,1.0
206,843776,1495.3,209.32888772524322,0.64,0.36,84.34,241.32882942859138,228.41484692543213,0.7,0.3,81.8,11.46496812502543,195.5390563583374,-0.007764936761232093,391.09327995300293,-0.5943090069293976,0.0051388911704998465,0.06130859375,0.17942410707473755,1.0
207,847872,1494.6,243.18127480157844,0.7,0.3,89.58,291.8386823516547,202.93646459603096,0.8,0.2,90.73333333333333,11.84437279701233,183.2592415109065,-0.01324570691323358,366.5446127218093,-0.5978078757417146,0.006084984742210939,0.07545912322274881,0.17952483892440796,1.0
208,851968,1494.6,257.6438246954875,0.72,0.26,106.18,176.11214460346608,248.56315622179395,0.5666666666666667,0.43333333333333335,76.6,10.638855851193268,155.5357805887858,-0.012915340744116356,311.0970320007611,-0.5949500885927621,0.006051332006633212,0.07289832746478873,0.17984965443611145,1.0
209,856064,1494.1,214.4082682707254,0.64,0.36,89.78,222.75388655352018,240.6805435776896,0.6666666666666666,0.3333333333333333,66.53333333333333,8.925884362061819,158.98874143416506,-0.012638237277698245,318.0023935385767,-0.5980367070527246,0.006021862028185562,0.07306868654822335,0.1788262128829956,1.0
210,860160,1493.2,261.7768798317194,0.74,0.26,79.0,260.71388690194954,215.03110688499277,0.7,0.2,136.5,16.52867547273636,163.69850270159833,-0.012261008753066327,327.42116175069435,-0.6074236434001428,0.005701892165612284,0.07079443993506493,0.17839278280735016,1.0
211,864256,1493.4,261.512658750761,0.74,0.26,84.94,176.9407365623806,245.59658892310256,0.5666666666666667,0.4,96.23333333333333,11.859592398007711,166.69447760331002,-0.010259956778272203,333.4091080515008,-0.6107780312236987,0.0059152253266227875,0.07553453947368421,0.17818421125411987,1.0
212,868352,1493.9,284.5297150338151,0.78,0.2,106.26,273.15177327701247,211.60840531774807,0.7666666666666667,0.23333333333333334,81.86666666666666,10.705917966365813,178.39354053763455,-0.012170572375315566,356.81105396359465,-0.6117779453133427,0.006570858003701581,0.08053234011627906,0.17821258306503296,1.0
213,872448,1494.1,250.70064882266462,0.72,0.28,88.32,273.1745125475446,214.9612802506348,0.7666666666666667,0.23333333333333334,79.0,10.629331147670745,165.72294605800084,-0.012072431378155238,331.46967068626765,-0.611542019106093,0.005946304400761922,0.0748139880952381,0.17828115820884705,1.0
214,876544,1495.6,264.18045922906856,0.74,0.26,77.88,173.93026598447796,250.07945158677532,0.5666666666666667,0.43333333333333335,80.83333333333333,10.979943466186523,219.29077703302556,0.0021347537721422586,438.57691955566406,-0.6111163171854886,0.0044614676470783625,0.05379971590909091,0.17826886475086212,1.0
215,880640,1496.1,264.9465120216699,0.74,0.26,84.78,246.15972671123126,222.26470219761376,0.7,0.26666666666666666,102.2,12.712856539090474,148.81446872287327,-0.00835913079790771,297.6452896118164,-0.6098598533206516,0.005980757962808841,0.07447916666666667,0.17852340638637543,1.0
216,884736,1496.6,249.4137831483053,0.72,0.28,90.04,226.5950685595881,233.41834634442176,0.6666666666666666,0.3333333333333333,92.56666666666666,12.26177720427513,117.92253487570244,-0.008251011071383561,235.8612051177443,-0.608422472288734,0.005728775200335995,0.06609786184210527,0.17841459810733795,1.0
217,888832,1496.6,284.85467906682044,0.78,0.2,104.42,247.03560532340825,232.30872977404516,0.7,0.3,87.16666666666667,12.312835709253948,112.91068744659424,-0.011183650275968291,225.84337651288067,-0.6108952440597393,0.0064337310053546115,0.08166956018518519,0.17809200286865234,1.0
218,892928,1496.1,232.60013601147455,0.68,0.32,86.24,193.87584369440052,245.52004666987804,0.6,0.4,90.46666666666667,11.850021629780532,153.25451031185332,-0.010517811907144884,306.52968969799224,-0.6111735353867213,0.0054599956811649634,0.0667085193452381,0.1785140335559845,1.0
219,897024,1496.2,233.71183034073263,0.68,0.32,91.3,191.55674229686295,245.50073894084778,0.6,0.4,63.5,8.445484091838201,184.9230524698893,-0.010413836395988862,369.86656575520834,-0.6082869104544322,0.005261151219407717,0.06690104166666666,0.17854458093643188,1.0
220,901120,1495.0,231.76252939089673,0.68,0.32,79.82,296.84836766541423,201.64308475796685,0.8,0.2,93.0,13.314471252759297,195.5035737991333,-0.013192394590005279,391.0331665420532,-0.6079816934466362,0.0053357665427029135,0.06345703125,0.1784989833831787,1.0
221,905216,1494.8,229.64335360363265,0.68,0.32,87.14,265.1398754592597,225.37135142977303,0.7333333333333333,0.26666666666666666,76.86666666666666,11.545014484723408,255.61127044677735,-0.01434090244350955,511.25085777282715,-0.6081068393588066,0.006613888294668868,0.08669921875,0.17856331169605255,1.0
222,909312,1494.7,229.57354966864162,0.68,0.32,95.02,273.9289700216954,210.16574153644441,0.7666666666666667,0.23333333333333334,77.6,10.4125106493632,106.51027570452008,-0.007376544099269795,213.03493717738561,-0.6084002957624548,0.00616630375729639,0.07966780462184873,0.17836269736289978,1.0
223,913408,1494.8,197.53389056201195,0.6,0.36,94.14,261.3678927140625,218.20603036983263,0.7333333333333333,0.23333333333333334,111.06666666666666,12.762353698412577,154.96441762741298,-0.007499350529891273,309.94346796323174,-0.6096773163913047,0.005511297152237329,0.06734267979452055,0.17847539484500885,1.0
224,917504,1494.6,227.9597137174929,0.68,0.32,76.84,276.7856530766969,214.02058192385073,0.7666666666666667,0.23333333333333334,82.46666666666667,10.64821769297123,203.49481453587165,-0.012925198045675063,407.0151125400221,-0.6099280353209272,0.005802179437677436,0.07058457711442787,0.178097665309906,1.0
225,921600,1495.4,300.1560076466976,0.82,0.18,90.8,276.0305090304847,218.6411141900162,0.7666666666666667,0.23333333333333334,93.73333333333333,12.04204196135203,123.61703318136709,-0.009885048881794015,247.25347038551612,-0.612720599880925,0.005876224960148748,0.07081886574074074,0.17818611860275269,1.0
226,925696,1494.6,297.2285576727168,0.8,0.18,91.78,244.71863260701969,229.8679912523964,0.7,0.3,89.6,12.173922898372014,124.47827716274116,-0.0070114805281361325,248.97021041753638,-0.6149648346063745,0.005808366419932314,0.07138597328244274,0.177438884973526,1.0
227,929792,1144.5,294.3521354933158,0.8,0.2,89.3,327.17823680901097,167.8223062013718,0.8666666666666667,0.13333333333333333,95.03333333333333,13.316258732477824,120.24536674645296,-0.012396191768822777,240.51515387273898,-0.6232371990847739,0.006348008331457141,0.08086186305732485,0.17687684297561646,1.0
228,933888,1145.3,223.9406022599543,0.66,0.34,69.64,260.8819122199195,226.22097217259866,0.7333333333333333,0.26666666666666666,86.53333333333333,11.759754848480224,161.6409112178918,-0.006135173196048297,323.2937216710563,-0.6281355474934434,0.0057795198300307745,0.07370580808080808,0.17658306658267975,1.0
229,937984,1146.5,192.90932667062464,0.6,0.4,85.86,243.34161242172888,232.9644161613017,0.7,0.3,78.6,10.734087636073431,291.59414085552845,-0.010199202844377258,583.2083140860359,-0.6303887650263396,0.0056768001539619275,0.06935701438848921,0.17658624053001404,1.0
230,942080,1147.6,314.61498974446215,0.84,0.16,89.26,242.98326225631698,232.4051534505468,0.7,0.3,86.3,11.493401614824931,128.0010622003105,-0.005129411575918117,256.0120085812687,-0.6308278307486116,0.005745387214937069,0.07377984550561797,0.1763942539691925,1.0
231,946176,1149.0,292.7704304283324,0.8,0.2,88.04,236.62798469545945,228.54428249725427,0.7,0.3,72.73333333333333,9.253714621067047,234.82458020638728,-0.006308837422588165,469.6614121146824,-0.6318885934525642,0.005629183457948376,0.06861413043478261,0.17647729814052582,1.0
232,950272,1150.1,251.25587864219796,0.72,0.28,85.52,290.5014803370533,203.61555062987125,0.8,0.2,98.36666666666666,12.578790299097697,127.59873856254247,-0.010083925962934028,255.2172697647758,-0.6321758451669113,0.007067714145650035,0.09324048913043478,0.17623227834701538,1.0
233,954368,1150.7,223.97849316267406,0.66,0.34,89.1,263.76726196834846,223.58995323941687,0.7333333333333333,0.26666666666666666,93.03333333333333,12.54651644229889,191.3592922369639,-0.013356618769466876,382.74491596221924,-0.6383400738239289,0.007001538306940347,0.08837890625,0.1752629280090332,0.0
234,958464,1152.0,263.05822823810274,0.74,0.26,97.78,257.87602505651296,224.1325119264252,0.7333333333333333,0.26666666666666666,83.5,10.568921717007955,94.09463815619476,-0.007771521646964506,188.20443218815936,-0.6470430336729454,0.0059769518476278675,0.07572992700729927,0.17490790784358978,1.0
235,962560,1153.3,236.71475654178113,0.68,0.32,83.0,246.11011120660777,234.3224284996678,0.7,0.3,91.9,12.40079083442688,139.23620042523135,-0.00571905732498441,278.4834425842878,-0.6499812458325358,0.005268280159284189,0.06367566747572816,0.1747225672006607,1.0
236,966656,1154.6,276.40562837512016,0.76,0.24,83.46,304.4893103040226,187.77474862313417,0.8333333333333334,0.16666666666666666,95.93333333333334,11.966503787040711,138.9228260068965,-0.009010470967697805,277.8632770624376,-0.6514086575436413,0.005739621450438311,0.07210408834586467,0.17468944191932678,1.0
237,970752,1155.6,234.0337086714187,0.68,0.32,84.18,274.11911023100527,210.0726905067066,0.7666666666666667,0.23333333333333334,89.13333333333334,11.489569576581319,119.84348172407884,-0.011555259029428737,239.7096787477151,-0.6507813231303141,0.006341947114262252,0.08065404647435898,0.17493262887001038,1.0
238,974848,1156.7,223.30111851184574,0.66,0.34,81.1,172.7462907518363,250.00542458863174,0.5666666666666667,0.43333333333333335,94.06666666666666,11.851376871267954,154.96997717285157,-0.010271662045270205,309.9601039428711,-0.649210946559906,0.005468809045851231,0.06728125,0.17483404278755188,1.0
239,978944,1157.8,269.4457491816122,0.76,0.24,93.68,277.0012096365654,212.47749073921233,0.7666666666666667,0.23333333333333334,86.9,12.122071905930836,178.7216718349051,-0.013320821938055389,357.4695936162421,-0.650836854539019,0.006631283025118582,0.0848154920212766,0.17465469241142273,1.0
240,983040,1158.5,261.3883621813735,0.74,0.26,91.52,292.82763509109907,204.04172556170505,0.8,0.2,97.43333333333334,13.605837647120158,173.5823058630588,-0.009839529932074292,347.18389910635864,-0.6526838064899106,0.005574019713955518,0.0694110576923077,0.1744442880153656,1.0
241,987136,1159.5,232.0252267250639,0.68,0.32,94.66,257.7962800062589,219.21940678859266,0.7333333333333333,0.26666666666666666,96.16666666666667,12.522533845901489,167.31296047921907,-0.01607218493923208,334.6576741536458,-0.6546142138330276,0.005944149470019896,0.07183527542372882,0.17450618743896484,1.0
242,991232,1160.6,242.5175857764448,0.7,0.3,91.98,263.0856514429548,220.83029800046302,0.7333333333333333,0.23333333333333334,107.26666666666667,14.12743322054545,148.84752179991523,-0.009555078902334537,297.713759080419,-0.654460313747514,0.00516446221417765,0.060141509433962265,0.1743299961090088,1.0
243,995328,1161.9,284.7249443482288,0.78,0.22,106.02,246.01322357695742,231.89637824699864,0.7,0.3,77.23333333333333,10.998021640380223,177.52614880914558,-0.012033712039127538,355.07597424232796,-0.6559667040223944,0.00651703915424798,0.07962328767123288,0.17430369555950165,1.0
244,999424,1163.0,219.54808974299297,0.66,0.34,94.74,257.02001081854615,222.30143011247594,0.7333333333333333,0.26666666666666666,70.23333333333333,9.765399986505509,173.28466055790582,-0.011515766777544437,346.5919612646103,-0.6590938596054912,0.006407044795196271,0.08162434895833333,0.1737162470817566,1.0
245,1003520,1164.0,281.83630289292324,0.78,0.22,86.84,192.82855399979306,246.24419426563438,0.6,0.4,70.9,10.043017802635829,126.78663404428275,-0.011613956599193773,253.5960981526952,-0.6639601185822942,0.006381827173754573,0.07924462579617834,0.17350515723228455,1.0
246,1007616,1165.0,240.63481437086293,0.7,0.3,93.2,262.7628397440495,226.963912939283,0.7333333333333333,0.26666666666666666,83.66666666666667,11.318199475606283,128.85955870023338,-0.00943156083925597,257.7375817657799,-0.6676346553910163,0.005985693143610592,0.07493279569892473,0.17297792434692383,1.0
247,1011712,1166.6,268.01108085004495,0.74,0.22,101.98,304.9409955726376,189.80887662769516,0.8333333333333334,0.16666666666666666,91.1,11.774635363618533,286.84008298601424,-0.005102987309718239,573.6899550301688,-0.6718359089323452,0.004154640898507621,0.04596819196428571,0.17292995750904083,1.0
248,1015808,1168.1,229.34665496378926,0.68,0.32,82.86,323.16589081593577,165.5215308361285,0.8666666666666667,0.13333333333333333,85.16666666666667,10.876666804154715,127.85148829907443,-0.00991960974261824,255.7224174431995,-0.6724862118737888,0.0061840007567893615,0.07943860619469026,0.17278653383255005,1.0
249,1019904,1169.0,272.0424717379427,0.76,0.24,87.68,321.62034423568997,173.25880103941952,0.8666666666666667,0.13333333333333333,124.53333333333333,16.008667119344075,151.84564344506515,-0.009245470552215059,303.7093710648386,-0.674690128941285,0.004959975197715194,0.05733449835526316,0.1726216971874237,1.0
250,1024000,1170.0,185.55370552942767,0.58,0.4,96.48,240.41131589141645,228.3311370313043,0.7,0.3,92.3,11.68663894335429,188.44388908617424,-0.008601283840835094,376.9045760183623,-0.6740276430592392,0.00535964892020054,0.06517518939393939,0.17302697896957397,1.0
251,1028096,1171.0,291.18289327312107,0.78,0.2,93.68,296.33774967341134,207.202278465768,0.8,0.2,110.33333333333333,15.159242685635885,101.1208707636053,-0.009346630830656398,202.2600361217152,-0.6697894513607026,0.0060286634770984,0.07379261363636364,0.17321693897247314,1.0
252,1032192,1172.1,246.26222858125345,0.7,0.28,99.3,290.42866680452425,202.2460712681788,0.8,0.2,90.0,11.675796580314636,130.74798856062048,-0.007543256365940632,261.51066465938794,-0.6682794383343529,0.005695527674534413,0.06844554227941177,0.17329682409763336,1.0
253,1036288,1173.3,174.68404159734658,0.56,0.44,71.12,273.149394134371,211.7818009969352,0.7666666666666667,0.23333333333333334,77.86666666666666,10.471933054924012,236.14484108534435,-0.009848237656456912,472.30897173785525,-0.6664068630877757,0.006062564372878847,0.07621119966442953,0.17352694272994995,1.0
254,1040384,1174.4,253.62517353830697,0.72,0.28,96.8,276.8180948819678,215.0396081842283,0.7666666666666667,0.23333333333333334,78.6,10.699525380134583,140.37573829738574,-0.009894756418278163,280.7708689371745,-0.665404669169722,0.005144412664097102,0.06079382183908046,0.1734675019979477,1.0
255,1044480,1175.8,273.9853825532284,0.76,0.24,100.8,259.64949915391423,227.1061383770094,0.7333333333333333,0.26666666666666666,89.73333333333333,12.010240499178568,143.3549908724698,-0.0026256349643297267,286.7148349646366,-0.6662391821543375,0.0043426212417244005,0.050544507575757576,0.17339107394218445,1.0
256,1048576,1177.0,243.5389337419812,0.7,0.3,99.0,230.02607388711598,239.56508993320068,0.6666666666666666,0.3333333333333333,85.13333333333334,11.641614844401678,155.46546384413466,-0.012060452798689655,310.954648079632,-0.667625756143666,0.006411918224565846,0.08121627697841727,0.17319388687610626,1.0
257,1052672,1178.5,232.80316327037576,0.68,0.32,80.9,208.74013227449916,244.76694526941606,0.6333333333333333,0.36666666666666664,75.1,10.1915507654349,159.3757791428339,-0.007473312360456302,318.76610601515995,-0.6698768263771421,0.005106211269629144,0.06302083333333333,0.1730174720287323,1.0
258,1056768,1179.9,252.98579198699593,0.72,0.26,80.64,279.36965814634533,211.75229662784744,0.7666666666666667,0.23333333333333334,82.3,11.325536783536275,182.71432690287745,-0.0077207084950925995,365.44369364893714,-0.6722004933412685,0.004847037346037321,0.05482376453488372,0.17276382446289062,1.0
259,1060864,1181.0,234.9120815004606,0.68,0.32,81.86,207.13479977775816,244.35935787441045,0.6333333333333333,0.36666666666666664,70.83333333333333,9.445445442199707,278.8887411623585,-0.012442144080616382,557.8019583565848,-0.6748779930022298,0.00627705224252743,0.08067602040816327,0.17267107963562012,1.0
260,1064960,1181.9,232.9154434105301,0.68,0.32,74.78,328.8085975882242,172.0521233212713,0.8666666666666667,0.13333333333333333,89.76666666666667,12.358710885047913,278.89873878910856,-0.007557185212993678,557.8121841718565,-0.6763824100764293,0.005029017997483881,0.060804834905660375,0.17239971458911896,1.0
261,1069056,1183.0,252.70476427378227,0.72,0.28,83.14,306.98935833626257,188.33891810596947,0.8333333333333334,0.16666666666666666,89.7,11.611716214815775,170.8210968161529,-0.0091441457976921,341.66007909234963,-0.6795863317993452,0.005351751025783706,0.06474793632075472,0.17214350402355194,1.0
262,1073152,1184.1,194.28584144549563,0.6,0.4,76.0,206.86099797461674,241.0226499587001,0.6333333333333333,0.36666666666666664,86.46666666666667,11.216347755988439,115.43434502096737,-0.009795857260801963,230.88787636636687,-0.6807520619961394,0.006112101298029057,0.07582720588235294,0.1723121851682663,1.0
263,1077248,1185.3,205.5615961604397,0.62,0.38,84.14,275.7201906246912,208.58110211703732,0.7666666666666667,0.23333333333333334,85.36666666666666,11.440120776494345,122.92494139613875,-0.011092173767343432,245.87166071512613,-0.6787288828068468,0.006673815949113074,0.08572571536144578,0.17234165966510773,1.0
264,1081344,1186.3,176.6465168623151,0.56,0.42,85.74,292.14137290223823,202.4957662186482,0.8,0.2,83.66666666666667,11.3815727353096,186.13693239674063,-0.01151226652259736,372.2964836262768,-0.6803064016821962,0.006788806153912537,0.08850931677018634,0.1721070110797882,1.0
265,1085440,1187.4,271.7232542375548,0.76,0.24,76.28,291.0022641034504,197.26879140123773,0.8,0.2,78.46666666666667,10.656211837132771,232.72088033502752,-0.01184406937064716,465.4650389931419,-0.6843089032353777,0.006267985561862588,0.07652698863636363,0.17161305248737335,1.0
266,1089536,1188.6,266.9261212925028,0.74,0.24,101.2,272.4214300591605,212.78085849351254,0.7666666666666667,0.23333333333333334,81.86666666666666,10.84900896549225,186.03521014482547,-0.012278604249541577,372.0945606720753,-0.6868325135646722,0.006340506211973918,0.07915998931623931,0.17183513939380646,1.0
267,1093632,1189.5,259.70674420758604,0.74,0.26,89.58,276.8778907844774,214.47670817417324,0.7666666666666667,0.23333333333333334,88.66666666666667,11.697719208399455,275.0594979604085,-0.015501014572671718,550.1495832655165,-0.68622534374396,0.006693675035300354,0.08634982638888888,0.17153313755989075,1.0
268,1097728,1190.3,200.63128770618866,0.62,0.38,85.66,209.09665616162835,242.36737195184327,0.6333333333333333,0.36666666666666664,94.16666666666667,12.628510387738546,164.50514410663123,-0.01213926275026374,329.0341495741282,-0.6863883394279228,0.006098402219991021,0.07471026490066225,0.17200696468353271,1.0
269,1101824,1191.2,316.1099581260016,0.84,0.16,97.84,307.2258245714642,187.8224488573397,0.8333333333333334,0.16666666666666666,99.3,12.565088701248168,130.76061551595473,-0.008704714318641374,261.53823490732725,-0.6835325354153348,0.00666456706293849,0.08404478092783506,0.17191237211227417,1.0
270,1105920,1192.1,222.9620471747578,0.66,0.34,89.48,317.7775470776747,179.6494331450382,0.8333333333333334,0.13333333333333333,120.76666666666667,15.225068537394206,171.93217634118122,-0.004946039361960214,343.87384254344994,-0.6853070215902467,0.00398892685568527,0.043931159420289856,0.1717362403869629,1.0
271,1110016,1193.4,224.26805305141042,0.66,0.34,98.32,91.05250498857416,249.5256495973094,0.4,0.6,60.13333333333333,7.875001956025759,172.32629187130235,-0.009652359273230422,344.67147679004853,-0.6866176863318508,0.004868900240624993,0.05984526699029126,0.171656534075737,1.0
272,1114112,1194.5,265.6797469919481,0.74,0.24,89.94,239.75556119936954,228.68572975165887,0.7,0.3,94.0,12.154100199540457,126.95991454855368,-0.009361726762115085,253.93813396370325,-0.6874192831290029,0.006176676144007675,0.07610059306569343,0.17160968482494354,1.0
273,1118208,1195.6,200.16284661098044,0.62,0.38,79.26,207.4475473172315,244.3932269804567,0.6333333333333333,0.36666666666666664,82.0,10.85936681429545,175.4612265512453,-0.009937104399164095,350.94190556952293,-0.689661036991904,0.005805221105536037,0.07333222517730496,0.17117977142333984,1.0
274,1122304,1196.6,250.34133116013336,0.72,0.28,93.9,202.99775484476214,243.40273987016715,0.6333333333333333,0.36666666666666664,84.6,10.59265600045522,189.48748899761,-0.010721392299335702,378.99599462523497,-0.6964377200693116,0.007045493165339182,0.09289826127819549,0.1704583466053009,1.0
275,1126400,1197.6,281.0383233312175,0.78,0.22,79.84,276.5727021296724,211.42395754515147,0.7666666666666667,0.23333333333333334,93.0,11.749399277816217,172.0286813429844,-0.007471493249874056,344.0718796341508,-0.7022902413650796,0.0053436438104620685,0.06655092592592593,0.1702916920185089,1.0
276,1130496,1198.1,264.4011959520795,0.74,0.26,86.36,257.99724653743755,223.15600219444192,0.7333333333333333,0.26666666666666666,85.86666666666666,11.070521634817123,270.524005287572,-0.01101078009995365,541.0696047063459,-0.7028049136462965,0.005220138348029022,0.06377923976608187,0.17038744688034058,1.0
277,1134592,1198.6,293.34637452709234,0.8,0.2,92.72,280.07521311902576,215.0488205489633,0.7666666666666667,0.23333333333333334,88.06666666666666,12.26076413790385,183.9911833422923,-0.00859107352025284,367.9991220842328,-0.702467461775618,0.005403974301818954,0.0613578216374269,0.1702422797679901,1.0
278,1138688,1199.3,253.85445210895284,0.72,0.26,95.36,164.36245740565786,252.10139927789436,0.5333333333333333,0.43333333333333335,91.06666666666666,10.668502730131149,188.2226432800293,-0.013087313821805375,376.47103293282646,-0.7039872625044414,0.005869124121298748,0.0703125,0.17015644907951355,1.0
279,1142784,1199.9,281.2279950731188,0.78,0.22,102.14,227.582953416971,231.4531706848165,0.6666666666666666,0.3,89.73333333333333,9.938135743141174,159.27668578808124,-0.01037114306550043,318.5736873333271,-0.7047896625903937,0.005481845350004733,0.06793369391025642,0.1701377034187317,1.0
280,1146880,1200.5,212.77479408569204,0.64,0.36,82.34,193.27648369500514,250.8069921381643,0.6,0.4,74.73333333333333,10.298738624652227,181.48800073018887,-0.012406602022010924,363.00038854087273,-0.7064977375472464,0.006331738800082992,0.07917301829268293,0.16984879970550537,1.0
281,1150976,1200.8,219.47660577711912,0.66,0.34,76.84,227.549876651748,238.58495614714323,0.6666666666666666,0.3333333333333333,102.33333333333333,13.059132568041484,191.832931252413,-0.011553622719961716,383.6885412349257,-0.7101148359997328,0.006038451265424577,0.07430959302325581,0.1694997251033783,1.0
282,1155072,1201.2,206.30661846985402,0.62,0.38,79.34,195.55473927510974,255.57913694727137,0.6,0.4,103.4,13.754060045878093,204.69850226508245,-0.010067277160231715,409.41671097366896,-0.7129804010744448,0.006460554659780529,0.08035300925925926,0.1694461554288864,1.0
283,1159168,1201.9,170.4230130242865,0.56,0.44,77.94,145.0980885186514,247.89683803774417,0.5,0.5,71.4,9.693246089915435,130.53057343959807,-0.012496536833350547,261.08571248054506,-0.7131479419767857,0.005644011760887224,0.0667236328125,0.16943177580833435,1.0
284,1163264,1202.6,230.95654706518772,0.68,0.32,76.96,257.21226736238,220.75085531950444,0.7333333333333333,0.26666666666666666,66.93333333333334,9.199819318453471,163.22732400203097,-0.01101317368886447,326.47624737283456,-0.7136036485865496,0.006437286712647672,0.08302196557971014,0.1694338619709015,1.0
285,1167360,1203.3,302.32672897764843,0.82,0.18,98.22,178.27139822864942,248.80363766323796,0.5666666666666667,0.43333333333333335,83.7,11.36524027188619,109.41741260322365,-0.007650369356663243,218.84969860798603,-0.714164198653118,0.00485522100368414,0.057775548986486486,0.16922424733638763,1.0
286,1171456,1203.6,232.9173887262936,0.68,0.3,86.78,292.35295744632094,202.56373479030745,0.8,0.2,94.33333333333333,13.229761441548666,226.0825436633566,-0.012018203232994141,452.1886969027312,-0.7192015809857327,0.005993387799801143,0.07494055706521739,0.16860252618789673,1.0
287,1175552,1204.3,265.333066997095,0.74,0.24,96.78,205.5981676387776,244.51843249289962,0.6333333333333333,0.36666666666666664,72.83333333333333,9.781507410605748,156.08674065463515,-0.010904520710773137,312.19486411221055,-0.7231965165540396,0.00697269607110914,0.09417356927710843,0.1685328483581543,1.0
288,1179648,1205.3,273.4099469299152,0.76,0.24,94.36,256.7385709641599,218.48985821303623,0.7333333333333333,0.26666666666666666,73.36666666666666,9.70908392270406,126.78390732856646,-0.00356130268781969,253.5745090850412,-0.7242373840449607,0.005430806086921733,0.06501498287671233,0.16853958368301392,1.0
289,1183744,1206.1,281.0365226155009,0.78,0.2,98.3,291.69257238671827,201.7498331963413,0.8,0.2,89.93333333333334,11.424241129557291,148.91476430892945,-0.009034220447938423,297.84716300964357,-0.7258683141320944,0.005503544984094333,0.0654296875,0.1681308150291443,1.0
290,1187840,1207.3,273.2462290526526,0.76,0.22,98.46,260.01909314242374,225.0149975949025,0.7333333333333333,0.26666666666666666,81.86666666666666,11.310540747642516,141.02026427618347,-0.010316726484216086,282.060726505695,-0.7282808558775646,0.00538671067408701,0.06427908415841584,0.16830287873744965,1.0
291,1191936,1208.4,256.39659116958194,0.72,0.26,83.7,240.95475711226692,236.54806674592078,0.7,0.3,91.36666666666666,12.066923785209656,214.68344397293893,-0.005111438283500702,429.37668428922956,-0.7260863208457043,0.005611592094953123,0.06645764802631579,0.1683894693851471,1.0
292,1196032,1209.5,270.8699208005256,0.76,0.24,83.34,324.08051915498334,173.89156489661713,0.8666666666666667,0.13333333333333333,97.83333333333333,12.802791138490042,93.78758666094612,-0.008155402568552425,187.59105027142692,-0.7249136868645163,0.005203676974291311,0.060386029411764706,0.16853487491607666,1.0
293,1200128,1210.6,254.25765199488313,0.72,0.28,74.34,194.64202500867717,243.89130776366702,0.6,0.4,77.43333333333334,10.165643219153086,136.22547184691138,-0.0065378215239972485,272.4635913615324,-0.7240041847131691,0.005529972848159318,0.06640625,0.16854095458984375,1.0
294,1204224,1211.3,260.7386552802317,0.74,0.26,80.16,224.9839267807849,237.484069991028,0.6666666666666666,0.3333333333333333,78.16666666666667,10.455674835046132,158.89370082406435,-0.013183418695595773,317.8133356430951,-0.7258878043469261,0.006310270636972478,0.08002068014705882,0.1681654006242752,1.0
295,1208320,1212.1,283.52744196790985,0.78,0.22,92.86,272.7565671862165,215.40678039474093,0.7666666666666667,0.23333333333333334,98.16666666666667,13.120261857906977,116.45530216113941,-0.006496271546426657,232.92315900647964,-0.7292349660718763,0.005887548590229975,0.07221283783783784,0.1679530143737793,1.0
296,1212416,1212.9,239.84879988044497,0.7,0.3,79.02,309.33004060284406,184.85502859291083,0.8333333333333334,0.16666666666666666,97.4,12.525465265909832,147.4687987687345,-0.014228396987665199,294.9656181563874,-0.7330551443699591,0.006441324061162011,0.0787565494011976,0.1675410270690918,1.0
297,1216512,1213.7,261.6194806465098,0.74,0.26,84.2,259.51228758964095,218.98842666844075,0.7333333333333333,0.26666666666666666,88.36666666666666,11.798310483743746,171.5943007090735,-0.00740066043559521,343.2029666597881,-0.7367510823976426,0.005536515467120187,0.06783234126984126,0.16743239760398865,1.0
298,1220608,1214.4,251.99160559200303,0.72,0.28,86.88,223.88890960691595,239.70558145076745,0.6666666666666666,0.3333333333333333,87.3,11.617152897516887,118.67320362319295,-0.007537002647375194,237.3610374255058,-0.739488830933204,0.005399760537438541,0.06790865384615384,0.16696301102638245,1.0
299,1224704,1215.3,262.73086909264566,0.74,0.26,85.88,215.47931069285067,234.50589826943448,0.6333333333333333,0.3333333333333333,90.16666666666667,12.110630559921265,119.40458964634608,-0.011171950506033389,238.8310746413011,-0.7448376412991877,0.0060434479224072265,0.07563920454545454,0.16662761569023132,1.0
300,1228800,1216.0,194.91946766317326,0.6,0.4,83.62,212.09034059881066,244.44957079140204,0.6333333333333333,0.36666666666666664,79.63333333333334,10.604891276359558,147.7423314979608,-0.011222890896468067,295.50665766215155,-0.7495142114248207,0.006584132761902196,0.0859375,0.16611559689044952,1.0
301,1232896,1217.0,273.9908134807988,0.76,0.24,92.22,272.8014966665622,210.90568687401884,0.7666666666666667,0.23333333333333334,76.93333333333334,10.010697595278423,142.004105614227,-0.008235810808294896,284.0242266608673,-0.755295361129983,0.006216067764275138,0.0808935072815534,0.16573508083820343,1.0
302,1236992,1218.0,264.59077022788506,0.74,0.26,87.04,241.25740765660532,228.10983238435378,0.7,0.3,82.06666666666666,10.703789885838827,171.53735936698266,-0.009278242008650076,343.0928218001026,-0.757593460507312,0.005320395567943737,0.06422139830508475,0.16574597358703613,1.0
303,1241088,1219.2,266.150862853564,0.74,0.26,84.2,246.65191454366644,229.144908258744,0.7,0.3,73.93333333333334,10.347263264656068,188.99957108931108,-0.012157715124670754,378.0230055375533,-0.7574231472882358,0.00679852940057489,0.08362926136363637,0.16570895910263062,1.0
304,1245184,1220.5,260.1456804741875,0.74,0.26,79.52,273.8778666362809,212.972471297515,0.7666666666666667,0.23333333333333334,83.73333333333333,11.073871405919393,226.4667081671246,-0.009938679801268597,452.95284361758473,-0.7578369020405462,0.005460249619179611,0.06779661016949153,0.16575568914413452,1.0
305,1249280,1221.2,254.33145546480037,0.72,0.26,91.2,256.7281629040042,224.67462305034368,0.7333333333333333,0.26666666666666666,82.9,10.978259801864624,189.22099043193617,-0.0074067537035596995,378.4563426369115,-0.7578318175516631,0.005453993348208697,0.06788651315789473,0.1656690537929535,1.0
306,1253376,1222.0,230.24482498920253,0.68,0.32,77.26,342.20433052055273,149.81364626979973,0.9,0.1,78.66666666666667,11.002931515375773,235.22654719786212,-0.010531466263769702,470.4737090197477,-0.7598382092335008,0.0054265065859495235,0.06578480113636363,0.1653098613023758,1.0
307,1257472,1223.1,244.6087562541001,0.7,0.3,89.48,206.53089588049983,240.3347985078176,0.6333333333333333,0.36666666666666664,84.96666666666667,11.001734304428101,164.87932510375975,-0.009251548033207655,329.7766941833496,-0.7646906524896622,0.005276875626295805,0.0624609375,0.16498002409934998,1.0
308,1261568,1224.2,285.7460618596677,0.78,0.22,83.02,229.6651105495069,239.59141567788274,0.6666666666666666,0.3333333333333333,91.9,12.658713761965434,114.80353704180037,-0.0034207027538546496,229.61345857892718,-0.7674471378326416,0.004854692355729639,0.05669642857142857,0.16487407684326172,1.0
309,1265664,1224.8,262.79512530435784,0.74,0.26,94.72,259.0760950426402,225.81147856644813,0.7333333333333333,0.26666666666666666,89.23333333333333,12.099879185358683,121.0413269336407,-0.009467501340147394,242.10112973726712,-0.7700617327139928,0.007277744621611558,0.09329927884615384,0.16448304057121277,1.0
310,1269760,1225.9,321.8833223758009,0.86,0.14,88.18,228.2887043729976,236.66307941166102,0.6666666666666666,0.3333333333333333,79.06666666666666,10.717953952153524,144.9917366027832,-0.008403923938220198,289.99982050115415,-0.7735452381047335,0.006435631232505495,0.08299005681818182,0.16442108154296875,1.0
311,1273856,1226.9,172.45292652482155,0.56,0.44,80.2,253.3852332978183,225.0134774803901,0.7333333333333333,0.26666666666666666,91.23333333333333,11.539814321200053,182.40806727939182,-0.01066566910163534,364.8370026482476,-0.7741948388240956,0.005429787360804362,0.06647858796296297,0.1643131673336029,1.0
312,1277952,1227.8,228.42647355007063,0.66,0.34,87.64,256.9166078502519,222.67203438008193,0.7333333333333333,0.26666666666666666,78.03333333333333,10.275293320417404,127.81663427120301,-0.011575951150096044,255.6559608738597,-0.7748471262251458,0.005378527497225328,0.06554878048780488,0.16433246433734894,1.0
313,1282048,1228.4,221.9579646717626,0.66,0.34,83.54,228.37111046216415,239.4589528962576,0.6666666666666666,0.3333333333333333,82.2,11.436451923847198,183.87366045301206,-0.012199473325772403,367.7712505019714,-0.7762826681137085,0.007073593357464768,0.0905008761682243,0.16398563981056213,1.0
314,1286144,1229.4,222.22772760583808,0.66,0.34,93.1,193.3155105853831,245.26673100686105,0.6,0.4,75.73333333333333,10.306349698702494,176.9229165726349,-0.011775161045752153,353.8689182826451,-0.7801658415994724,0.005531297080970111,0.06581538865546219,0.16372133791446686,1.0
315,1290240,1230.0,201.564762262608,0.62,0.38,91.02,279.66336786298575,215.87418637899233,0.7666666666666667,0.23333333333333334,77.86666666666666,11.119967309633891,168.8751978791518,-0.011379378333666248,337.77268637949334,-0.7834393326946766,0.005795930813718049,0.0735639450867052,0.1634703129529953,1.0
316,1294336,1230.7,233.212585168622,0.68,0.32,80.76,194.905134869446,244.78024007445353,0.6,0.4,86.96666666666667,10.985646677017211,134.0653565759817,-0.01083508622961232,268.1519144806414,-0.7862114270747695,0.006577934457493421,0.08345562845303868,0.1633642017841339,1.0
317,1298432,1231.5,204.66581736176,0.62,0.38,80.14,242.53301327942324,229.05226281770967,0.7,0.3,84.2,10.68622302611669,162.69250102426813,-0.009589839849792335,325.40371756718076,-0.7867164550156429,0.005646278193199086,0.07053699712643678,0.16336539387702942,1.0
318,1302528,1232.2,228.74887786064699,0.68,0.32,92.58,262.30625782880605,219.88623808343286,0.7333333333333333,0.23333333333333334,103.83333333333333,12.070361286650101,147.18622290198482,-0.012692010341170453,294.397364886839,-0.7871486037524779,0.007359187631284012,0.09850163246268656,0.16325029730796814,1.0
319,1306624,1233.4,233.64828506273545,0.68,0.32,78.58,259.4080303192341,221.24853125721725,0.7333333333333333,0.26666666666666666,83.63333333333334,11.055306561787923,97.96329982860668,-0.011285131683925519,195.9486994700389,-0.7867457812970823,0.006059287245981059,0.0746410472972973,0.16354328393936157,1.0
320,1310720,1234.4,234.51493687524354,0.68,0.32,79.4,222.7525425076225,236.9778776121871,0.6666666666666666,0.3333333333333333,89.16666666666667,11.872396302719912,164.28773043705866,-0.00972827143000009,328.5944492633526,-0.7855824791468107,0.005989316351210269,0.07587139423076923,0.16329461336135864,1.0
321,1314816,1235.4,252.67228930734552,0.72,0.28,91.76,198.83272229778555,242.27031920183134,0.6,0.36666666666666664,92.86666666666666,12.486797934770584,142.15216029317756,-0.008989307851726679,284.32182653326737,-0.7891947140819148,0.0052073893970564795,0.06090666118421053,0.16300004720687866,1.0
322,1318912,1236.4,252.0560256665831,0.72,0.28,81.48,254.7236391397831,223.46636248599725,0.7333333333333333,0.26666666666666666,90.46666666666667,11.615669163068135,157.40447235107422,-0.01266469104198872,314.8337914603097,-0.7922992355057171,0.006546271987774942,0.08391462053571429,0.1628776490688324,1.0
323,1323008,1237.4,195.5545996471522,0.6,0.38,94.16,306.0837578222157,188.04049079918644,0.8333333333333334,0.16666666666666666,71.23333333333333,9.511582239468892,186.0944602321571,-0.009273115548790551,372.2069836468764,-0.7927574372627366,0.005904420970899748,0.0741362235915493,0.16289113461971283,1.0
324,1327104,1238.8,292.5923503023623,0.8,0.2,94.14,258.21768390822706,224.8388282734642,0.7333333333333333,0.26666666666666666,78.8,10.500221971670786,157.10211025140225,-0.0032735388152874433,314.21028606708234,-0.7927152178226373,0.005268375341517803,0.06300080128205128,0.16284410655498505,1.0
325,1331200,1239.7,268.11224569369745,0.74,0.26,93.78,229.61567824422278,231.64706220209453,0.6666666666666666,0.3,101.7,13.773643032709758,172.79787808372862,-0.008930194245961805,345.6131330217634,-0.7933957451865786,0.004938085208691302,0.05889136904761905,0.16277384757995605,1.0
326,1335296,1240.8,241.52896676774304,0.7,0.3,84.1,238.74105372218133,231.80714711346482,0.7,0.3,68.06666666666666,9.111669107278187,133.06727672267604,-0.009019508240492764,266.1521125312324,-0.7922444048228564,0.005838481958972307,0.07101632882882883,0.16316409409046173,1.0
327,1339392,1241.9,237.30175144616067,0.68,0.3,87.12,311.15910107828194,191.8363997302298,0.8333333333333334,0.16666666666666666,84.43333333333334,11.711351617177327,295.95249532063804,-0.006492127392751475,591.9174830118815,-0.7886908024549484,0.005841003366125127,0.06940104166666666,0.16316267848014832,1.0
328,1343488,1243.1,261.57576085894516,0.74,0.26,90.04,259.95247668469034,220.02253798358163,0.7333333333333333,0.26666666666666666,75.83333333333333,10.404365444431702,132.99489722194443,-0.004456070992332625,265.99822924510545,-0.7899857005441046,0.004459171797182545,0.05031061746987952,0.16302137076854706,1.0
329,1347584,1243.7,249.69812729388923,0.72,0.28,80.08,314.0584422529104,189.88206273998486,0.8333333333333334,0.16666666666666666,99.9,13.956685972213744,123.72319696304646,-0.008325462397980564,247.46256479303887,-0.7926481052282008,0.005786652326276724,0.06989694148936171,0.1626129448413849,1.0
330,1351680,1244.6,251.15247010749943,0.72,0.28,83.76,239.0696439280905,234.6555062653107,0.7,0.3,73.76666666666667,9.700343211491903,235.70751406351727,-0.011111464941253264,471.43676528930666,-0.7956164732575417,0.005833067034836858,0.07041015625,0.1626824140548706,1.0
331,1355776,1245.3,192.87923479507307,0.6,0.4,77.8,319.0749633394946,178.7967482310989,0.8333333333333334,0.13333333333333333,106.7,14.49415860970815,157.0157791376114,-0.011752578775485745,314.05458188056946,-0.7942180470563471,0.006011445600961451,0.077880859375,0.1628931164741516,1.0
332,1359872,1246.4,239.3732245784252,0.7,0.3,77.16,225.2084732515056,239.95993806279898,0.6666666666666666,0.3333333333333333,87.1,11.65624122619629,127.97377988566522,-0.008666767171867516,255.96441542583963,-0.7917646247407665,0.005969694043691878,0.07638417119565218,0.16298790276050568,1.0
333,1363968,1246.9,230.12500822765153,0.68,0.32,93.1,286.13367496682093,210.45337134969049,0.7666666666666667,0.2,120.5,14.058120282491048,158.1099521201729,-0.014455855091183677,316.24833505105653,-0.7929317147139735,0.0068728130235768,0.08695994127516779,0.16266898810863495,1.0
334,1368064,1247.7,264.0101320039682,0.74,0.26,85.62,210.0875468460649,246.3025384301576,0.6333333333333333,0.36666666666666664,77.3,10.321016995112101,149.61150785035724,-0.008642706984677647,299.23981813841226,-0.7965286208104484,0.0048530862955494395,0.054044699367088604,0.16239747405052185,1.0
335,1372160,1248.7,305.0548249278673,0.82,0.18,86.98,193.40022617347387,245.09532307658594,0.6,0.4,78.46666666666667,10.358916505177815,188.68114574535474,-0.005409946954632933,377.37262663970125,-0.7984607839906538,0.004929658022356799,0.058963260135135136,0.16242894530296326,1.0
336,1376256,1249.4,233.17523400033824,0.68,0.32,87.6,246.84989373556854,235.30203929242222,0.7,0.3,90.16666666666667,12.930243659019471,209.54110185347776,-0.009608745188975238,419.1009343193177,-0.7976986663864258,0.005075939334580366,0.060557319518716575,0.16251078248023987,1.0
337,1380352,1250.3,271.5515612886865,0.76,0.24,87.0,222.3214383802723,236.06453108965093,0.6666666666666666,0.3333333333333333,95.33333333333333,12.071861056486766,178.22595128146085,-0.007709090947173536,356.4668371027166,-0.7965144677595659,0.00559433066254397,0.06720525568181818,0.16255825757980347,1.0
338,1384448,1251.2,179.84493892736606,0.58,0.42,79.04,279.83639565815037,219.77121979720724,0.7666666666666667,0.23333333333333334,98.4,14.060039536158245,200.9852424117754,-0.012201951054487167,401.9944021117012,-0.7964691632198837,0.005704290277482766,0.07130748820754718,0.16259025037288666,1.0
339,1388544,1251.8,230.4639129926272,0.68,0.32,80.88,189.82375633087912,246.0959386544544,0.6,0.4,77.76666666666667,9.690687187512715,197.0596877408315,-0.009242552737929824,394.1373773138207,-0.7973841468253767,0.005202382176003632,0.064453125,0.16230888664722443,1.0
340,1392640,1252.6,231.58841517132115,0.68,0.32,76.04,247.08089123643273,230.4854272448862,0.7,0.3,91.66666666666667,12.589288377761841,108.16362153330157,-0.008490070212452162,216.3437448317005,-0.7992557239147925,0.005928901148088757,0.07428175403225806,0.16239866614341736,1.0
341,1396736,1253.4,222.74359473169207,0.66,0.34,80.64,221.17474656578804,237.41992888589002,0.6666666666666666,0.3333333333333333,90.23333333333333,11.0042598148187,179.71372537679605,-0.011012719660815034,359.44899157544114,-0.7987598126584833,0.006756001765924421,0.08517263986013986,0.16226154565811157,1.0
342,1400832,1254.6,264.7778740653005,0.74,0.26,83.1,296.19938530865863,204.5901101083384,0.8,0.2,79.16666666666667,11.3818691889445,173.6757962821734,-0.0052670490107323865,347.3616413078686,-0.8004621804350673,0.004540386720385292,0.05000773514851485,0.16226200759410858,1.0
343,1404928,1255.5,304.77897112731284,0.82,0.18,84.06,138.52366236164258,248.88672835327628,0.5,0.5,83.86666666666666,10.724427302678427,145.50563062032063,-0.008649930427782237,291.0280814488729,-0.7991893077890079,0.005998598361232629,0.07386067708333334,0.16250622272491455,1.0
344,1409024,1256.4,242.1468303999009,0.7,0.3,73.28,245.27160887104986,232.65837727404232,0.7,0.3,96.2,12.688491408030192,400.75920963287354,-0.0023931207542773336,801.5227165222168,-0.7967033460736275,0.005755007965490222,0.0640869140625,0.16258573532104492,1.0
345,1413120,1257.3,293.29883424422934,0.8,0.2,91.12,277.8931502607832,218.0420378738285,0.7666666666666667,0.23333333333333334,83.93333333333334,11.844974052906036,152.99585451020135,-0.010893388955284737,306.01301452848645,-0.797693480634027,0.006417939869505871,0.08119032118055555,0.1622730791568756,1.0
346,1417216,1258.4,260.0801058542479,0.74,0.26,85.76,159.07004005023666,250.72587365594813,0.5333333333333333,0.4666666666666667,76.03333333333333,10.60331687927246,134.07871856689454,-0.005254065474638572,268.1674602801983,-0.8010868961994465,0.0059033841897661865,0.0733173076923077,0.16204574704170227,1.0
347,1421312,1259.4,264.5015628676334,0.74,0.26,87.44,278.1326703856478,211.0263205781548,0.7666666666666667,0.23333333333333334,85.6,11.233108981450398,122.14770154255193,-0.0071830153578846916,244.30928188417016,-0.802638179887601,0.005968980547949308,0.07234502032520325,0.16214832663536072,1.0
348,1425408,1260.3,254.61443062725002,0.72,0.26,91.34,192.99093068099577,246.73274016783273,0.6,0.4,78.46666666666667,10.634897621472676,166.90546605461523,-0.010601464559409865,333.83164737099094,-0.8015086631241598,0.006273292737253206,0.08136307565789473,0.16214975714683533,1.0
349,1429504,1261.1,276.29857096680246,0.76,0.22,91.7,229.6360982567129,234.27754391122443,0.6666666666666666,0.3333333333333333,87.06666666666666,11.93583436012268,123.95593223862976,-0.012534293075952366,247.93644551284441,-0.8029084396726303,0.006498310302618806,0.07836354961832061,0.16191282868385315,1.0
350,1433600,1261.9,273.97250252703043,0.76,0.24,93.38,227.545223236631,237.87993191642528,0.6666666666666666,0.3333333333333333,95.9,12.706474457184473,124.76856077871015,-0.010622137042153026,249.55787830968058,-0.8047110471994646,0.006857769276511164,0.08344884072580645,0.1619531810283661,1.0
351,1437696,1262.8,241.86156925526643,0.7,0.3,86.54,223.4494834972026,235.69995000014762,0.6666666666666666,0.3333333333333333,80.1,10.267858362197876,132.53614635295696,-0.008975397195532784,265.08975590886297,-0.8051330908998713,0.00650419827617772,0.08396677927927929,0.16172701120376587,1.0
352,1441792,1263.9,256.05081743050533,0.72,0.26,90.38,211.7985932854617,244.16497800615102,0.6333333333333333,0.36666666666666664,67.43333333333334,9.368279445171357,113.01638982629264,-0.008385014975623738,226.04906135477046,-0.8088549452443277,0.006206001435476605,0.07862903225806452,0.16133233904838562,1.0
353,1445888,1264.7,213.48526307777436,0.64,0.36,89.4,163.28408178985376,254.912086073153,0.5333333333333333,0.4666666666666667,86.23333333333333,11.872043865919114,201.9303916372904,-0.00915697849605505,403.87860938591683,-0.8125826241524239,0.005430886718800397,0.06383384146341463,0.16121906042099,1.0
354,1449984,1265.5,223.56291404791992,0.66,0.34,85.96,144.34610600685775,254.28910581201214,0.5,0.5,76.13333333333334,10.167703378200532,203.12000313079614,-0.0073753310561769725,406.25426752104175,-0.8144365540511317,0.004804574854323547,0.05361960431654676,0.16095055639743805,1.0
355,1454080,1266.3,285.073088495229,0.78,0.2,94.58,197.58655720953504,249.22906969756616,0.6,0.4,85.4,11.812677299976349,123.27634294827779,-0.0070510556154962005,246.56629959742227,-0.816929571951429,0.006162721586103241,0.074951171875,0.16090428829193115,1.0
356,1458176,1267.1,244.57728798943427,0.7,0.3,86.2,313.5891561216924,190.49939857954712,0.8333333333333334,0.16666666666666666,89.86666666666666,12.622126372655233,151.75672495365143,-0.007873351773014292,303.5287071466446,-0.8170453715138137,0.006147187941678567,0.077606201171875,0.16094931960105896,1.0
357,1462272,1268.0,294.73188865858197,0.8,0.2,91.88,278.06738673620544,216.96228159342274,0.7666666666666667,0.23333333333333334,83.8,11.822025767962138,129.03423262702094,-0.01019077302577595,258.08835881551107,-0.8167337980535295,0.006382294493313465,0.07747395833333333,0.1609629988670349,1.0
358,1466368,1269.3,332.3423465491896,0.88,0.12,89.94,171.4869210328384,251.8999094538453,0.5666666666666667,0.43333333333333335,76.66666666666667,10.348166584968567,107.28525246514215,0.00026276386860344146,214.56949064466687,-0.8167072335879008,0.004970206361677911,0.060221354166666664,0.1608942747116089,1.0
359,1470464,1270.3,205.60664513426593,0.62,0.38,84.04,207.40526943522315,244.63996518626305,0.6333333333333333,0.36666666666666664,85.86666666666666,11.21817717552185,132.23685269239473,-0.0031661059389390595,264.47955024533155,-0.8177698894244868,0.00581161123586864,0.07193216463414634,0.16077721118927002,1.0
360,1474560,1271.1,172.77132806324036,0.56,0.44,65.9,283.1627833036319,214.7100818307518,0.7666666666666667,0.23333333333333334,82.73333333333333,11.770242484410604,200.1866650136312,-0.009601581133902073,400.3920457458496,-0.8207486311594645,0.005668576423389216,0.06864583333333334,0.16038039326667786,1.0
361,1478656,1272.1,213.34500366417006,0.64,0.36,79.44,225.07096418550287,236.40617367623872,0.6666666666666666,0.3333333333333333,83.6,10.842195207625627,198.7388326353946,-0.0059048608892549904,397.48898884401484,-0.8241197072853477,0.005350908296088041,0.06091101694915254,0.1602981686592102,1.0
362,1482752,1273.2,274.602135323451,0.76,0.24,90.2,229.80241360258935,238.13093004867386,0.6666666666666666,0.3333333333333333,71.96666666666667,10.26468292872111,143.36212238130116,-0.007474465858900831,286.73870653424945,-0.8250406804538909,0.005512133493487324,0.0671875,0.16023845970630646,1.0
363,1486848,1274.1,238.0314217773416,0.7,0.3,77.86,239.8171971237218,229.6989279010662,0.7,0.3,82.96666666666667,10.424774531523386,127.2602112002489,-0.009567978456843554,254.53906975722896,-0.8259015206883593,0.006992017943979945,0.08989138719512195,0.1601567417383194,1.0
364,1490944,1275.0,260.838743842422,0.74,0.26,79.0,325.5001955803003,172.7786883192529,0.8666666666666667,0.13333333333333333,89.23333333333333,12.056985161701839,112.05240773580161,-0.005768009394137974,224.11585364284286,-0.8268136827342482,0.005613447119291109,0.07045368975903614,0.16007080674171448,1.0
365,1495040,1275.8,315.6335051437989,0.84,0.14,98.02,207.16303670654636,242.09840324039212,0.6333333333333333,0.36666666666666664,84.1,10.596179095904033,91.80787034936853,-0.0066671796029786,183.6285752992372,-0.8278794498056978,0.005825157173456171,0.0726879222972973,0.1599961817264557,1.0
366,1499136,1276.8,251.04734937241093,0.72,0.28,80.44,220.4833349341188,236.64283085831772,0.6666666666666666,0.3333333333333333,72.56666666666666,9.15703656077385,83.36200414919385,-0.010324132564824586,166.74415663176893,-0.8304933952350243,0.00633340515652854,0.07904411764705882,0.15957525372505188,1.0
367,1503232,1278.0,275.7899107905106,0.76,0.24,85.16,226.78925195748303,239.97103014286347,0.6666666666666666,0.3333333333333333,86.23333333333333,11.702344143390656,242.55237688337053,-0.006843498375798974,485.1179526192801,-0.8339691800730569,0.005300175914141748,0.06473214285714286,0.15952858328819275,1.0
