update,timesteps,fps,train_return_mean,train_success_rate,train_collision_rate,train_episode_len_mean,eval_return_mean,eval_return_std,eval_success_rate,eval_collision_rate,eval_steps_mean,eval_path_length_mean,loss,policy_loss,value_loss,entropy,approx_kl,clip_fraction,std_mean,early_stop
1,4096,1307.8,142.50613960384578,0.46153846153846156,0.38461538461538464,155.73076923076923,217.66151565528222,237.45673694145492,0.6333333333333333,0.3333333333333333,126.23333333333333,15.1109878718853,423.7180727640788,-0.007707339758053422,847.4513347625732,-0.21413681854804356,0.005561884419876151,0.06661783854166667,0.22235968708992004,0.0
2,8192,1159.1,148.37827234761338,0.48,0.4,137.14,208.5264772630515,221.62999875444697,0.5666666666666667,0.2,203.73333333333332,17.54054675102234,308.5184071222941,-0.009739099281917636,617.0560882568359,-0.21146141191323597,0.005558184468342612,0.06788736979166667,0.22229352593421936,0.0
3,12288,1182.9,201.427847072766,0.6,0.34,132.2,243.6361417014777,228.00047881779608,0.7,0.3,110.16666666666667,13.067478593190511,416.5460131327311,-0.007771786279045045,833.1073691050211,-0.21235599368810654,0.004294761230509417,0.04694010416666667,0.22225463390350342,0.0
4,16384,1184.3,178.72372571932917,0.54,0.36,142.02,203.0300837614793,238.82991868082834,0.6,0.3333333333333333,123.46666666666667,13.737877384821575,236.24742606480916,-0.009413361464976334,472.5134730656942,-0.21010519216458004,0.005780664986620347,0.072802734375,0.2226894348859787,0.0
5,20480,1189.2,120.25991213419782,0.42,0.44,142.72,114.35484538102968,232.3726796905093,0.4,0.43333333333333335,164.83333333333334,14.559847374757132,397.0379732767741,-0.009274191360843058,794.0942906697591,-0.2060432717204094,0.006927993572511089,0.090771484375,0.22297164797782898,0.0
6,24576,1178.4,148.74303633301153,0.48,0.4,141.44,177.4408588055281,232.17225686743657,0.5333333333333333,0.3,169.3,14.615831311543783,381.51588242848715,-0.007913312339223922,763.0473913828532,-0.20589009523391724,0.00525659998820629,0.062255859375,0.22257716953754425,0.0
7,28672,1168.0,181.69950514610338,0.54,0.34,149.82,121.97537458235362,230.63367966352936,0.4,0.36666666666666664,180.53333333333333,14.78949624300003,225.9793161392212,-0.010561990064646427,451.97955265045164,-0.20729248424371083,0.005575330342010906,0.06930338541666667,0.2227535843849182,0.0
8,32768,1163.3,162.24342422558223,0.5,0.36,163.7,215.34325968995736,226.35886171555566,0.6,0.23333333333333334,170.13333333333333,14.584295996030171,266.529062016805,-0.008069188978212575,533.0740617116293,-0.2105741485953331,0.005920275814908867,0.07394205729166667,0.22146941721439362,0.0
9,36864,1163.0,183.69148956598647,0.56,0.36,127.24,110.75005410035915,235.5973995787206,0.4,0.5,117.36666666666666,11.652722644805909,390.16800899505614,-0.010517498014572387,780.3568135579427,-0.2162592718998591,0.005762505442059289,0.07233072916666666,0.22153589129447937,0.0
10,40960,1159.7,167.5242754276317,0.54,0.44,107.38,112.40277016841077,233.9103163508109,0.4,0.43333333333333335,158.0,12.706325896581014,354.5498323440552,-0.010312318613675113,709.1200504302979,-0.21741347511609396,0.006314146061777137,0.08147786458333334,0.22098255157470703,0.0
11,45056,1180.2,158.97017525125761,0.5,0.38,152.78,107.5633954873539,237.99841783449298,0.4,0.5,129.5,13.97784920334816,139.7691423844318,-0.007090858937728973,279.5522440696249,-0.22529475380774258,0.0066176924369849115,0.08681441326530612,0.21954810619354248,1.0
12,49152,1187.4,169.51228661170396,0.5,0.32,168.86,142.32565801772827,242.77322970814546,0.4666666666666667,0.43333333333333335,130.76666666666668,13.972094959020614,223.28569650650024,-0.008005679890629835,446.587161954244,-0.23466852853695552,0.005844570338376797,0.07213541666666666,0.21915042400360107,0.0
13,53248,1186.2,225.64490396303037,0.62,0.24,154.04,212.6535410435643,229.13336287842705,0.6,0.26666666666666666,167.56666666666666,16.49860372940699,236.61291643778483,-0.010051051249805217,473.2456921895345,-0.23797896007696787,0.006701397076055097,0.085986328125,0.2186090648174286,0.0
14,57344,1188.2,207.52992277288257,0.6,0.28,150.82,124.43295694239315,238.11208705393577,0.43333333333333335,0.43333333333333335,171.03333333333333,15.67937871615092,224.18629268010457,-0.012255364481825381,448.39685179392495,-0.24206470052401224,0.0063951177309112,0.08367513020833334,0.21812930703163147,0.0
15,61440,1183.3,128.8180886223851,0.44,0.44,139.42,173.2500733105019,229.12999832479684,0.5,0.3,174.9,13.412103535731633,322.14377040863036,-0.011424857733072714,644.3101457595825,-0.24340685606002807,0.006597008041959877,0.08484700520833334,0.21806564927101135,0.0
16,65536,1163.7,150.09630929431063,0.48,0.38,155.5,201.5238515162959,241.2699603532547,0.6,0.36666666666666664,109.13333333333334,12.837433250745137,246.30597089402218,-0.00830764025251599,492.62831297529505,-0.24745931371729424,0.0060644964499280175,0.07689494680851064,0.2170458436012268,1.0
17,69632,1068.9,158.19700530129927,0.5,0.36,157.54,227.82862415908275,227.6841572481585,0.6333333333333333,0.23333333333333334,165.1,16.009104585647584,260.36979643503827,-0.010708443556601803,520.7607554117839,-0.25841519435246785,0.006786256116659691,0.08772786458333333,0.2155047506093979,0.0
18,73728,1010.4,173.47808373430743,0.54,0.36,127.86,138.68578925442208,241.9440930087733,0.4666666666666667,0.43333333333333335,122.6,12.310760811964672,232.28290424346923,-0.008248950100581472,464.5820423444112,-0.2687080860137939,0.006566871735655392,0.08740234375,0.21491748094558716,0.0
19,77824,961.1,154.55369458947206,0.48,0.36,153.46,192.09825114474884,234.12501999961074,0.5666666666666667,0.3,144.9,11.357135323683421,187.83106832504274,-0.008555230872783188,375.67898279825846,-0.26709512968858085,0.006587594235315919,0.08203125,0.21596020460128784,0.0
20,81920,917.9,156.114248037003,0.48,0.36,157.4,178.49258186806108,242.22040974864544,0.5666666666666667,0.4,126.6,12.79536832968394,160.62177163759867,-0.0076946288211426385,321.25866587956745,-0.26440792431433996,0.006042396334426788,0.072607421875,0.2151111662387848,0.0
21,86016,878.6,112.38720535873439,0.38,0.4,178.94,176.69364040736232,236.0207143129385,0.5333333333333333,0.3333333333333333,145.46666666666667,11.942981425921122,252.61454289754232,-0.011468793378056338,505.2517594019572,-0.27354495277007423,0.006127119687153027,0.07897135416666666,0.21416455507278442,0.0
22,90112,848.0,159.73271877268903,0.48,0.32,174.82,173.2931799372066,235.32412571818145,0.5333333333333333,0.3333333333333333,146.66666666666666,12.524284712473552,220.6526610906223,-0.010852798359245405,441.32674502886937,-0.27745619237697616,0.007482818547799359,0.10127448156682027,0.21441493928432465,1.0
23,94208,831.6,226.8397483629092,0.62,0.22,175.44,165.59033883866186,245.99406499918445,0.5333333333333333,0.43333333333333335,119.66666666666667,13.141316509246826,217.1342699540223,-0.010153152828753306,434.2885625549636,-0.2783672740946265,0.006728766086213876,0.08732820680628273,0.213720440864563,1.0
24,98304,817.7,185.78557384025058,0.56,0.36,144.58,150.8904514275994,239.21418450136463,0.5,0.43333333333333335,102.96666666666667,10.42365902264913,301.6144180796505,-0.00849732234647948,603.2455379511017,-0.28450357134825266,0.005944218774161795,0.07276348039215687,0.21314355731010437,1.0
25,102400,799.2,164.10795381187074,0.52,0.42,127.12,243.70335723374703,211.9876578635093,0.6666666666666666,0.2,147.8,13.796540188789368,196.6524692283669,-0.00969716577984506,393.3240396722319,-0.2898460045683808,0.006314332410220416,0.077688769035533,0.21227355301380157,1.0
26,106496,779.0,67.91831341776494,0.32,0.58,120.3,192.36530968075851,234.17820937708143,0.5666666666666667,0.3,141.4,11.72998829483986,295.26171887715657,-0.007717606103202949,590.5385725021363,-0.2951733469963074,0.006041317517519929,0.07692057291666667,0.21137461066246033,0.0
27,110592,758.0,144.36886373224337,0.48,0.44,138.5,156.35475258272734,229.8291539984254,0.4666666666666667,0.3,195.93333333333334,15.650084030628204,215.0216706911723,-0.01140739628948116,430.06585057576496,-0.29981024116277694,0.00734898196242284,0.09695638020833333,0.2112795114517212,0.0
28,114688,750.9,221.1656936199778,0.64,0.28,146.94,85.08542073009859,216.70608589212387,0.3,0.4,217.76666666666668,15.199232562383015,185.909747950236,-0.010812853028376897,371.8408154381646,-0.3041220320595635,0.007777813357663237,0.1017795138888889,0.21033498644828796,1.0
29,118784,762.7,204.7277304064484,0.6,0.32,125.86,122.3222200265759,237.82261929010414,0.43333333333333335,0.4666666666666667,134.26666666666668,13.447874228159586,155.11227558453876,-0.009458347075269557,310.24316199620563,-0.3100200136502584,0.007140516670187935,0.0908203125,0.2102842628955841,0.0
30,122880,771.3,188.17763813512207,0.56,0.32,141.86,154.18914528526025,230.5932573325111,0.4666666666666667,0.3333333333333333,183.23333333333332,16.51699703733126,220.04274234771728,-0.01312490168493241,440.1114303588867,-0.31157705386479695,0.006372792588081211,0.0810546875,0.21031756699085236,0.0
31,126976,781.4,180.06111100729257,0.54,0.34,141.64,286.95922895581015,204.36549341150788,0.7666666666666667,0.16666666666666666,131.66666666666666,13.735775647560756,169.14353375434877,-0.008505611090610425,338.3037741025289,-0.31071265588204067,0.006066886873062079,0.07610677083333334,0.21089302003383636,0.0
32,131072,788.8,163.43865238015732,0.5,0.36,149.68,174.85982448701947,225.3770008051109,0.5,0.26666666666666666,184.23333333333332,14.359789266188939,168.56000437736512,-0.00774903863396806,337.13519525527954,-0.314577882985274,0.006777488949592225,0.089697265625,0.20912635326385498,0.0
33,135168,796.5,154.43758641844406,0.48,0.38,150.44,136.9417064902731,231.6615909495463,0.43333333333333335,0.36666666666666664,174.36666666666667,15.400153756141663,202.05783095359803,-0.011020889265152316,404.13737436930336,-0.3277755876382192,0.006435585113164658,0.08098958333333334,0.20796699821949005,0.0
34,139264,806.0,178.53361820896112,0.52,0.32,155.54,211.21401241037316,225.86623853472958,0.6,0.26666666666666666,139.53333333333333,11.878677264849346,149.59276849847092,-0.006788002895681482,299.1987803007427,-0.3351862229798969,0.007022928355849887,0.09146792763157895,0.2074274867773056,1.0
35,143360,813.6,122.12107364508007,0.4,0.42,159.94,165.5159993712477,234.73487058091246,0.5,0.36666666666666664,156.23333333333332,18.291874766349792,143.6276064300537,-0.009495001116301865,287.273865852356,-0.337831649184227,0.006954807541333139,0.08947265625,0.20713172852993011,1.0
36,147456,821.4,104.71561562848547,0.36,0.42,176.88,141.33795628907532,236.13527190735417,0.4666666666666667,0.4,152.73333333333332,11.085713870326678,178.35577767690023,-0.008080416698552048,356.7273716290792,-0.3418393368522326,0.0067993461493945995,0.08927408854166667,0.20646929740905762,0.0
37,151552,827.1,142.73456520515197,0.42,0.3,209.46,141.6185981151506,232.054701850268,0.43333333333333335,0.3333333333333333,189.33333333333334,15.125492125749588,238.17372247378032,-0.006868538413740074,476.36083087921145,-0.34855569104353584,0.006065470864026186,0.07508138020833334,0.20572063326835632,0.0
38,155648,832.7,168.21888434981418,0.5,0.32,166.5,189.86819873341767,223.52072674026496,0.5333333333333333,0.23333333333333334,193.63333333333333,14.641916859646638,200.46735754013062,-0.0092010307048137,400.9527543067932,-0.35278121481339136,0.006126541606499813,0.07693684895833333,0.20557555556297302,0.0
39,159744,840.1,167.07251273666586,0.5,0.32,165.78,134.656911594403,235.19345710006968,0.43333333333333335,0.4,154.06666666666666,11.423482791582744,189.16410722837344,-0.006077558377880481,378.3400046380012,-0.35663142767581313,0.006171921096680747,0.07973471840659341,0.20448333024978638,1.0
40,163840,847.4,143.48648152126063,0.44,0.32,184.68,276.00012541011694,193.66396826899788,0.7333333333333333,0.13333333333333333,156.8,14.405007235209148,184.12563527741048,-0.004216822061647215,368.2593389475568,-0.36657448881161137,0.005145417767871889,0.059006211180124224,0.20333033800125122,1.0
41,167936,852.3,161.76287849314275,0.48,0.3,191.68,108.08619818624287,223.70789849859347,0.36666666666666664,0.4,178.93333333333334,15.442706241707008,185.60119444529215,-0.008890677105713014,371.2198005040487,-0.37455608149369557,0.006235818258331468,0.07561848958333334,0.20283257961273193,0.0
42,172032,857.0,184.69496367886416,0.56,0.34,160.16,120.82433162981496,222.7374445482905,0.4,0.36666666666666664,205.26666666666668,16.896202834447227,197.04095487594606,-0.011385041374402742,394.10431181589763,-0.377290748556455,0.00740841033984907,0.09982096354166667,0.2028292715549469,0.0
43,176128,861.7,123.13442192664542,0.42,0.42,163.96,150.77287524172453,231.80156853250205,0.4666666666666667,0.3333333333333333,191.9,15.33926856915156,93.80283452830183,-0.010982779700548277,187.62725628844095,-0.37810642238056985,0.006956524459149586,0.09070384174311927,0.2029210925102234,1.0
44,180224,867.7,55.38156688695207,0.26,0.48,190.16,237.27829156079127,219.25977786915172,0.6333333333333333,0.16666666666666666,166.16666666666666,12.290827069679896,121.30079887908639,-0.008312864945658926,242.61784829445256,-0.37973004868887006,0.00601337564480717,0.07438941140776699,0.20239514112472534,1.0
45,184320,872.3,123.82223332673333,0.4,0.36,191.88,108.0159697908678,239.30333560246623,0.4,0.4666666666666667,153.13333333333333,16.055565693586445,163.63494706273679,-0.009116465494916516,327.2877373623489,-0.38825844460396314,0.006138122790310551,0.07769315326633165,0.20151126384735107,1.0
46,188416,877.1,176.747250638725,0.52,0.3,167.56,133.35768080176706,234.45869555578733,0.43333333333333335,0.36666666666666664,182.86666666666667,13.927480901032686,183.08292526668973,-0.010717374965746852,366.1868943461665,-0.39414441254403854,0.007135816477885883,0.09282769097222222,0.2012825608253479,1.0
47,192512,882.2,207.101964652048,0.6,0.28,143.6,200.83387767402763,229.6363603470604,0.5666666666666667,0.26666666666666666,179.16666666666666,15.247736326853435,210.06151790618895,-0.011402983297981943,420.1454438527425,-0.4004389406492313,0.007258272677427157,0.09578450520833333,0.20027104020118713,0.0
48,196608,887.4,190.4939237670181,0.58,0.36,124.08,217.51997339439563,230.68505860336717,0.6333333333333333,0.3,134.16666666666666,12.802444569269817,337.0316922505697,-0.008494588794807594,674.079961013794,-0.40786141927043595,0.005774680254398845,0.0734375,0.19990912079811096,0.0
49,200704,892.1,169.08097362460194,0.52,0.36,145.14,184.1090556406154,235.26631984754002,0.5333333333333333,0.3,161.4,14.070976257324219,202.7914313952128,-0.010287936970901987,405.6030192693075,-0.4136980094015598,0.006402634889430677,0.08155924479166667,0.1988910734653473,0.0
50,204800,896.7,183.0580519479154,0.54,0.3,168.14,218.61379567532498,221.92432517178867,0.6,0.23333333333333334,156.4,14.100499447186788,188.59074827829997,-0.010244561619280527,377.20155849456785,-0.42081432590881984,0.006446256824225808,0.08362630208333334,0.19812001287937164,0.0
51,208896,902.5,181.90120041837133,0.54,0.32,165.34,232.607070925026,218.1576899616555,0.6333333333333333,0.2,165.06666666666666,12.71865388105313,206.37130606887686,-0.009196669468258182,412.7605782533303,-0.4271528191036648,0.006573775148369435,0.08239850427350427,0.19765667617321014,1.0
52,212992,905.6,153.10482262595295,0.48,0.38,163.34,170.25850891518493,225.7560150322763,0.5,0.26666666666666666,202.9,15.743115262190502,225.02073396046956,-0.010335818189196289,450.06170749664307,-0.4368512683858474,0.006630185594743428,0.08714192708333333,0.19604463875293732,0.0
53,217088,908.4,172.30332251001485,0.52,0.32,154.34,173.9559697779682,218.34932125233843,0.4666666666666667,0.2,221.73333333333332,16.18577299118042,165.26599547029272,-0.011718779945163273,330.5549813487047,-0.4468593357896512,0.007917489095139632,0.10477377300613497,0.19585639238357544,1.0
54,221184,913.4,171.11135428709815,0.5,0.28,183.22,206.95535158304804,216.08307312632402,0.5666666666666667,0.2,181.0,13.060918958981832,145.49147808308504,0.00024147661478847874,290.9820229666574,-0.44597239397010024,0.006861671368230363,0.08147321428571429,0.19617976248264313,1.0
55,225280,918.9,145.8583784279886,0.44,0.32,194.88,125.49443237037264,226.39526624658373,0.4,0.36666666666666664,191.66666666666666,15.794278120994568,316.7147230668501,0.006552184000611305,633.4159074263139,-0.44496274265376007,0.007201577663760294,0.08700284090909091,0.19611623883247375,1.0
56,229376,922.7,152.08637910215654,0.46,0.32,180.24,198.99525648029535,222.46252374644496,0.5333333333333333,0.2,199.06666666666666,15.191834537188212,186.38033096878618,-0.00934538314311159,372.7789008730934,-0.4484699636540085,0.006577046220954606,0.08422205687830688,0.19537153840065002,1.0
57,233472,926.9,146.20227140403915,0.46,0.34,170.42,191.17548206152867,222.0351698967648,0.5333333333333333,0.23333333333333334,184.6,14.669604055086772,167.94511056071175,-0.010281401971618387,335.9103276117934,-0.4540442736985172,0.007860144876987132,0.10512107329842932,0.19517925381660461,1.0
58,237568,929.0,190.03832852449034,0.56,0.28,169.36,56.707562021949684,200.241927179327,0.23333333333333334,0.43333333333333335,224.46666666666667,16.64167612393697,199.12169516881306,-0.0077675461342247825,398.2584747950236,-0.4573385365307331,0.0063929989429501195,0.08180338541666667,0.19433829188346863,0.0
59,241664,933.6,219.91360320664467,0.62,0.22,170.68,87.07555098106965,222.48381537285843,0.3333333333333333,0.43333333333333335,165.16666666666666,13.276600827773413,156.66928269357393,-0.00690023335487102,313.35190637761895,-0.4628149536522952,0.006821546088339705,0.08674242424242425,0.19402486085891724,1.0
60,245760,937.1,179.4020913652741,0.52,0.26,189.4,139.30483035541408,225.35383537523506,0.43333333333333335,0.3333333333333333,177.03333333333333,15.381841762860615,227.06280759175618,-0.006180670295725577,454.137507947286,-0.46824778206646445,0.005894064857663276,0.072607421875,0.19325295090675354,0.0
61,249856,941.8,159.00068799299984,0.48,0.3,171.72,138.42605988444237,240.77700260540541,0.4666666666666667,0.43333333333333335,132.5,12.403590579827627,158.85365792979366,-0.006382162500496792,317.71960326011134,-0.4742177258367124,0.0068099074809007945,0.08545225155279502,0.19275079667568207,1.0
62,253952,946.8,102.05411781647354,0.38,0.46,143.74,140.72776748441854,225.98255703968272,0.43333333333333335,0.3333333333333333,187.26666666666668,14.463052419821421,363.7422212873186,-0.005866956364895616,727.4956817626953,-0.47771539219788145,0.006284374577392425,0.076171875,0.19267792999744415,1.0
63,258048,952.0,133.71112371374505,0.44,0.42,145.04,137.89193238289818,235.93246681774173,0.4666666666666667,0.43333333333333335,131.63333333333333,12.358077307542166,207.4414323376071,-0.00695677908445378,414.8962906868227,-0.47781973933019944,0.007097114885841767,0.09097782258064516,0.1927739530801773,1.0
64,262144,955.5,141.68431038188902,0.44,0.36,172.32,146.85023391431892,235.96880921792155,0.4666666666666667,0.36666666666666664,155.33333333333334,13.250110991795857,150.66972813526345,-0.009693044674837722,301.3583593102141,-0.4781023065804103,0.007104707249653572,0.09263704608938547,0.19246652722358704,1.0
65,266240,958.3,119.257588214968,0.4,0.4,164.76,181.45825031150085,221.8300771533106,0.5333333333333333,0.26666666666666666,174.63333333333333,13.896440426508585,112.7863484857366,-0.0073693403317736635,225.5869474537047,-0.483309123878437,0.007179809170098163,0.0909966960352423,0.19183379411697388,1.0
66,270336,962.8,133.32598320374234,0.42,0.36,172.64,111.73744195465704,236.9441826179804,0.4,0.5,123.5,11.742146621147791,161.35795597942328,-0.006825253815944393,322.7290731792801,-0.48972509609409637,0.006040052142268493,0.0743385736196319,0.19129687547683716,1.0
67,274432,964.3,154.40322211400166,0.46,0.32,175.92,115.10300982088471,202.12968870216494,0.3333333333333333,0.26666666666666666,254.5,19.30931684176127,238.66055714289348,-0.008488126009857903,477.337602297465,-0.49264390182991824,0.006790023081703111,0.08693033854166667,0.19133707880973816,0.0
68,278528,968.6,173.65315237722953,0.5,0.26,195.34,131.65315688401313,241.09335955938775,0.43333333333333335,0.43333333333333335,150.3,12.863631256421407,211.87932139948794,-0.005167588355681418,423.76848782991107,-0.49151506372972537,0.006186323474761785,0.07627467105263158,0.19107761979103088,1.0
69,282624,971.6,134.33663233585378,0.4,0.26,232.56,214.0471335433535,221.0162475837421,0.6,0.23333333333333334,190.33333333333334,15.178294738133749,137.42728752467943,-0.004361657988603996,274.86280928902005,-0.49400361646776614,0.006146263240067207,0.07629076086956521,0.19107773900032043,1.0
70,286720,973.6,124.33620550138377,0.4,0.34,211.2,169.0411477910246,229.72737804219278,0.5,0.3,177.63333333333333,15.905286645889282,197.42858142852782,-0.010063636121534122,394.8767971674601,-0.49882392200330894,0.006066535416175611,0.07555338541666666,0.1900768280029297,0.0
71,290816,975.9,171.53976828016093,0.52,0.34,155.26,61.2027388160751,221.42025588908743,0.3,0.5333333333333333,151.13333333333333,12.119971545537313,251.64405968075707,-0.007209569372380862,503.30203219822477,-0.5083751791999453,0.005939235386904329,0.07212611607142858,0.18950919806957245,1.0
72,294912,977.7,152.4334972416544,0.46,0.32,190.44,86.28628494094332,223.77979831441326,0.3333333333333333,0.4666666666666667,182.96666666666667,15.7400896469752,157.85262555273894,-0.006056102541075132,315.7168462165048,-0.5139096668947523,0.006512699927264285,0.08298043224299065,0.1890716850757599,1.0
73,299008,977.3,162.33283104350207,0.48,0.3,194.7,125.02221649539896,229.0809125293946,0.4,0.36666666666666664,177.23333333333332,14.249075357119242,281.1722299893697,-0.009351384125572319,562.362659517924,-0.5164291076362133,0.006552431137727884,0.08375651041666667,0.18901798129081726,0.0
74,303104,980.0,133.7979436409173,0.44,0.4,176.28,147.8723965981841,246.39089300624704,0.5,0.43333333333333335,107.53333333333333,10.603024506568909,216.7833619181315,-0.0064480431626240415,433.57910939534503,-0.518732975323995,0.006527824786802133,0.08380208333333333,0.18846622109413147,1.0
75,307200,982.3,163.27261258947513,0.5,0.34,161.62,182.60298229530744,232.867490853149,0.5333333333333333,0.3,176.0,16.674616448084514,178.9808183986338,-0.009572346919408095,357.9802591141744,-0.5232144240757928,0.006946496867888312,0.0907270728643216,0.18824563920497894,1.0
76,311296,984.1,216.41715809318117,0.62,0.28,127.96,140.5258874446593,226.4174461815658,0.43333333333333335,0.3,193.2,14.946039593219757,183.93465762138368,-0.012780616820479433,367.89434677759806,-0.5257291073600451,0.006952729747475435,0.08776041666666666,0.18791146576404572,0.0
77,315392,988.9,192.6963011149021,0.56,0.28,150.42,109.44052202265632,238.23628522560475,0.4,0.4666666666666667,146.3,13.858613562583923,155.8912123318376,-0.006291438006506911,311.7944835794383,-0.5283528782170395,0.007319306489080191,0.09651131465517242,0.18784944713115692,1.0
78,319488,990.2,138.61591431922795,0.44,0.34,186.76,122.48685316718975,227.057295736027,0.4,0.36666666666666664,191.16666666666666,15.649651606877645,143.09953198432922,-0.007477425444327916,286.2134888648987,-0.5278271034359932,0.007409077841051233,0.0953125,0.1878766268491745,0.0
79,323584,990.9,139.94408049089495,0.46,0.4,155.22,138.9644164561724,226.58174099015858,0.43333333333333335,0.3333333333333333,206.5,16.941937639315924,356.49476668039955,-0.010711412696400658,713.0104245503743,-0.5275304324924945,0.006526227698971828,0.084912109375,0.1879294216632843,0.0
80,327680,993.7,168.93771635738264,0.52,0.36,146.88,187.82191596089734,227.78555361862053,0.5333333333333333,0.26666666666666666,178.16666666666666,15.683822305997213,259.3022953380238,-0.007675438087475909,518.6194099946456,-0.5276801186529073,0.005577505349223925,0.070556640625,0.18798086047172546,1.0
81,331776,996.1,179.3229960251458,0.52,0.28,186.08,118.14026003625597,228.65168836443937,0.4,0.4,185.56666666666666,15.719862548510234,198.14216133400245,-0.009707431433101495,396.3032106752749,-0.527338668152138,0.006987280724570155,0.08761574074074074,0.18795135617256165,1.0
82,335872,998.4,195.68825980611564,0.56,0.28,181.44,132.08076105141856,234.7800804304003,0.43333333333333335,0.4,159.1,14.918650007247924,340.82169958750404,-0.009416832569210479,681.6617009480794,-0.5297639238337676,0.00586123875885581,0.070263671875,0.18748338520526886,0.0
83,339968,1000.9,163.36158598713052,0.5,0.36,158.52,216.86443092360975,220.1716863087593,0.6,0.2,188.3,15.679847502708435,242.5567809929282,-0.006821167584256095,485.12667407019666,-0.5332474258996672,0.005194505047195165,0.06293034957627118,0.18735793232917786,1.0
84,344064,1003.9,142.59192839121698,0.44,0.34,184.82,176.03688718585087,236.74889207947535,0.5333333333333333,0.3333333333333333,158.8,15.28377062479655,129.8760517751138,-0.007445064226649408,259.7664537805272,-0.534883731932152,0.006466821461226645,0.08052411417322834,0.18724623322486877,1.0
85,348160,1005.7,105.28784691589493,0.36,0.4,192.44,162.13644163740338,225.63062914469444,0.4666666666666667,0.26666666666666666,196.36666666666667,14.57336439192295,134.2248155593872,-0.00943349634245452,268.4679580688477,-0.5341686457395554,0.0074570585132783486,0.09806857638888888,0.18765968084335327,1.0
86,352256,1007.6,154.57227641559822,0.48,0.36,156.76,169.15504097851354,229.7999740572682,0.5,0.3,214.76666666666668,21.088046330710252,191.41579376441845,-0.006676192861050367,382.8444128727567,-0.5327237766721974,0.007191464564749512,0.09375,0.1874011754989624,1.0
87,356352,1010.0,146.63728571833525,0.46,0.36,168.5,125.7196673104032,235.64545524153186,0.43333333333333335,0.4666666666666667,146.26666666666668,14.55750657717387,198.01179097493488,-0.009744334107455918,396.042523036859,-0.5396789822822962,0.0075335249161491025,0.09875801282051282,0.1865016520023346,1.0
88,360448,1011.6,162.42555639170078,0.5,0.34,163.4,173.9670474496715,239.53140541045087,0.5333333333333333,0.36666666666666664,153.66666666666666,15.544610500335693,222.1029490438001,-0.010677835532737061,444.22670397265205,-0.5497834625942953,0.007510696262811664,0.09605670797413793,0.18555422127246857,1.0
89,364544,1014.3,180.15065723146418,0.54,0.32,144.84,165.18102897694055,235.11353483920882,0.5,0.3333333333333333,158.16666666666666,13.376566569010416,181.79693813451985,-0.011248016924497315,363.61582158235893,-0.5540764527832902,0.007241279141502392,0.09343540268456375,0.18603643774986267,1.0
90,368640,1014.9,210.91871567231522,0.6,0.24,152.66,174.17723046676505,222.09765669944727,0.5,0.23333333333333334,205.83333333333334,15.743101421991984,190.52555252215186,-0.009095398474211267,381.06874392448213,-0.5545424463552072,0.006994584614812576,0.09034547018348624,0.1851499080657959,1.0
91,372736,1016.4,176.53478066910037,0.54,0.34,139.68,169.03674548625193,238.24392288886185,0.5,0.3333333333333333,186.16666666666666,17.847564268112183,135.86806840851833,-0.011425316836597494,271.75843001531325,-0.5636583236461514,0.007370446662160572,0.0950337441314554,0.18466413021087646,1.0
92,376832,1018.6,215.6534563091136,0.62,0.3,133.4,142.9463628122821,232.35808510333592,0.4666666666666667,0.4,160.46666666666667,14.885074098904928,226.20321825326207,-0.004981871200613229,452.41583086496377,-0.5678125077701477,0.006707105098337114,0.0859375,0.18415433168411255,1.0
93,380928,1019.8,221.64833707786238,0.62,0.24,165.9,146.91832551083658,238.66867290070547,0.4666666666666667,0.36666666666666664,159.43333333333334,14.664088952541352,220.2804261525472,-0.009217848242648567,440.57871735890706,-0.5722801513969898,0.006292842066613957,0.07994791666666666,0.18390057981014252,0.0
94,385024,1022.0,188.08472950207712,0.56,0.3,159.74,132.59698993743302,236.2441906407785,0.43333333333333335,0.4,159.16666666666666,14.397293606152138,262.73178447766253,-0.011666789640452755,525.4863366973534,-0.5756144681003657,0.007205863442700984,0.09091906601123595,0.18358208239078522,1.0
95,389120,1023.9,162.17325372687802,0.52,0.38,144.44,244.96883646228173,216.0155612517192,0.6666666666666666,0.2,137.53333333333333,12.224710609515508,222.18293491999307,-0.009547015663216977,444.3843919754028,-0.5819972187280655,0.006219503450362633,0.07742513020833333,0.1826803982257843,0.0
96,393216,1024.9,134.75529177286998,0.44,0.4,168.34,163.4816642266317,236.81877991363305,0.5,0.36666666666666664,147.73333333333332,13.145719774564107,156.51500312954772,-0.0038717105144671364,313.03716602200774,-0.5857451164644528,0.005776755794809729,0.06952103758169935,0.18283863365650177,1.0
97,397312,1026.6,135.25304259904146,0.44,0.4,153.9,113.71412189373945,238.52747088891573,0.4,0.4666666666666667,157.7,14.13280110359192,235.47052604611181,-0.009563586752893044,470.95958632781725,-0.5873340616206161,0.006332445961125821,0.08235950630252101,0.1817227005958557,1.0
98,401408,1028.6,122.93797089646567,0.42,0.42,157.66,215.10212443590024,223.5231008438513,0.6,0.23333333333333334,193.53333333333333,17.2293758114179,275.1622077831324,-0.0027403036888310876,550.3292815719826,-0.5958849234857421,0.003779497402517692,0.04115715579710145,0.18156327307224274,1.0
99,405504,1031.1,154.28870314938663,0.5,0.4,142.74,166.17894966205665,241.86374530129075,0.5333333333333333,0.4,110.13333333333334,12.501171710093816,221.1123524904251,-0.007936782213315988,442.2399694919586,-0.6040291742732128,0.006098007139371475,0.0765380859375,0.17988154292106628,1.0
100,409600,1033.0,159.6221905126939,0.48,0.3,186.92,122.29298808737732,226.90849594837618,0.4,0.36666666666666664,195.4,14.880784819523493,124.27797663489054,-0.0039175202593553895,248.5631771531216,-0.6147085511407187,0.006079888913433912,0.07771620639534883,0.17995423078536987,1.0
101,413696,1034.8,131.07037505057949,0.4,0.3,218.12,191.11320552433,227.57903823302138,0.5333333333333333,0.23333333333333334,199.23333333333332,17.023851935068766,143.0483379125595,-0.008349159292993135,286.1127634525299,-0.6119422387331724,0.007009401783579961,0.0906982421875,0.18019020557403564,1.0
102,417792,1035.2,170.51296755167039,0.54,0.38,126.62,145.11726698793055,221.66972611378858,0.4,0.26666666666666666,231.6,18.918597504496574,210.7280536308108,-0.011570819874263205,421.4786390693267,-0.6130825436510746,0.007598084870999529,0.09674911137440759,0.17952224612236023,1.0
103,421888,1037.3,186.24171248578577,0.58,0.38,121.24,177.0886653024672,243.52780223668336,0.5333333333333333,0.36666666666666664,135.86666666666667,14.691753229002158,269.582093111674,-0.009164312742844535,539.1819044748942,-0.6198722918828329,0.006081323471153155,0.07244466145833334,0.17880624532699585,0.0
104,425984,1039.0,185.79753094134864,0.56,0.34,137.0,175.30466220825687,234.33325443381577,0.5333333333333333,0.3333333333333333,169.23333333333332,16.192947403589883,173.17856387037727,-0.0072283189668877045,346.3709681525302,-0.6247094519174279,0.0062488577546242945,0.0779679648241206,0.17856496572494507,1.0
105,430080,1040.5,177.6675179317629,0.54,0.36,143.56,205.29363546858278,236.19471052645648,0.6,0.3,145.9,14.646263138453167,222.8175092475359,-0.009274394818863203,445.65293763626454,-0.6281940704168275,0.007047771297525181,0.09020712209302326,0.17810878157615662,1.0
106,434176,1042.8,164.18668355964905,0.52,0.4,141.8,149.02990983220525,245.4138390030483,0.5,0.4666666666666667,93.03333333333333,12.565810187657673,210.61803229649863,-0.009627751833371197,421.2546880722046,-0.6316249097386996,0.006704375679449489,0.08787434895833333,0.178128182888031,0.0
107,438272,1044.5,157.69602403144765,0.5,0.38,144.68,253.52796993817776,215.88081283095184,0.7,0.2,156.33333333333334,16.220006092389426,257.5490041128019,-0.008166855371489031,515.1137150089916,-0.6316386315880752,0.0068563847765667225,0.09043921493902439,0.17795126140117645,1.0
108,442368,1045.1,133.31518623828575,0.46,0.46,115.32,122.67531955343144,225.12191274180276,0.4,0.3333333333333333,197.66666666666666,15.52957292397817,202.17771218617756,-0.007858732672563444,404.3705090204875,-0.633741435656945,0.006887715175980702,0.08719075520833333,0.17772206664085388,0.0
109,446464,1047.5,169.53435269110483,0.54,0.42,110.62,171.17837034416485,235.59542215527983,0.5333333333333333,0.36666666666666664,123.2,13.127356269955635,283.7120057060605,-0.010968227364217108,567.4453230358306,-0.6357442750817254,0.007585141550017787,0.10114397321428571,0.17776566743850708,1.0
110,450560,1049.1,178.12378370862595,0.54,0.36,141.88,154.74758357630265,237.38102326837657,0.5,0.4,164.86666666666667,14.912680725256601,186.91248123862528,-0.009234662965702063,373.8427971579812,-0.6393278522924943,0.00688987353139303,0.08955965909090909,0.17705893516540527,1.0
111,454656,1050.4,218.82815369801767,0.62,0.26,144.62,196.22429136093544,232.9851656741751,0.5666666666666667,0.3,143.3,14.758581340312958,191.1057717323303,-0.012141156082119171,382.23517576853436,-0.6504583448171616,0.007668615900911391,0.10362955729166666,0.17603404819965363,0.0
112,458752,1050.3,169.6818037739688,0.52,0.34,146.24,174.121891044663,236.87667115791496,0.5333333333333333,0.3333333333333333,176.76666666666668,19.60753467082977,168.64618328161407,-0.0073230579707836896,337.3063416508903,-0.6615548715953938,0.006939649684027883,0.08790204678362573,0.17514431476593018,1.0
113,462848,1052.1,161.67248922270437,0.5,0.36,153.94,136.40883305309475,229.08411343377406,0.43333333333333335,0.36666666666666664,178.6,14.478528122107187,372.3420138888889,-0.0017989828354782527,744.6869574652778,-0.6669602659013536,0.007421944704320695,0.0954861111111111,0.17508456110954285,1.0
114,466944,1053.2,194.1910420563092,0.58,0.34,147.24,160.92818049171092,233.08324569354653,0.5,0.3333333333333333,153.96666666666667,13.69786043961843,271.11467231114705,-0.009527590630265573,542.2477299372355,-0.6707617702583472,0.005501616764619636,0.07013346354166666,0.1742568165063858,0.0
115,471040,1054.5,166.01964116529862,0.52,0.38,150.48,184.92805554165392,232.34332139600718,0.5333333333333333,0.3,170.56666666666666,15.505074258645376,181.57245689310054,-0.010175584949382772,363.1645945067047,-0.675661503627736,0.0073448629093466585,0.09034778225806452,0.1743839681148529,1.0
116,475136,1055.4,152.5902229542306,0.48,0.36,171.08,91.82800862172714,219.6139887716235,0.3333333333333333,0.4,193.9,15.024323960145315,123.71717678543425,-0.0071473471041986324,247.4479761610936,-0.6764306426048279,0.007040919336646687,0.092523950729927,0.17392268776893616,1.0
117,479232,1057.1,159.88002146911822,0.5,0.36,164.64,88.48126280329662,235.4284076048379,0.36666666666666664,0.5333333333333333,129.53333333333333,11.464759254455567,138.44844241515833,-0.011947516951718569,276.9200998824862,-0.6846376668472993,0.007995172959542083,0.10653081797235023,0.17320236563682556,1.0
118,483328,1058.3,135.91386999957987,0.46,0.44,142.5,231.31493103049723,222.483617841448,0.6333333333333333,0.23333333333333334,172.56666666666666,18.49573458035787,125.8088890350971,-0.009609953494329658,251.63630625144722,-0.6889287663489273,0.007336389719863835,0.09526014819587629,0.1735810488462448,1.0
119,487424,1059.7,132.80245114751304,0.44,0.4,168.08,130.04462109059116,233.7267081693472,0.43333333333333335,0.4,162.83333333333334,16.023091173172,200.23102965178313,-0.009310609043035427,400.4799974229601,-0.686740438879272,0.006934730364814585,0.09047067901234568,0.1733238846063614,1.0
120,491520,1061.1,160.3219241201549,0.48,0.3,194.88,115.8605463143976,224.8494694324363,0.4,0.4,191.96666666666667,17.749167493979137,208.5170259475708,-0.005087565038014542,417.04353633071435,-0.6901602614106555,0.006000986350982478,0.07495857007575757,0.17289575934410095,1.0
121,495616,1062.3,99.49279163260144,0.34,0.36,213.9,145.80243836051744,235.74181442102662,0.4666666666666667,0.36666666666666664,166.1,15.325962447126706,133.45698822296418,-0.004000729327467647,266.92127530209655,-0.6959723142890243,0.007402360286177682,0.09600225225225226,0.17239859700202942,1.0
122,499712,1064.3,131.91468529817982,0.4,0.3,209.92,130.687169067094,230.76376081305895,0.43333333333333335,0.4,188.33333333333334,15.943063388268152,288.81226539611816,-0.015897336648777127,577.6556587219238,-0.6991343721747398,0.007118386100046337,0.091796875,0.17239323258399963,1.0
123,503808,1065.9,193.05408357608303,0.56,0.28,167.36,174.7705301391251,240.26338074705652,0.5333333333333333,0.4,119.03333333333333,14.018870560328166,350.5313182195028,-0.008978261338779703,701.0799003601074,-0.6990358702838421,0.0057265416709318135,0.06839192708333333,0.17246125638484955,0.0
124,507904,1067.5,173.8518313508273,0.54,0.38,137.72,126.3984206856544,238.29684166749098,0.43333333333333335,0.4666666666666667,147.86666666666667,14.496202087402343,187.47971921424343,-0.011078227222067853,374.98089839987557,-0.6982216651309027,0.007037219739748701,0.0898972602739726,0.1725875437259674,1.0
125,512000,1061.6,123.03096177085177,0.44,0.48,134.42,189.35312690853684,239.14553923294338,0.5666666666666667,0.3333333333333333,144.03333333333333,13.731207474072773,235.04483098983764,-0.007751841251350319,470.10447177886965,-0.6943838310738405,0.006732586783861431,0.08800455729166666,0.1733536422252655,0.0
126,516096,1053.4,138.1451725663668,0.46,0.42,148.54,184.22715050047756,224.42380204898177,0.5333333333333333,0.26666666666666666,185.8,15.280860283970833,186.5786654498126,-0.008002231773807088,373.1726421665501,-0.6912387738356719,0.006068722146714257,0.07482580236486487,0.17299428582191467,1.0
127,520192,1046.7,155.5307533925866,0.48,0.34,168.42,255.42586392330435,219.7392176776073,0.7,0.23333333333333334,158.03333333333333,17.93703302939733,147.44077591668992,-0.006172105178971882,294.89320228213353,-0.6942928230681387,0.008054217961965269,0.10403380102040816,0.1730809509754181,1.0
128,524288,1039.0,131.9316609033852,0.42,0.36,187.48,158.3368448742379,246.66420164960996,0.5,0.4,135.63333333333333,14.302300985654195,182.62820960150825,-0.007284693844202492,365.27029630872937,-0.6903562880224652,0.007442021102178842,0.09737413194444444,0.17379099130630493,1.0
129,528384,1027.9,121.96961479435745,0.44,0.46,136.1,157.45954146445374,239.48196423120453,0.5,0.4,150.7,15.68224503993988,297.31186930338544,-0.009859411664850389,594.6427825927734,-0.6820520820717016,0.006131369705932836,0.07703450520833334,0.17447373270988464,0.0
130,532480,1014.4,154.48457246885602,0.5,0.4,124.36,167.60243379207694,208.88949874268997,0.4666666666666667,0.16666666666666666,242.93333333333334,18.2232790629069,180.82349769274393,-0.010926265325785304,361.6681763013204,-0.6737457362314065,0.007255838870575341,0.09274088541666667,0.175221249461174,0.0
131,536576,1004.9,181.7995040647543,0.54,0.32,155.76,175.48908842646748,227.4200741362798,0.5,0.26666666666666666,178.4,14.396665328741074,132.08368184016302,-0.00873088887585634,264.18415295946727,-0.6728997449953478,0.0079164832387795,0.10480339972527472,0.17429551482200623,1.0
132,540672,997.8,149.45824456753746,0.46,0.36,169.04,128.00991596281358,242.98296316892527,0.43333333333333335,0.43333333333333335,156.63333333333333,15.675093126296996,107.53782478332519,-0.005398620055057108,215.08576370239257,-0.6806965661048889,0.006636176260653884,0.081171875,0.17386263608932495,1.0
133,544768,990.5,110.732121033202,0.38,0.42,173.8,231.43038635059185,224.81950698429122,0.6333333333333333,0.23333333333333334,158.96666666666667,15.888701582948366,218.25944550832114,-0.007778700594402229,436.5337731043498,-0.6850623314579328,0.00618128159258049,0.077099609375,0.173733189702034,0.0
134,548864,983.6,184.46185497081535,0.54,0.3,168.0,144.9412201516352,233.14160020612783,0.4666666666666667,0.4,144.73333333333332,14.82184004187584,224.9337983564897,-0.007104917454787276,449.88112450801964,-0.6864703023072445,0.005830724059011448,0.07357954545454545,0.17341488599777222,1.0
135,552960,976.5,194.6776348580992,0.56,0.28,179.16,144.56616466520478,234.24546613988366,0.4666666666666667,0.36666666666666664,167.33333333333334,16.43604900042216,193.55742277665573,-0.00543562109074132,387.12502136230466,-0.6899814551526849,0.006124415420080451,0.07606534090909091,0.17315641045570374,1.0
136,557056,969.8,172.14392799025188,0.52,0.34,177.86,231.07152319429056,217.53981334035373,0.6333333333333333,0.2,168.56666666666666,15.330896234512329,277.6925108689528,-0.0025915988998559234,555.3895170945387,-0.6956717990911924,0.005225233461421269,0.060697115384615384,0.17216309905052185,1.0
137,561152,967.0,191.25016150796975,0.56,0.32,154.46,80.89085787682625,240.35079964305237,0.36666666666666664,0.6,88.23333333333333,9.615465121467908,482.4059326171875,0.0018043119460344314,964.80751953125,-0.7032297571500142,0.005709267593920231,0.05260416666666667,0.1720695197582245,1.0
138,565248,958.9,113.27436139147352,0.4,0.44,160.64,227.93897510262642,218.46756016041263,0.6333333333333333,0.2,169.96666666666667,15.34423173268636,203.55749283244904,-0.005304486129711816,407.1248852734897,-0.7047709864091108,0.005953915882855654,0.07125250668449198,0.17188236117362976,1.0
139,569344,955.7,97.29558836273058,0.38,0.48,175.22,127.78960528083438,234.06733889313344,0.43333333333333335,0.4,169.46666666666667,14.210843529303869,188.230729027132,-0.009388722192941118,376.4795245280308,-0.7098302888659249,0.007311985002772932,0.09476977323008849,0.17112669348716736,1.0
140,573440,956.7,128.58593729311323,0.44,0.42,182.3,165.82597422768657,234.22598264265807,0.5,0.3333333333333333,185.76666666666668,17.98368455171585,173.64664160410564,-0.010737276399352898,347.3140429496765,-0.7165092095732689,0.00776275246462319,0.105810546875,0.17063702642917633,0.0
141,577536,958.0,148.50645563868196,0.48,0.4,177.82,98.58795624572737,226.17759994647318,0.36666666666666664,0.4666666666666667,158.16666666666666,15.712008396784464,178.04164355595907,-0.011411379999481141,356.10538215637206,-0.7203229203820228,0.007188223648699932,0.094384765625,0.17045137286186218,0.0
142,581632,959.8,138.8546078181529,0.46,0.42,164.56,148.80073414651733,248.6207096130757,0.5,0.5,99.56666666666666,12.234126641849677,221.39708748198393,-0.007557381436702583,442.8085584807814,-0.7245542796557409,0.007875609943814772,0.10332716557017543,0.16991502046585083,1.0
143,585728,961.5,121.537019627461,0.42,0.44,137.74,134.99499494602108,233.920774125031,0.43333333333333335,0.36666666666666664,168.16666666666666,16.271533453464507,197.10995115415014,-0.006483556385236708,394.23213754519065,-0.7314417711412063,0.006648197764239152,0.0836489898989899,0.16919013857841492,1.0
144,589824,963.0,57.627424686709745,0.26,0.48,181.34,205.1142731384669,221.8396924304926,0.5666666666666667,0.2,217.6,17.56323596537113,83.37358197773973,-0.005824300122434554,166.75807984234535,-0.7355868318309523,0.007551141434081205,0.0954623287671233,0.1692712903022766,1.0
145,593920,965.5,72.44328501321112,0.3,0.48,172.86,221.34292600958125,232.24381303184992,0.6333333333333333,0.3,129.26666666666668,14.738664702574413,303.59654235839844,-0.004861146304756403,607.2020751953125,-0.7347137649854024,0.006925020537649592,0.084375,0.16931046545505524,1.0
146,598016,967.0,119.24917005719323,0.4,0.4,184.96,128.004429387024,239.0972130926754,0.43333333333333335,0.4,152.96666666666667,12.059561268488567,157.7195841471354,-0.009152537616804087,315.4567414601644,-0.7316262649993102,0.0073524894231619935,0.09368489583333334,0.16984575986862183,1.0
147,602112,968.0,164.62071645262375,0.5,0.34,171.42,108.83074282547108,232.7251951675856,0.4,0.43333333333333335,172.26666666666668,18.295897644758224,136.47848888087918,-0.008777292506970666,272.9738003292599,-0.731512379324114,0.007168712241675805,0.09252533783783784,0.16933181881904602,1.0
148,606208,969.5,171.5100657769247,0.52,0.32,165.2,110.57911937853709,233.06604615490662,0.4,0.4666666666666667,156.3,14.086956119537353,220.90144830322265,-0.006357815898954868,441.8148802490234,-0.7361437182426452,0.004697243362665177,0.05175,0.1690223515033722,1.0
149,610304,971.3,158.35916969384914,0.48,0.3,189.44,165.8498233205372,230.48490294389478,0.5,0.3,183.3,14.824194327990215,223.78512165333964,-0.0070414968332884334,447.58359444495477,-0.7380125245245377,0.00711806473497412,0.09707611386138613,0.16903993487358093,1.0
150,614400,972.7,154.58996436503813,0.48,0.36,159.06,182.9372709211458,234.38325866843394,0.5333333333333333,0.3,176.33333333333334,15.791447065273921,230.75281574316983,-0.009692132136834092,461.5242816992765,-0.7408830996095781,0.006091518775345041,0.07676127958579881,0.1685020923614502,1.0
151,618496,974.4,137.0588501788143,0.46,0.42,139.52,157.405352301445,237.70453236782348,0.5,0.36666666666666664,157.33333333333334,15.206811948617299,307.9394311985048,-0.007070624711727645,615.8922714105173,-0.7431584316141465,0.005459347546116269,0.06712841386554622,0.168680801987648,1.0
152,622592,976.1,161.48834471142555,0.52,0.4,130.66,124.89587476862151,241.49688771301444,0.43333333333333335,0.4666666666666667,138.7,15.179678308963776,223.30999962188912,-0.005569896950685191,446.6304037226071,-0.7421283785652064,0.005984481777000071,0.07591391509433962,0.16845214366912842,1.0
153,626688,977.9,202.6763049694648,0.6,0.32,135.6,152.54281158287594,214.10192398748674,0.43333333333333335,0.23333333333333334,224.0,18.689798553784687,369.71424611409503,0.007082849275320768,739.413584391276,-0.7439525226751963,0.00739153049653396,0.1025390625,0.16847193241119385,1.0
154,630784,979.5,179.40917451512487,0.54,0.32,154.64,122.24034578235849,242.68013476783455,0.43333333333333335,0.5,135.73333333333332,14.95691343943278,228.53570800301915,-0.009332572902352867,457.08933861218196,-0.747087965460972,0.0063999853430910724,0.08043602748691099,0.16783522069454193,1.0
155,634880,980.8,144.20422295649936,0.46,0.34,175.28,224.09436333807759,224.0895967847476,0.6333333333333333,0.23333333333333334,127.83333333333333,12.281311023235322,160.86654814967403,-0.007984099813728352,321.7483141510575,-0.7499008305646755,0.007248779354591129,0.09407552083333333,0.168061763048172,1.0
156,638976,981.8,135.79441490715854,0.44,0.36,188.24,162.30921025395355,232.457110086964,0.5,0.3333333333333333,175.06666666666666,15.449882857004802,191.65870122665015,-0.009734497567973076,383.33612174009664,-0.7493361118512276,0.007650385189276093,0.09891826923076923,0.16767951846122742,1.0
157,643072,982.9,171.31333680330138,0.5,0.28,200.8,194.6602653216851,231.47706495606002,0.5666666666666667,0.3,151.53333333333333,16.831254835923513,314.32726058959963,-0.010259969391821262,628.6742966969808,-0.7543306969106197,0.006113578740041703,0.07897135416666666,0.16730135679244995,0.0
158,647168,983.9,196.79005283997378,0.56,0.26,183.9,167.551033633579,228.54578623613358,0.5,0.3,185.26666666666668,15.437003870805105,200.72486570283965,-0.00927585682396281,401.4675270179649,-0.7601496132163258,0.006482732693918727,0.08170150162337662,0.1666645109653473,1.0
159,651264,985.4,178.76491799774487,0.54,0.32,142.96,243.64774631672162,219.82796264437914,0.6666666666666666,0.23333333333333334,153.63333333333333,16.948988511164984,283.83436698475106,-0.010789341574277857,567.6895343298199,-0.7656205368453058,0.007121021606445569,0.09107848419540229,0.1667296439409256,1.0
160,655360,986.8,202.99605626684476,0.6,0.3,143.78,167.70491743090577,222.97863485823655,0.5,0.3,198.16666666666666,19.287544941902162,175.05695082011977,-0.007187458900979867,350.12750987002727,-0.7649420484116203,0.006721604446954045,0.08891858552631579,0.1666092574596405,1.0
161,659456,988.6,134.15892400441987,0.44,0.38,184.86,129.99736052165383,233.44704322754453,0.43333333333333335,0.43333333333333335,143.36666666666667,16.11857195695241,222.80369992600274,-0.005074615095809256,445.6167777149948,-0.7669531039355957,0.006801486202544465,0.0862193943298969,0.16644683480262756,1.0
162,663552,989.8,104.83076927867451,0.38,0.46,168.52,164.07189928213842,226.63294663293172,0.5,0.3,183.63333333333333,16.47371668020884,184.10699747944926,-0.00927079975052358,368.23176541171233,-0.7723069826325217,0.0072382258233399345,0.09359975961538461,0.1656632125377655,1.0
163,667648,991.9,140.05908768775805,0.46,0.42,146.68,186.4827442422992,243.19263156794304,0.5666666666666667,0.36666666666666664,127.56666666666666,12.374636133511862,232.22535755016185,-0.007776201689719326,464.46548391271523,-0.7778948501304344,0.007004322298733449,0.09107349537037036,0.16545891761779785,1.0
164,671744,993.0,210.7949456448679,0.6,0.28,136.72,130.5437319063087,236.87599247038096,0.43333333333333335,0.4,169.83333333333334,16.638702523708343,192.68539855640788,-0.009413676935976728,385.3888312621438,-0.784980466946419,0.00726422299679195,0.09557156735751296,0.1645418107509613,1.0
165,675840,994.3,218.75383999766655,0.62,0.3,133.24,136.85652558039558,245.71581405857088,0.4666666666666667,0.43333333333333335,145.3,13.828529353936514,211.39687016325178,-0.009388824112115885,422.81172516061076,-0.7948455124531152,0.0069893784528164745,0.0912932389937107,0.16408224403858185,1.0
166,679936,994.5,213.0334123230128,0.62,0.32,136.76,76.41998530304808,210.77295339205833,0.3,0.43333333333333335,222.43333333333334,20.25177827576796,320.88164688746133,-0.010577916520802925,641.7836486816407,-0.7961084549625714,0.005823539321621259,0.071533203125,0.1643434464931488,0.0
167,684032,996.3,249.56208206818442,0.68,0.2,159.42,135.05043629331152,242.57707897601722,0.4666666666666667,0.43333333333333335,122.46666666666667,11.394837852319082,147.62628401194186,-0.007659369413525063,295.26709358265856,-0.793647290855054,0.007697053398591596,0.10474441225165564,0.16445791721343994,1.0
168,688128,997.3,240.35284667361705,0.66,0.2,182.22,256.4162330077345,215.33958511444257,0.7,0.2,180.4,18.572595206896462,213.86545486450194,-0.008180674654431641,427.74647636413573,-0.7934581954032183,0.007298775602248497,0.095654296875,0.1643616259098053,1.0
169,692224,998.3,177.195048852782,0.54,0.34,156.12,108.40864011836925,235.75431542939438,0.4,0.5,127.3,12.379532750447591,201.33564495707668,-0.007656162066471785,402.6858066292696,-0.7983387273411419,0.006753420326208999,0.08702761627906977,0.16361375153064728,1.0
170,696320,999.5,163.3286069197194,0.5,0.32,180.08,98.72815435172502,234.51771496887199,0.36666666666666664,0.4666666666666667,153.46666666666667,13.538538106282552,203.7756151695774,-0.0037609893917935353,407.5579571658618,-0.8058730314855707,0.006719029739767007,0.08334225171232877,0.1632135957479477,1.0
171,700416,1000.5,150.5908544922214,0.48,0.36,172.76,146.71629305501634,234.78291158254808,0.4666666666666667,0.36666666666666664,172.93333333333334,15.948601514101028,246.44130103332174,-0.008975060738223252,492.8997390660862,-0.8112202391112592,0.0076963764544323845,0.10365907485875706,0.16284799575805664,1.0
172,704512,1001.8,175.43377077808492,0.54,0.34,150.26,228.2239301435,235.11581616065243,0.6666666666666666,0.3333333333333333,91.93333333333334,11.45177029768626,217.72600535342568,-0.010218979627416845,435.47163558424563,-0.8139656261916746,0.006715592279776996,0.08830180921052631,0.16254931688308716,1.0
173,708608,1003.2,117.44149307094766,0.42,0.46,142.0,182.0705750454652,229.30186337463627,0.5333333333333333,0.26666666666666666,169.76666666666668,16.038628274202345,160.0811949190886,-0.006698520773130915,320.17496407550317,-0.8170172598050989,0.006490741155373499,0.08203125,0.16241684556007385,1.0
174,712704,1004.6,115.55367075781996,0.42,0.46,145.18,167.8633692972671,231.82339660980307,0.5,0.3,184.23333333333332,14.514004309972128,215.86832357007404,-0.0038534355739694697,431.7435357736987,-0.8181272932263308,0.006273154843446993,0.07976017441860465,0.16236244142055511,1.0
175,716800,1005.8,166.99775673665533,0.52,0.38,137.34,174.03743734767698,235.22952122088907,0.5333333333333333,0.36666666666666664,140.66666666666666,15.283370010058086,228.88579959869384,-0.010029341528813044,457.79084231058755,-0.8191426195204258,0.006185772620180312,0.07804361979166667,0.16215676069259644,0.0
176,720896,1007.0,172.1726014048497,0.52,0.36,149.62,134.19150857417492,238.7524443967463,0.43333333333333335,0.4,150.7,13.046536207199097,152.9246727914521,-0.010192872737675454,305.8689098936139,-0.8219147794174425,0.008405759333717552,0.11647727272727272,0.16192294657230377,1.0
177,724992,1008.3,123.9148305569143,0.42,0.42,167.46,136.22179849273897,235.1319757814593,0.43333333333333335,0.4,149.8,15.044011684258779,206.24056099034564,-0.008717772972333846,412.497732621205,-0.8256272979174988,0.0072318690481206665,0.09231606012658228,0.1616205871105194,1.0
178,729088,1009.3,185.00510866995964,0.54,0.3,174.5,159.38836896438426,237.17697424724577,0.5,0.36666666666666664,158.76666666666668,14.556821622451146,253.81166970609414,-0.005978817910407529,507.6344589079269,-0.829129559223098,0.006828801316030399,0.08668718434343434,0.16147765517234802,1.0
179,733184,1010.1,188.78221837895188,0.54,0.26,197.64,220.62763385035382,231.1882287309677,0.6333333333333333,0.3,140.86666666666667,13.748054718971252,113.4074730231748,-0.008370481564919327,226.83086283722815,-0.8286948946484348,0.00663055824143104,0.08244243421052631,0.16173718869686127,1.0
180,737280,1010.9,135.6638087862704,0.44,0.38,171.84,112.9198290949311,232.07148912013244,0.4,0.4666666666666667,155.16666666666666,15.87950692574183,162.58722870584597,-0.009499749878102943,325.19262916683533,-0.8247371325221087,0.008202396230675627,0.11117632772020726,0.16204318404197693,1.0
181,741376,1012.0,138.08247333248306,0.46,0.42,138.98,156.54778405542984,242.76093792697537,0.5,0.4,136.5,13.54811239639918,186.61700481321753,-0.007910033966210194,373.2490108769114,-0.8208929827300514,0.006822760412810234,0.08686642530487805,0.1622200310230255,1.0
182,745472,1012.6,146.39658033325236,0.48,0.42,131.22,197.4238164403393,231.11202696364037,0.5666666666666667,0.3,152.5,14.105550305048626,152.85440851847332,-0.008745316435427716,305.72548624674477,-0.8230536816020807,0.006696399007341825,0.08328450520833333,0.1616879403591156,0.0
183,749568,1014.0,132.2093104132499,0.46,0.46,111.18,203.61289407192666,229.2273732593594,0.6,0.3,129.0,12.175709667801858,341.5149355873543,-0.0078058266273936154,683.0446351995122,-0.8299695744415639,0.006750210644339496,0.08504695595854922,0.16114643216133118,1.0
184,753664,1014.6,123.84915049272067,0.44,0.46,125.74,201.1544604228395,230.05136863771625,0.5666666666666667,0.26666666666666666,168.26666666666668,15.391179672876994,187.09505507525276,-0.006245142372790724,374.20176554661174,-0.8329934895622964,0.006151266841163092,0.07448682598039216,0.1614243984222412,1.0
185,757760,1016.0,117.97938233063495,0.4,0.38,184.54,237.65025622610767,220.20614222166915,0.6666666666666666,0.23333333333333334,151.83333333333334,15.742485062281292,158.07119369506836,-0.004731173994129195,316.1510188383215,-0.8325536349240471,0.00626196667606778,0.07798713235294118,0.1611408293247223,1.0
186,761856,1016.6,141.6321583208427,0.44,0.34,194.24,234.7516509678039,227.47344131621966,0.6666666666666666,0.26666666666666666,148.9,16.616054677963255,258.87490940093994,-0.010686655563767999,517.7703395843506,-0.8399186752736568,0.006831596417274947,0.08603515625,0.16011983156204224,0.0
187,765952,1018.3,154.35995918513325,0.5,0.42,136.54,187.12075146468925,240.87099286155913,0.5666666666666667,0.36666666666666664,102.76666666666667,11.548290795087814,172.3215390504712,-0.0085451010220351,344.65931389801693,-0.850069961408629,0.00703485772339967,0.0922103102189781,0.15984240174293518,1.0
188,770048,1019.3,139.9568879958889,0.46,0.42,134.34,162.67368047692142,239.35574582353166,0.5,0.4,153.06666666666666,15.381244150797526,182.08007196279672,-0.003747711735143817,364.1667848395173,-0.8528017888407735,0.006053135365236705,0.07451923076923077,0.15969344973564148,1.0
189,774144,1020.0,129.87090753128257,0.44,0.44,134.28,210.8712707477928,225.8960633701755,0.6,0.26666666666666666,165.56666666666666,16.531642309824626,183.11680207769555,-0.0055422844275473115,366.24383425425333,-0.8521281319210329,0.006168144116885063,0.07760730421686747,0.1597440242767334,1.0
190,778240,1021.5,215.99419765910093,0.62,0.28,133.94,185.13632992864416,237.30999770523607,0.5666666666666667,0.36666666666666664,131.73333333333332,14.514806326230367,224.85022626604353,-0.007257332459890417,449.71411173684254,-0.8506946755307061,0.007107449506293051,0.08998325892857142,0.1597798466682434,1.0
191,782336,1022.4,225.0587864359829,0.64,0.28,130.92,179.80389641452965,231.24162711028006,0.5333333333333333,0.3,177.7,17.257486418883005,243.32218489006385,-0.009284276510611991,486.6620845509999,-0.8508406566150153,0.006986272765731263,0.08893034825870647,0.15969672799110413,1.0
192,786432,1023.7,158.970174346357,0.5,0.38,141.06,151.09082727577825,243.55394734662028,0.5,0.43333333333333335,123.76666666666667,13.149540466070174,182.27701752909113,-0.004702326232107,364.562585552087,-0.8535669523008754,0.007012683713777263,0.0918627106741573,0.15910011529922485,1.0
193,790528,1024.8,145.4534377106952,0.46,0.34,177.2,190.10542042012497,221.34704989065781,0.5333333333333333,0.2,219.2,17.288315072655678,422.93603897094727,0.009080249699763954,845.8530578613281,-0.8582892045378685,0.007366197445662692,0.0859375,0.15905025601387024,1.0
194,794624,1025.7,172.27853236478174,0.52,0.3,181.72,178.76020938968617,245.3007052635805,0.5666666666666667,0.4,112.36666666666666,11.859444248179594,179.14769245524263,-0.008772917431599336,358.3120761920454,-0.8584796617471098,0.007276780829393173,0.09586239270386267,0.15917593240737915,1.0
195,798720,1026.9,163.74131694411753,0.5,0.32,187.48,186.84442352159488,243.58606014495172,0.5666666666666667,0.36666666666666664,119.66666666666667,12.235808928807577,192.46629726352975,-0.006351700389702151,384.9444440016106,-0.8564687495800987,0.006734955032467286,0.08681203358208955,0.1590994894504547,1.0
196,802816,1027.8,129.87674384352317,0.42,0.38,180.36,158.08326870591014,229.56485830845173,0.4666666666666667,0.3,190.8,16.838620106379192,213.6363525390625,-0.004804539525260528,427.2814601191768,-0.8583693402784842,0.006851946191724252,0.08677662037037037,0.15904496610164642,1.0
197,806912,1028.4,127.97903928172224,0.4,0.36,194.3,198.3274427354944,228.80764496185947,0.5666666666666667,0.26666666666666666,177.76666666666668,17.209544865290322,193.68607427306094,-0.006887846156733774,387.3850668567722,-0.8606729381165262,0.006355621139676768,0.08070709745762712,0.15853777527809143,1.0
198,811008,1029.0,151.57832189653692,0.46,0.34,176.5,134.45225368123405,219.12036079543643,0.4,0.3,209.16666666666666,16.05379098256429,209.07188132149832,-0.006869380180502222,418.1566371372768,-0.869022018001193,0.007807307515204662,0.10360863095238096,0.15766659379005432,1.0
199,815104,1030.2,168.32559266947837,0.5,0.32,188.46,146.1890010747143,238.49229318809643,0.4666666666666667,0.4,157.53333333333333,14.859305903315544,173.32247918890428,-0.006557342870695184,346.65719107694406,-0.8777551743411278,0.006232435825865629,0.07854893410852713,0.15728238224983215,1.0
200,819200,1031.3,180.4305904615513,0.52,0.28,194.24,175.6887054321128,238.0214938097427,0.5333333333333333,0.3333333333333333,166.96666666666667,14.337463196118673,207.49172203357404,-0.0065248647573380135,414.99561696174817,-0.8823306629290948,0.00818070181263372,0.10677083333333333,0.15688838064670563,1.0
201,823296,1032.6,210.6234347315542,0.6,0.28,154.86,143.29259418734557,243.18381677269312,0.4666666666666667,0.43333333333333335,130.46666666666667,12.219206111629804,235.08324239340172,-0.007600579191986696,470.18081039980234,-0.8846033035990704,0.006675840847766453,0.08236069277108433,0.15685534477233887,1.0
202,827392,1034.0,196.549977777172,0.58,0.34,141.7,221.62505467933903,228.80344844173916,0.6333333333333333,0.26666666666666666,126.76666666666667,11.224063197771708,230.55026833216348,-0.008111186092719436,461.1158760388692,-0.8838359223057827,0.00633553182221173,0.07564290364583333,0.15708091855049133,1.0
203,831488,1035.2,197.67413149964912,0.58,0.32,138.9,121.04093988284718,230.4862386476709,0.4,0.4,164.83333333333334,14.021755254268646,211.51484314212954,-0.007514346337960503,423.0438352755415,-0.88170916423565,0.007202323804405041,0.09765625,0.15701240301132202,1.0
204,835584,1035.7,187.13733483085977,0.56,0.32,142.24,157.2449828292287,221.7997804049186,0.4666666666666667,0.3,186.46666666666667,18.334898591041565,218.07900295367818,-0.007446996000934543,436.17202388344475,-0.884596057709931,0.007172471159972207,0.09370484104046242,0.15667393803596497,1.0
205,839680,1036.7,176.61197729996093,0.54,0.34,147.44,194.95551598741167,226.84366334716003,0.5666666666666667,0.26666666666666666,167.53333333333333,13.700210460027058,192.00579560597737,-0.0071493022454281645,384.025000890096,-0.8864025379220645,0.0070632578805089,0.08919270833333333,0.15669193863868713,1.0
206,843776,1038.4,175.57383766321536,0.52,0.3,176.76,241.57550694549764,218.85655730304225,0.6666666666666666,0.23333333333333334,136.23333333333332,14.220595661799113,188.01420928210746,-0.0011004720382937572,376.0297311922399,-0.8861162284525429,0.006781836738809943,0.08879573170731707,0.15671563148498535,1.0
207,847872,1039.0,118.4033920189779,0.38,0.36,206.6,165.80188677776232,223.47586840254735,0.4666666666666667,0.23333333333333334,227.26666666666668,16.88281244635582,121.52842281175697,-0.005661336651098901,243.0672839620839,-0.8861171318137128,0.007520269227983511,0.09822237318840579,0.15656383335590363,1.0
208,851968,1040.3,136.28103474866361,0.42,0.36,184.78,123.50653941182722,239.9863906748064,0.43333333333333335,0.4666666666666667,129.93333333333334,11.443210846185684,164.2699814517941,-0.004358742971269958,328.54779147257847,-0.8884534703946747,0.007046020670126365,0.08566095132743363,0.1565106362104416,1.0
209,856064,1041.5,152.80454560917667,0.46,0.34,173.36,128.2710635114555,232.0403497626982,0.43333333333333335,0.4,144.43333333333334,11.376097150643666,146.56812204214242,-0.003870027834692827,293.1430999755859,-0.8889870542746324,0.00876344866835727,0.11520432692307692,0.1564764529466629,1.0
210,860160,1042.7,163.05719930347286,0.48,0.3,196.44,88.76391775151424,216.70654973165904,0.3333333333333333,0.43333333333333335,205.8,15.964988843599956,181.21159306278935,-0.0007105398733444788,362.4237199006257,-0.8898058467441134,0.007779494729927844,0.10062210648148148,0.1563718169927597,1.0
211,864256,1043.3,229.00069951584902,0.62,0.2,179.96,129.28433618256543,232.9276668166043,0.43333333333333335,0.4,142.16666666666666,10.86022047996521,193.36656907399495,-0.010014423386504252,386.75227502187096,-0.8911554525295894,0.00621811352223934,0.07674153645833333,0.15621711313724518,0.0
212,868352,1044.4,208.54283782094004,0.6,0.32,140.6,242.67524988965332,212.42467084683747,0.6666666666666666,0.2,149.3,14.96486775279045,199.58676438990648,-0.005275264321788539,399.1831844919096,-0.8951286673545837,0.007488757042532287,0.0978150406504065,0.15561270713806152,1.0
213,872448,1044.8,234.69309627085252,0.66,0.26,131.92,202.72115690345086,216.75521290394715,0.5666666666666667,0.2,191.16666666666666,13.793261118729909,234.91791505768825,-0.010038251624586927,469.8549963722766,-0.9007075798343605,0.006511049239104832,0.08318661971830986,0.1553526669740677,1.0
214,876544,1045.7,170.80979622931602,0.52,0.38,126.76,156.70646049824742,240.54799647911048,0.5,0.36666666666666664,149.36666666666667,11.63882186015447,203.42406765619913,-0.006901750763063319,406.8610258102417,-0.9032066129148006,0.008078210885287262,0.10772026909722222,0.15526588261127472,1.0
215,880640,1047.2,129.08455855026438,0.4,0.38,182.0,129.99608347323294,247.61169795689077,0.4666666666666667,0.5,93.56666666666666,9.730444224675496,134.83776917120423,-0.005881047370194486,269.68639211943656,-0.9054624661050662,0.007201655676136866,0.09217171717171717,0.1550118327140808,1.0
216,884736,1048.6,129.94723620130418,0.4,0.36,206.54,126.48098158835144,230.15218622603697,0.43333333333333335,0.43333333333333335,135.23333333333332,11.57161063402891,136.363144816523,-0.006166520350329254,272.73770718781844,-0.9082598960917929,0.00688058374773549,0.08641304347826087,0.15485051274299622,1.0
217,888832,1049.4,175.40633116797596,0.5,0.28,194.92,44.24364468493415,200.01111799870395,0.23333333333333334,0.5,187.76666666666668,12.738910754521688,194.5474947387097,-0.007089636866094581,389.1082534042059,-0.914795458316803,0.008454179093378651,0.11291743259803921,0.1538364589214325,1.0
218,892928,1050.0,183.52639221670896,0.54,0.3,159.8,165.12801831509054,232.02967297110658,0.5,0.3333333333333333,157.2,14.278979278852542,212.63375762268737,-0.008747441973025492,425.28409282977765,-0.9244830051621238,0.008168315476543465,0.1063487293956044,0.15357814729213715,1.0
219,897024,1050.9,123.3764748459322,0.42,0.44,144.24,204.4386815500326,237.423373459312,0.6,0.3333333333333333,137.26666666666668,13.466308466593425,188.0498847416469,-0.007321468235126563,376.1134890965053,-0.9291137448378972,0.006803079608029553,0.08883928571428572,0.15313920378684998,1.0
220,901120,1052.1,144.94917991494617,0.48,0.44,117.3,184.25322485615206,232.13840020121634,0.5333333333333333,0.3,153.26666666666668,12.262299497922262,225.02892379005357,-0.0061297173805461075,450.06917201882544,-0.9322055731669511,0.0069492466697045185,0.08814201732673267,0.15321308374404907,1.0
221,905216,1053.0,183.13216696060988,0.54,0.32,149.26,213.3494639483682,226.7288087586711,0.6,0.26666666666666666,155.06666666666666,13.668699105580648,202.3317695575985,-0.009646978310711396,404.6818971060664,-0.9340982062569081,0.007253041245358808,0.09500939207650273,0.1527835726737976,1.0
222,909312,1054.0,125.53908204542185,0.42,0.4,161.02,191.9471227471852,229.7835259683175,0.5666666666666667,0.3,155.9,14.431995677947999,192.5034031080163,-0.006931077211123446,385.0197313391644,-0.9365103312160658,0.006101902286805536,0.07744565217391304,0.15292832255363464,1.0
223,913408,1054.7,118.71509403121782,0.4,0.38,182.6,156.9160685547811,232.68173177552814,0.4666666666666667,0.3,194.8,17.395828932523727,135.00486502887534,-0.006959805067414217,270.0227102375717,-0.9376311439404384,0.007363963048074314,0.09436825539568346,0.15249377489089966,1.0
224,917504,1055.7,137.5896514594447,0.44,0.36,170.48,323.39229273898223,161.80038446022385,0.8333333333333334,0.06666666666666667,157.16666666666666,16.54234676361084,214.47405846637227,-0.010672481147491414,428.96852324112604,-0.9418346980343695,0.008148757566738388,0.10448369565217391,0.15235868096351624,1.0
225,921600,1055.6,154.83305742004285,0.5,0.42,120.5,141.26200365093447,217.9504322906886,0.4,0.23333333333333334,248.33333333333334,14.950146875778834,196.72923686021676,-0.008864864209906821,393.47526428597104,-0.9430251114207543,0.006748000375549395,0.08644075920245399,0.15225107967853546,1.0
226,925696,1057.4,124.36060281972843,0.42,0.4,162.8,243.01083074058485,222.85246335667227,0.7,0.26666666666666666,104.76666666666667,10.495819775263469,112.31097563257757,-2.801729331039033e-05,224.62106092920843,-0.944069412519347,0.006630095534624075,0.0855689858490566,0.152439683675766,1.0
227,929792,1058.7,163.01917171882664,0.5,0.3,173.52,207.1697755559325,227.7044394760405,0.6,0.3,134.76666666666668,12.170860417683919,263.2771439297509,-0.006334100099891879,526.5660207034978,-0.9425751257488746,0.008556886812501396,0.11554747137404581,0.1523495316505432,1.0
228,933888,1059.7,180.36333448529697,0.54,0.32,151.2,173.34784507088824,245.32192778916297,0.5333333333333333,0.36666666666666664,154.26666666666668,15.022282761335372,275.6757700066817,-0.005973858148137336,551.3625497650681,-0.9460819285166892,0.006540779798422335,0.08281935307017543,0.15195614099502563,1.0
229,937984,1060.6,180.17881690915624,0.54,0.34,148.72,160.25470139854937,237.60036676505726,0.5,0.36666666666666664,145.16666666666666,13.626178757349651,264.9172775785802,-0.004554947544846915,529.8427066264179,-0.9491853515307108,0.006694753492503601,0.08465748587570622,0.1519644558429718,1.0
230,942080,1061.5,166.36236532689426,0.5,0.34,179.08,204.18647857217877,229.73157187809116,0.6,0.3,149.0,15.12449723482132,179.20845633493343,-0.008674981110257057,358.4333118922274,-0.9510584926941026,0.007719280795049919,0.10332306338028169,0.15170340240001678,1.0
231,946176,1062.5,144.63202310879592,0.44,0.32,201.5,178.9883049049304,230.61677638737564,0.5333333333333333,0.3,173.4,14.444669946034749,184.18374500078025,-0.004265368162395106,368.3750678780153,-0.9535802996035704,0.007627476791649596,0.10107925257731959,0.15187950432300568,1.0
232,950272,1063.2,166.12442838891766,0.46,0.22,221.1,192.0422231364407,225.78002562898422,0.5333333333333333,0.2,208.33333333333334,15.451984063784282,156.94743873703646,-0.003094593272872374,313.90012262908505,-0.9512952448616565,0.007074784136600267,0.08830325704225352,0.15195918083190918,1.0
233,954368,1064.1,196.45972336234735,0.6,0.36,113.76,238.65589833973524,222.81143058202503,0.6666666666666666,0.26666666666666666,138.1,15.38282650311788,262.36150499669515,-0.012071587202116483,524.746194141667,-0.9509742045547904,0.008281459709595344,0.11163776676829268,0.1518922597169876,1.0
234,958464,1064.7,178.3072468532586,0.54,0.34,130.94,107.57301670655856,223.41745036415784,0.36666666666666664,0.4,182.03333333333333,16.86352914571762,185.0160639545705,-0.006622545052282881,370.04442165865754,-0.9525531371041099,0.007172844335805661,0.09336324257425743,0.15168166160583496,1.0
235,962560,1065.9,139.49639559697587,0.44,0.38,153.08,195.74212143229684,235.1804613280067,0.5666666666666667,0.3,145.6,15.990907740592956,164.4453234465226,-0.005995929575241778,328.9016856317935,-0.9556475171576375,0.006297190886233811,0.080078125,0.15134647488594055,1.0
236,966656,1066.5,116.12148247497362,0.4,0.42,168.14,135.87315816099232,215.39446357441685,0.4,0.26666666666666666,229.03333333333333,19.354910826683046,276.39212439195165,1.652085415597232e-05,552.7832526440891,-0.9589088784073884,0.006340565687080599,0.07657724056603774,0.15123972296714783,1.0
237,970752,1067.4,205.90937109699934,0.6,0.3,151.38,188.41984906829464,235.54634500395844,0.5666666666666667,0.3333333333333333,128.36666666666667,11.49306169350942,182.90229301218605,-0.009379584485082172,365.82238558903794,-0.9611505445527153,0.006864776874840991,0.0899635736196319,0.15083831548690796,1.0
238,974848,1068.4,222.49421532893834,0.62,0.24,164.44,167.09818025706844,236.77799184320884,0.5,0.3333333333333333,159.3,14.59099135796229,177.14663392021544,-0.005326143693223241,354.3029468627203,-0.9658897678766932,0.007072879905102863,0.09130859375,0.15055367350578308,1.0
239,978944,1069.8,253.81943486634435,0.68,0.14,179.1,204.27473347954663,242.16169227336476,0.6,0.3333333333333333,124.0,12.418673078219095,205.10526726229878,-0.008021807473077871,410.22560222036884,-0.9686767374909164,0.007600102822090055,0.10276845637583892,0.1504513919353485,1.0
240,983040,1071.2,227.26425928684066,0.64,0.24,141.04,195.21775946776043,242.06656911480115,0.6,0.36666666666666664,125.03333333333333,14.175461133321127,189.03764851888022,-0.006808313714595986,378.0879380469229,-0.9688674871828041,0.007529340248427116,0.09892003676470588,0.1504981815814972,1.0
241,987136,1071.7,226.5211365069989,0.64,0.26,137.84,197.56722876135075,223.21853706858172,0.5666666666666667,0.26666666666666666,166.6,15.549730396270752,229.7311488620484,-0.011129275607511153,459.4835793510985,-0.9693839279986218,0.008020215087637141,0.10643991712707182,0.15020042657852173,1.0
242,991232,1072.4,203.57010676282374,0.6,0.34,117.22,121.0619881066912,245.45561949098249,0.43333333333333335,0.5,128.13333333333333,12.341861581802368,162.8717704151952,-0.006765980852854459,325.7560963297999,-0.9756505139345346,0.006958773282497341,0.08823128633720931,0.14958004653453827,1.0
243,995328,1073.3,168.99115516926005,0.5,0.32,163.72,221.23059569042982,227.35395587163947,0.6333333333333333,0.26666666666666666,145.9,14.112202066183091,200.5038824690149,-0.001175760232070659,401.0091395276658,-0.9822510220903031,0.0068174025757198635,0.08689328457446809,0.1493401825428009,1.0
244,999424,1074.0,179.00944414415207,0.54,0.32,151.7,161.29638244043537,230.80522459958945,0.5,0.3333333333333333,166.43333333333334,15.083694843451182,189.93022791544595,-0.007311351836607274,379.8740995195177,-0.9867301686770387,0.007275383851568525,0.09418402777777778,0.148803249001503,1.0
245,1003520,1074.8,183.0354140604577,0.56,0.36,129.06,143.1337510254416,239.69731478570074,0.4666666666666667,0.4,161.56666666666666,14.027547450860341,186.7663504977186,-0.008060807773076436,373.5478301489053,-0.992831778626482,0.0072860003883379095,0.09178046218487394,0.14846006035804749,1.0
246,1007616,1075.4,190.61441103490938,0.56,0.3,153.54,150.72588626780745,237.21096283802464,0.4666666666666667,0.36666666666666664,154.5,13.419343372186026,139.87840828928006,-0.00953214620651842,279.7748828291082,-0.9960576093115774,0.00796465213144464,0.10427295918367346,0.14839577674865723,1.0
247,1011712,1076.1,157.58275651695942,0.48,0.32,173.54,126.89332031077693,217.87260756307032,0.4,0.3,215.93333333333334,18.339713496466477,129.3495614188058,-0.004127766796579909,258.7063770596943,-0.9977774752510918,0.00802196336111852,0.11011904761904762,0.1480465531349182,1.0
248,1015808,1077.2,165.29391174723204,0.48,0.26,197.54,213.04730129178878,222.12794427211085,0.6,0.23333333333333334,154.56666666666666,13.871034848690034,200.26549867483286,-0.00022351988949454748,400.53044069730316,-1.0020124247440925,0.0068249494965689685,0.08533653846153846,0.14800894260406494,1.0
249,1019904,1077.2,151.92953895438188,0.46,0.32,188.8,181.28966391446568,212.80824919529778,0.5,0.16666666666666666,239.76666666666668,16.892462628583115,155.7163643836975,-0.008511487478972412,311.4487468242645,-1.0017463646829128,0.007447876707010437,0.0919189453125,0.14798009395599365,1.0
250,1024000,1078.6,142.11681941356912,0.44,0.34,192.84,255.96095776204447,211.90988589816448,0.7,0.2,147.53333333333333,13.985937182108561,245.70616149902344,0.002003133483231068,491.4073089599609,-1.0023701786994934,0.006870706053450704,0.087890625,0.1479683518409729,1.0
251,1028096,1079.4,153.58739841674716,0.48,0.34,172.44,222.3909997362207,231.17931745998771,0.6333333333333333,0.3,139.2,16.18224989573161,144.9879352168033,-0.006346027232020309,289.98755545365185,-1.0038026430104907,0.00618572581228555,0.0795641447368421,0.14773334562778473,1.0
252,1032192,1080.2,158.804588051318,0.48,0.28,195.7,185.3550374438004,233.5757342308673,0.5666666666666667,0.3333333333333333,169.06666666666666,17.1874489068985,143.3113297493227,-0.005718299748516211,286.6330902755901,-1.006297803694202,0.006856733484954763,0.08555947580645161,0.147606760263443,1.0
253,1036288,1080.5,163.54805752330222,0.48,0.32,171.5,167.31346385434253,229.68215027281036,0.5,0.26666666666666666,186.56666666666666,14.003700129191081,198.72523877478594,-0.007676655118236479,397.4648174765884,-1.0103216897572902,0.007595165046733736,0.09682843543046357,0.14703220129013062,1.0
254,1040384,1081.2,171.43765352927326,0.5,0.32,170.68,164.503316657688,231.34425798611593,0.5,0.3333333333333333,173.33333333333334,15.365102736155192,273.40609099648213,-0.0033996217958205802,546.8179595253685,-1.0161487744613127,0.00507068159905347,0.06041370738636364,0.1468186378479004,1.0
255,1044480,1082.4,181.18437934567774,0.54,0.3,162.6,209.87868185868774,241.59691332067436,0.6333333333333333,0.36666666666666664,91.06666666666666,11.868311874071757,218.12266495204207,-0.005507644826066818,436.255330605082,-1.018506361706422,0.006113601938387988,0.0778542698019802,0.14665251970291138,1.0
256,1048576,1083.3,171.78300303707385,0.52,0.34,147.2,139.03322981069613,245.44490723562475,0.4666666666666667,0.4666666666666667,121.5,13.74479322830836,185.72722185104288,-0.011080656708641485,371.47558846703186,-1.0210070399677051,0.007995038610798392,0.10561497326203209,0.14640159904956818,1.0
257,1052672,1083.4,150.26593682910826,0.48,0.4,152.14,126.38012438758751,227.17480723804405,0.4,0.3333333333333333,203.56666666666666,19.307084496816,204.0504253932408,-0.010785254022283922,408.1213885352725,-1.022954709756942,0.007580802274779195,0.09720982142857143,0.14631173014640808,1.0
258,1056768,1083.4,190.49260027524065,0.58,0.36,138.82,134.12517732682275,230.6006660734033,0.43333333333333335,0.36666666666666664,229.0,21.42170090675354,263.23990868462454,-0.006994434068393376,526.4927691989475,-1.0247292836507162,0.00781079393863264,0.10364583333333334,0.1461803913116455,1.0
259,1060864,1084.1,162.0894074650374,0.5,0.36,162.02,144.03878432962813,238.50249401285953,0.4666666666666667,0.36666666666666664,177.63333333333333,16.09690033197403,227.31762914374323,-0.00791214146918737,454.6500455648592,-1.025483773486449,0.007159441935433315,0.09475556930693069,0.14623039960861206,1.0
260,1064960,1085.1,118.73323909812956,0.4,0.4,172.02,190.61219336023268,230.14688605126426,0.5666666666666667,0.3333333333333333,145.4,15.228351306915282,184.9280546005458,-0.00805320752121202,369.8711801816339,-1.028622328418575,0.006921438715573758,0.09072666952054795,0.1456337571144104,1.0
261,1069056,1084.2,110.45420931172306,0.4,0.46,137.88,178.97510905856657,231.60532709330764,0.5333333333333333,0.3,171.76666666666668,14.696396740277608,177.90284438454427,-0.008647732243636729,355.8219455462046,-1.0342296306333394,0.008127064504443518,0.10759391191709844,0.14578410983085632,1.0
262,1073152,1085.2,139.45465618386532,0.46,0.42,141.64,175.2250711174201,231.29537470747587,0.5333333333333333,0.3333333333333333,140.26666666666668,10.668686719735463,204.1073994954427,-0.00898658661947896,408.2317339070638,-1.0342568278312683,0.006801363810275992,0.08669270833333333,0.14547841250896454,1.0
263,1077248,1085.6,157.10402038311153,0.5,0.38,145.66,189.06831806005053,237.44947104088925,0.5666666666666667,0.3333333333333333,141.66666666666666,13.690443777044614,210.05720524013978,-0.010177507586972251,420.13372802734375,-1.0404983415653568,0.007715180577193411,0.09953779450261781,0.14494799077510834,1.0
264,1081344,1086.1,141.1350281190452,0.46,0.38,154.78,178.5969113669693,230.82350713053,0.5333333333333333,0.3,173.6,17.896678459644317,184.3760828478583,-0.0032710126994563073,368.75766622609103,-1.0454496361058334,0.005289944141685706,0.06175915948275862,0.14488810300827026,1.0
265,1085440,1087.0,131.89190105664366,0.42,0.36,177.96,184.17826009163312,236.21271828621818,0.5666666666666667,0.3333333333333333,152.36666666666667,15.459926386674246,185.8495839716314,-0.00415049047096745,371.70643062381953,-1.0475316715764476,0.006596274696965958,0.08306146978021978,0.14474545419216156,1.0
266,1089536,1087.8,142.31323703212018,0.44,0.36,179.66,142.78316475942492,235.38851478220656,0.4666666666666667,0.4,152.83333333333334,14.705518633623917,190.15956889799912,-0.003508918580469968,380.32511445205574,-1.05043390806574,0.006945324065775549,0.08810447080291971,0.14463916420936584,1.0
267,1093632,1088.2,141.62383988799056,0.46,0.42,153.12,167.43274174788615,232.0411115141209,0.5,0.3333333333333333,176.06666666666666,15.366958475112915,237.59477859668516,-0.006052898967722326,475.200610728746,-1.0531531471884652,0.007337674304968521,0.09122629915730338,0.14404281973838806,1.0
268,1097728,1088.9,211.4421188121406,0.62,0.32,141.46,211.51069594995735,227.05098293545169,0.6,0.26666666666666666,164.96666666666667,16.583896013100944,199.95185003707658,-0.006445822285126839,399.91553121538306,-1.06076505201966,0.007238706167259101,0.09331273320895522,0.1436772644519806,1.0
269,1101824,1089.4,182.93186636286504,0.54,0.32,163.7,163.57498670426187,235.1250945981734,0.5,0.3333333333333333,178.93333333333334,19.45366806189219,203.4388164254122,-0.008107818265142308,406.8927865139274,-1.064005039459051,0.007582608695672608,0.09947311046511628,0.14350807666778564,1.0
270,1105920,1090.3,136.5878833777198,0.44,0.38,164.24,119.62618926910123,244.06050186791654,0.43333333333333335,0.5,140.46666666666667,15.149137302239735,209.68250346936676,-0.003835400541950213,419.3716184917249,-1.0661018271195262,0.008311619200302583,0.10896381578947369,0.14342524111270905,1.0
271,1110016,1091.6,113.71121707067188,0.38,0.38,189.08,119.40230811270773,240.9149394756704,0.43333333333333335,0.5,108.73333333333333,10.873023291428884,142.48606481307593,0.000925393178103826,284.9692085461739,-1.0669957399368286,0.006221893410652111,0.08032852564102565,0.14333879947662354,1.0
272,1114112,1092.4,116.04889172335373,0.38,0.36,209.72,226.71105366175289,227.42239431938216,0.6333333333333333,0.23333333333333334,160.13333333333333,14.637186249097189,139.0457224962188,-0.006839801687974392,278.1040581028636,-1.06775766829165,0.006952266210247195,0.08841463414634146,0.14335286617279053,1.0
273,1118208,1093.1,154.26023520696918,0.46,0.32,188.44,88.89100441461727,221.47543826531324,0.3333333333333333,0.4,198.1,16.249545578161875,142.743545269144,-0.005141826410745752,285.4963071976585,-1.0691685608063621,0.008330158319260025,0.10847701149425287,0.1431782841682434,1.0
274,1122304,1093.7,171.8569335882312,0.52,0.34,163.48,282.1150873571727,199.20105041819693,0.7666666666666667,0.16666666666666666,158.06666666666666,14.90486356417338,209.91173245155647,-0.008768530910171261,419.8399266282173,-1.070074828520213,0.006786468937954776,0.08829195205479452,0.14329975843429565,1.0
275,1126400,1094.2,158.34253159822632,0.5,0.4,148.5,222.69431447004092,215.68829981591708,0.6,0.2,185.26666666666668,17.72176412642002,226.6160793919717,-0.007348864451952038,453.24578192926225,-1.068663408679347,0.0060669265785104325,0.0770539314516129,0.1432708501815796,1.0
276,1130496,1095.7,178.9576557528134,0.54,0.36,139.42,215.613400024562,233.4693736710488,0.6333333333333333,0.3,109.4,9.972344982624055,313.1767323811849,0.020331471123629145,626.3117099338108,-1.0685904158486261,0.0057474808353516794,0.06510416666666667,0.1432594507932663,1.0
277,1134592,1096.7,182.3660101130728,0.56,0.34,142.8,228.96080181404028,233.40934566302417,0.6666666666666666,0.3333333333333333,118.4,14.728436505794525,262.4618109269576,-0.007371960423717444,524.9372842962092,-1.0690286462957208,0.005656476672315462,0.07112926136363637,0.14318251609802246,1.0
278,1138688,1097.2,163.18974939093889,0.52,0.38,133.7,178.03517283391594,236.4203548922994,0.5333333333333333,0.3333333333333333,147.26666666666668,15.638649970293045,174.20695583994797,-0.007884310149564975,348.42860738242547,-1.0703300637442892,0.007980798183735914,0.10749333079268293,0.14301526546478271,1.0
279,1142784,1098.0,153.40234724908655,0.5,0.42,118.84,237.37520953369298,221.69974184513273,0.6666666666666666,0.23333333333333334,139.4,14.725617392857869,252.9200841027337,-0.008478679568380923,505.8560441506876,-1.0700491997035775,0.007650178588133909,0.09770903716216216,0.1431507021188736,1.0
280,1146880,1098.3,216.16472642718014,0.62,0.28,135.22,142.29411559229555,225.93870389247067,0.43333333333333335,0.3333333333333333,184.13333333333333,15.666250189145407,222.63124927196628,-0.010315230035594378,445.28205203386693,-1.0698156691844167,0.00686126375065666,0.08460988562091504,0.1430378407239914,1.0
281,1150976,1099.0,210.3023334794651,0.6,0.26,159.26,148.56175910251324,237.74718837501115,0.4666666666666667,0.36666666666666664,189.53333333333333,18.178481956322987,179.63281542341286,-0.004463108299978983,359.2734872693213,-1.0712482684126525,0.006565755818509192,0.08283440420560748,0.1429595798254013,1.0
282,1155072,1099.8,142.35037023439992,0.48,0.44,132.3,177.97146005587774,233.1910574979629,0.5333333333333333,0.3333333333333333,161.63333333333333,15.59893880734841,321.09385772444244,-0.00613550877230417,642.1989002716847,-1.0717959811544826,0.00708863572177724,0.0920806623931624,0.14300358295440674,1.0
283,1159168,1101.1,136.786610299886,0.46,0.42,147.86,184.51242120860368,242.81635084606577,0.5666666666666667,0.4,105.33333333333333,12.48432358900706,162.93260192871094,-0.00567646909990466,325.87548613212476,-1.0723911389498644,0.006307109969038464,0.07944542253521127,0.14290137588977814,1.0
284,1163264,1101.7,115.52507069822931,0.42,0.48,148.04,216.755534893541,218.80589695915967,0.6,0.2,171.26666666666668,13.752290225028991,274.97174862452914,-0.008405645994935184,549.959226662772,-1.0751013832432883,0.006408083344077957,0.08021763392857142,0.14266696572303772,1.0
285,1167360,1102.7,138.46781844045282,0.46,0.44,142.22,81.45139063302746,218.98500508148413,0.3333333333333333,0.5,148.93333333333334,12.65291531085968,292.66541979686326,-0.005070702088660145,585.339894122388,-1.0782656870692608,0.006053685266748968,0.07280685240963855,0.1423792690038681,1.0
286,1171456,1103.4,141.32109491082815,0.48,0.44,126.84,220.12582619466718,230.8315287837082,0.6333333333333333,0.26666666666666666,158.2,15.2500231107076,214.86847213410982,-0.006829496369404841,429.74952653202695,-1.0817390427972278,0.006695375009609835,0.08667883211678833,0.14221084117889404,1.0
287,1175552,1103.8,146.7732193072903,0.48,0.42,147.38,190.2825067586553,214.71908061659923,0.5333333333333333,0.2,226.23333333333332,18.982772900660834,212.32356471107119,-0.0036182369804009795,424.65327653430757,-1.0833681310926164,0.005212370672130159,0.05970982142857143,0.14213213324546814,1.0
288,1179648,1104.9,119.81948386553744,0.4,0.4,183.94,208.09618100129757,228.27989760964644,0.6,0.26666666666666666,168.56666666666666,14.789071869850158,167.2199205671038,0.005811909878892558,334.427122933524,-1.0841381805283683,0.005119707086123526,0.058872767857142856,0.14210562407970428,1.0
289,1183744,1105.8,213.13804503176675,0.6,0.24,169.24,251.71511154876856,212.19948054211102,0.7,0.2,141.23333333333332,13.575423363099496,196.5887456908262,-0.005484299307086862,393.1873627856262,-1.0872199499517454,0.007371541786644804,0.09642269736842106,0.14163286983966827,1.0
290,1187840,1106.4,164.64099572186373,0.54,0.46,112.08,145.43177318938632,235.09528662036377,0.4666666666666667,0.36666666666666664,160.5,14.782484696308773,335.53762701493275,-0.0068424290511757135,671.0878411787975,-1.090426067008248,0.007230801104061022,0.08875593354430379,0.1416996717453003,1.0
291,1191936,1106.8,134.6992027300153,0.46,0.46,131.7,150.379859678719,228.71950789463517,0.4666666666666667,0.3333333333333333,170.3,13.899046953519186,235.74212416557415,-0.004535200275251106,471.4922213619702,-1.090354810022328,0.006391787244491789,0.0802654109589041,0.14159715175628662,1.0
292,1196032,1107.8,202.39859585747917,0.58,0.28,160.32,138.61902325798007,243.65592778741814,0.4666666666666667,0.43333333333333335,115.03333333333333,12.148323989411194,227.4517571679477,-0.004855405033469714,454.91212884311017,-1.0932095102195083,0.005986421975178708,0.07297279094827586,0.14130917191505432,1.0
293,1200128,1108.4,258.84504386732357,0.72,0.24,116.6,125.66243406602452,228.8317132237692,0.4,0.36666666666666664,197.73333333333332,18.334210300445555,251.53830933302976,-0.008618729764574699,503.09275869305213,-1.0947930558343952,0.007298564729333091,0.0958128511235955,0.1414593756198883,1.0
294,1204224,1108.8,190.79877667802168,0.58,0.34,128.88,162.20576177248736,234.99933516763912,0.5,0.3333333333333333,170.16666666666666,15.20758605003357,225.10277808796275,-0.009651708120310848,450.22376129843974,-1.094562869857658,0.007872055358761414,0.10225053267045454,0.14121225476264954,1.0
295,1208320,1109.8,149.84789022567577,0.48,0.38,159.78,212.46910533026553,237.61142802233113,0.6333333333333333,0.3333333333333333,105.26666666666667,11.11502553621928,233.7696647644043,-0.006509133734895537,467.5512470245361,-1.0998368402322134,0.007526479770118991,0.09397786458333333,0.14083565771579742,1.0
296,1212416,1110.5,174.91879864923933,0.52,0.32,165.86,143.00044255950334,233.44339673610813,0.4666666666666667,0.4,169.83333333333334,15.264173499743144,231.54390785910866,-0.006849521477767206,463.1004178926542,-1.1026058615028085,0.006584096191958947,0.08537946428571429,0.14071857929229736,1.0
297,1216512,1111.2,212.26210412202298,0.62,0.3,144.1,169.83974049317285,235.24969651383844,0.5333333333333333,0.36666666666666664,148.36666666666667,13.981292470296223,239.07431419635643,-0.01082295801426316,478.169174404802,-1.1025462882272128,0.008146682192153972,0.10805495689655173,0.14084076881408691,1.0
298,1220608,1112.3,205.75327072625143,0.6,0.3,157.44,198.71760562399766,239.52317876577646,0.6,0.36666666666666664,107.93333333333334,11.899221189816792,289.23828474680585,-0.0030462420739543936,578.4815635681152,-1.1019218936562538,0.005502548951578016,0.06624348958333333,0.14070212841033936,1.0
299,1224704,1113.3,193.21885298948192,0.58,0.32,123.26,248.57679300996128,220.80603911157252,0.7,0.26666666666666666,128.4,15.343890937169393,312.9651355408786,-0.004009293106368236,625.9371937534265,-1.103262888757806,0.005920181880100516,0.07709703947368421,0.14065057039260864,1.0
300,1228800,1114.2,188.25548077395578,0.58,0.36,101.58,162.07596957258298,237.76795966936578,0.5,0.36666666666666664,155.03333333333333,15.668278789520263,222.44047106574564,-0.0034961148713003186,444.88683633243335,-1.1039159662583296,0.006403384678175344,0.08051470588235295,0.14060841500759125,1.0
301,1232896,1115.2,165.30614157533836,0.52,0.38,126.9,185.9059306254066,237.1867153880447,0.5666666666666667,0.3333333333333333,146.7,14.32695281803608,306.54655405680336,-0.004139458434656263,613.1002855088975,-1.10351126326455,0.006689574680705038,0.08524305555555556,0.14074379205703735,1.0
302,1236992,1115.9,119.77240077347558,0.42,0.46,139.78,169.70332377577458,243.50946526124304,0.5333333333333333,0.36666666666666664,166.13333333333333,15.783688116073609,259.8232605457306,-0.004071770032169297,519.6535647710165,-1.1032052238782246,0.006639078334652974,0.07779947916666667,0.1406325399875641,1.0
303,1241088,1116.3,123.25502595133763,0.42,0.46,144.92,185.05403310388914,227.37781839534534,0.5333333333333333,0.3,186.43333333333334,18.524155950546266,206.44396018981934,-0.007825183851309703,412.90246999263763,-1.106345190666616,0.0076783274689660175,0.0977783203125,0.14041045308113098,1.0
304,1245184,1116.9,137.24667642399862,0.46,0.42,141.64,139.25229830348422,237.70697182164895,0.4666666666666667,0.43333333333333335,134.16666666666666,14.049739909668764,242.96773640025745,-0.0039491001262583515,485.9422712846236,-1.1092672423882919,0.008421729651110417,0.10951704545454545,0.14025002717971802,1.0
305,1249280,1117.8,159.22996326767182,0.5,0.32,164.26,123.39374572637765,235.75279143269208,0.43333333333333335,0.4666666666666667,121.93333333333334,13.066400861740112,347.4569854736328,-0.006095844571693585,694.925060565655,-1.110525553043072,0.007388342512198365,0.08834134615384616,0.1402427852153778,1.0
306,1253376,1118.3,117.41609112500242,0.4,0.4,176.46,124.42213802373544,235.1688811079356,0.43333333333333335,0.43333333333333335,165.5,15.30605042775472,215.61571502685547,-0.0061948402503202125,431.2427210253338,-1.1102166508519373,0.007169785105276766,0.09388626453488372,0.1403018981218338,1.0
307,1257472,1119.1,55.120516336675394,0.28,0.54,169.18,205.30834661605593,226.1633876563801,0.6,0.26666666666666666,171.16666666666666,15.754032739003499,186.99811393983902,-0.003834959348633645,374.00279457338394,-1.1103803303933912,0.007188836908749034,0.09022177419354839,0.14022846519947052,1.0
308,1261568,1119.6,120.02192266162558,0.42,0.44,143.28,152.6457032293831,228.98759644731078,0.4666666666666667,0.36666666666666664,165.9,15.122608240445455,272.1063992796826,-0.008110537459807736,544.2279202757763,-1.1101299364025854,0.007069050029170613,0.09598214285714286,0.14038248360157013,1.0
309,1265664,1119.8,214.9424356191447,0.62,0.3,141.92,153.34657708074892,228.27598888355834,0.4666666666666667,0.3333333333333333,183.13333333333333,17.358138926823933,206.6026347978466,-0.0069154678491714795,413.2179886871183,-1.1141675311296724,0.007356340747544079,0.09402760152284265,0.13951249420642853,1.0
310,1269760,1120.6,253.25964002897422,0.68,0.16,175.28,225.48334786023102,227.95254518571184,0.6333333333333333,0.26666666666666666,147.13333333333333,16.161406135559083,169.56959236546567,-0.00454784154303764,339.1471525493421,-1.1244099478972585,0.008197387342194194,0.10851151315789474,0.1391979157924652,1.0
311,1273856,1120.9,191.09617423910674,0.54,0.24,188.04,165.29840039554796,219.34673819262275,0.4666666666666667,0.2,224.13333333333333,18.461976861953737,271.016703951186,-0.0025899735603319564,542.037476470505,-1.1280496414156929,0.0063155820438017445,0.07857789855072464,0.1390366107225418,1.0
312,1277952,1121.8,161.7848693676139,0.48,0.32,175.28,142.2553454932471,252.3135455531086,0.5,0.5,98.3,11.583772242069244,229.71629032944188,-0.006586844096844545,459.44462061409996,-1.1285568319185815,0.007784388989981527,0.10574494949494949,0.13919976353645325,1.0
313,1282048,1122.9,176.2249439072744,0.52,0.32,166.84,184.68355393666698,247.1655197534959,0.5666666666666667,0.4,115.5,14.2290855884552,195.08587975135217,-0.0037375351055883442,390.1781066894531,-1.1266919539524958,0.007209680867023193,0.09032451923076923,0.1392657607793808,1.0
314,1286144,1123.1,160.84153809866476,0.5,0.36,162.96,146.97794342530915,218.8820645222146,0.43333333333333335,0.3,221.7,18.72345105012258,201.28912036449879,-0.0102275343711621,402.59757321840755,-1.1287202626079709,0.009234092343453463,0.12286931818181818,0.1387074589729309,1.0
315,1290240,1123.8,113.92219219978138,0.4,0.42,188.92,205.20858061518518,235.36109241368845,0.6,0.3333333333333333,136.63333333333333,16.309060605367026,196.68594153722128,-0.0059753227784919245,393.3826975822449,-1.1340829133987427,0.0075054020271636546,0.09659830729166667,0.13862112164497375,1.0
316,1294336,1124.8,139.04172138990558,0.46,0.42,140.88,253.22091119461905,218.23933752243408,0.7,0.23333333333333334,136.1,15.069881343841553,268.4700280325753,-0.002987968628959996,536.944886125837,-1.1334414073399135,0.00591916684393904,0.07098214285714285,0.13878321647644043,1.0
317,1298432,1125.5,216.63424503003415,0.6,0.24,149.72,194.38189825888279,227.71390257444298,0.5666666666666667,0.26666666666666666,166.53333333333333,14.948875188827515,231.2664394378662,-0.0022162461498131353,462.5361722310384,-1.1335233330726624,0.005995363753754646,0.0744140625,0.13859720528125763,1.0
318,1302528,1126.1,223.67466782354484,0.6,0.18,191.68,204.58192753664005,234.55622587750744,0.6,0.3,155.73333333333332,14.638166091839473,141.20244923909505,-0.004136030872662862,282.4120418294271,-1.1346894804636638,0.006170314336195588,0.07734375,0.13870763778686523,1.0
319,1306624,1126.7,148.60266297323022,0.48,0.4,152.38,219.47222034942837,228.59113492022342,0.6333333333333333,0.26666666666666666,145.53333333333333,13.941369231541952,221.39275166139765,-0.005945527010549933,442.79625831216066,-1.1342166955188169,0.007627331851034472,0.09633209745762712,0.13866807520389557,1.0
320,1310720,1127.5,176.90801073858452,0.54,0.36,136.34,139.32563846669058,240.07143821776089,0.4666666666666667,0.43333333333333335,142.63333333333333,14.527966475486755,200.7976488055605,-0.003644176730603883,401.6014482902758,-1.1343442165490352,0.008308015241654533,0.11002604166666667,0.13864973187446594,1.0
321,1314816,1128.1,75.1510966591471,0.32,0.52,150.76,83.12550643031467,228.31308367875752,0.3333333333333333,0.5,143.7,12.861523814996083,255.35378819704056,-0.0056736578244453995,510.71778631210327,-1.1347178667783737,0.007618596564498148,0.097808837890625,0.1386791616678238,1.0
322,1318912,1128.5,101.5687684298137,0.38,0.48,151.48,111.47152458740122,234.7778847803437,0.4,0.43333333333333335,168.36666666666667,15.93874161640803,196.6860243988037,-0.0037469582934863866,393.37840408325195,-1.1373996925354004,0.006753371728118509,0.08546875,0.13826683163642883,1.0
323,1323008,1129.4,168.84547623184883,0.52,0.36,141.26,220.38148560641037,226.71863595460977,0.6333333333333333,0.26666666666666666,147.46666666666667,14.885139700770377,467.60272216796875,-0.0018040115013718606,935.2079040527344,-1.1412801504135133,0.00652895444072783,0.085546875,0.13821148872375488,1.0
324,1327104,1129.9,141.36726831046215,0.46,0.42,148.0,133.56261911554734,229.8188080464093,0.43333333333333335,0.36666666666666664,169.43333333333334,15.160328594843547,189.43129538033756,-0.00834138635972529,378.8781353899541,-1.142031495807735,0.006914503330307948,0.08611641221374046,0.1382099688053131,1.0
325,1331200,1130.6,113.01749668117498,0.4,0.46,154.02,166.92599575929938,242.30519647168333,0.5333333333333333,0.4,120.5,12.547731725374858,210.64481885668258,-0.00927048575290492,421.3070390728158,-1.1408060948613663,0.006499145735829124,0.08274647887323944,0.1384163647890091,1.0
326,1335296,1131.6,104.28555253601294,0.38,0.46,147.08,200.5685061702469,230.50109644220407,0.6,0.3,125.4,12.508149035771687,280.17253043434835,0.0020729174456474457,560.339766068892,-1.1380664272741838,0.007017966275188056,0.08931107954545454,0.1384139358997345,1.0
327,1339392,1132.0,160.76381301330235,0.5,0.36,163.54,109.5165177932138,219.28428339131165,0.36666666666666664,0.36666666666666664,209.0,18.65204118291537,303.4021385252014,-0.006140039562312669,606.815408159596,-1.1401362197343694,0.006723513689556325,0.08527131782945736,0.13811905682086945,1.0
328,1343488,1132.7,208.38875393155678,0.6,0.28,175.6,190.85779703973725,237.59537943413764,0.5666666666666667,0.3333333333333333,141.03333333333333,13.884813365340232,255.20201299219957,-0.004435081132630139,510.41174241054205,-1.1445515435418965,0.005286025593379214,0.06182484567901234,0.13779543340206146,1.0
329,1347584,1133.1,178.44130240433552,0.54,0.34,162.58,211.1611515556873,216.94587422771005,0.5666666666666667,0.16666666666666666,245.83333333333334,23.67259470621745,196.29978102080676,-0.0019447661518138281,392.6022939876634,-1.14936733610776,0.005825235978795254,0.07178730867346939,0.13748055696487427,1.0
330,1351680,1133.8,148.1386025796635,0.48,0.4,155.26,116.27934690561655,227.6844555609459,0.4,0.4,170.8,17.391414207220077,207.41857679500137,-0.005374406052883281,414.8467439163563,-1.1511772718540458,0.007244079533509563,0.09129723837209303,0.13753901422023773,1.0
331,1355776,1134.5,185.93175223425015,0.58,0.38,138.02,141.81575570937983,241.87185494347125,0.4666666666666667,0.43333333333333335,135.73333333333332,16.835067826509476,312.86447681872374,-0.007404444428978648,625.7426078525292,-1.1497537902163975,0.006599200518357421,0.08274508248730965,0.13757926225662231,1.0
332,1359872,1135.3,225.72915601277532,0.66,0.3,119.76,223.6797131260396,224.01012431236475,0.6333333333333333,0.26666666666666666,147.3,17.21472422281901,234.51691276148745,-0.005139699885866752,469.0429484718724,-1.1492901193468195,0.0069107813699367015,0.08778782894736842,0.1376522183418274,1.0
333,1363968,1135.8,159.5035594751706,0.52,0.44,114.24,208.31115662828182,237.07459143342115,0.6,0.3,174.66666666666666,19.048314003149667,238.00738319808138,-0.008777558731060186,476.03116338124534,-1.149353793995109,0.008021410309269042,0.10663828592814371,0.1375637799501419,1.0
334,1368064,1136.9,121.20076693748142,0.44,0.5,133.6,173.74524658933134,246.094928282624,0.5666666666666667,0.43333333333333335,90.0,9.973307800292968,200.74495745308792,-0.007246578893258791,401.50324828715264,-1.1527038707008845,0.00731885533402615,0.09577729430379747,0.1370929330587387,1.0
335,1372160,1137.9,172.1030674170739,0.54,0.4,128.76,115.34210813915008,238.40127958133826,0.43333333333333335,0.5,109.63333333333334,11.11497142314911,292.85270571241193,-0.009289769743404844,585.722833072438,-1.159440363154692,0.006518889921626039,0.08130361519607843,0.13667897880077362,1.0
336,1376256,1138.9,186.43156424054732,0.56,0.32,143.26,140.5259103633841,236.58870781000715,0.4666666666666667,0.43333333333333335,143.16666666666666,15.749499082565308,161.95623246284381,-0.003941559366728753,323.9191869448309,-1.1654047280141753,0.006065528064787592,0.0764126712328767,0.13622750341892242,1.0
337,1380352,1139.8,168.15708266246554,0.52,0.34,160.74,139.85922155823377,245.8312313175138,0.5,0.4666666666666667,122.2,13.853321658074856,212.34301448104407,-0.007776661932763487,424.7004127124749,-1.1731217698295517,0.006852984811077908,0.0882193688118812,0.13573510944843292,1.0
338,1384448,1140.5,198.89305339910337,0.6,0.34,134.38,226.29613652235855,226.67179533107753,0.6333333333333333,0.26666666666666666,137.73333333333332,15.53490738471349,187.37333731455345,-0.00610555497266046,374.7577035982315,-1.1800134255461496,0.007798664231963252,0.10249892979452055,0.1353030502796173,1.0
339,1388544,1141.4,110.61769699039094,0.42,0.52,109.0,213.0510299771134,236.9017029131942,0.6333333333333333,0.3333333333333333,114.6,12.11755808989207,277.1445937112113,-0.00842619674262878,554.3048660420926,-1.185798504642237,0.007133781035195723,0.09561185747663552,0.13505670428276062,1.0
340,1392640,1142.3,80.57669462967398,0.34,0.52,142.0,78.21162790540991,231.53828690717796,0.3333333333333333,0.5333333333333333,135.33333333333334,14.905349562565485,176.64650841281838,-0.004454471170902252,353.3007388180249,-1.1876859403636357,0.0066700746490275615,0.0859910102739726,0.13514478504657745,1.0
341,1396736,1143.1,110.27382689046098,0.4,0.46,155.66,159.44187688010987,234.0832260687006,0.5,0.3333333333333333,140.06666666666666,14.575932218631108,197.74542969348383,-0.0066940881877991494,395.5030637254902,-1.1869094652288101,0.007588425995873324,0.0996859681372549,0.13498130440711975,1.0
342,1400832,1144.1,157.70544349103056,0.5,0.38,157.86,119.66162747116255,241.75241751414376,0.43333333333333335,0.5,129.03333333333333,14.810483447710673,193.84541808727175,-0.005269394987154492,387.7001892799555,-1.1893925209378087,0.006431715473597653,0.08016896802325581,0.13485807180404663,1.0
343,1404928,1145.0,149.52041673755753,0.48,0.38,163.56,137.41990429324045,241.53617590638063,0.4666666666666667,0.43333333333333335,131.1,13.992798030376434,233.3269385005651,-0.002314555463956648,466.6573028564453,-1.1912972257378396,0.007399402872732516,0.09234550561797752,0.13475632667541504,1.0
344,1409024,1145.8,158.59352751085117,0.5,0.36,157.84,144.12821371713875,233.9508001063025,0.4666666666666667,0.4,158.53333333333333,15.386057285467784,292.787710016424,-0.003272204546991623,585.580752286044,-1.191793183485667,0.007061327518330831,0.09303977272727272,0.1347876340150833,1.0
345,1413120,1146.6,149.3104392690737,0.48,0.36,175.24,255.01358613632115,217.57303005982712,0.7,0.23333333333333334,153.03333333333333,17.44725914398829,261.84688756085825,-0.0022304565173344336,523.6970294454824,-1.1917907880700154,0.007096546074456494,0.09074954710144928,0.13474984467029572,1.0
346,1417216,1146.8,136.7226568978698,0.46,0.4,183.32,113.33856398251162,231.7548868530067,0.4,0.43333333333333335,157.23333333333332,13.25731752316157,194.7103821260845,-0.011606388569729936,389.4427818413356,-1.1928687155546256,0.008797424745947198,0.11546011306532664,0.1346484124660492,1.0
347,1421312,1147.5,193.30492661439504,0.58,0.32,165.02,179.69711545882586,245.9628938096962,0.5666666666666667,0.4,106.7,12.171573853492736,279.4743523691215,-0.005054739194319528,558.9576051001455,-1.1939031446681303,0.006612238716151493,0.08555453431372549,0.13457852602005005,1.0
348,1425408,1147.9,193.37712798544172,0.58,0.32,139.38,173.6446696634658,234.99081811427197,0.5333333333333333,0.3333333333333333,151.16666666666666,15.439726440111796,237.07085720698038,-0.00793734822461071,474.1563875410292,-1.1958628346522648,0.00701644904135416,0.09016927083333333,0.13430824875831604,1.0
349,1429504,1148.8,183.25649802307078,0.56,0.34,144.76,154.57081955148914,243.31897836976478,0.5,0.43333333333333335,136.13333333333333,15.20354516506195,163.73841889371576,-0.005205864494800875,327.48605016334767,-1.2001874299393487,0.006174021035663246,0.07466172680412371,0.13409323990345,1.0
350,1433600,1149.2,184.151100628044,0.56,0.34,165.98,144.78892421290487,240.24879698827024,0.4666666666666667,0.4,176.83333333333334,19.217549618085226,246.31666749653064,-0.007454672553821614,492.64704204358554,-1.2033233065354196,0.007247455057835108,0.0928453947368421,0.13390611112117767,1.0
351,1437696,1149.6,221.24987144171828,0.64,0.3,143.12,188.59422860638864,235.5583065613325,0.5666666666666667,0.3333333333333333,152.16666666666666,17.669698627789817,205.2605741439327,-0.005498045079049564,410.5309284825479,-1.2073224429161318,0.0076117884052256425,0.09924395161290323,0.1335698962211609,1.0
352,1441792,1150.1,188.16184426071115,0.58,0.38,133.7,188.0265129136564,238.24208068810285,0.5666666666666667,0.36666666666666664,151.56666666666666,16.524696111679077,261.0632855998936,-0.007818250836971314,522.140986428332,-1.2115033633673369,0.007699489305073868,0.0986182369402985,0.13320249319076538,1.0
353,1445888,1150.6,162.29933108356497,0.54,0.46,124.86,124.6152937280319,237.76038962102717,0.43333333333333335,0.4666666666666667,148.3,15.290705034136773,336.7548699240083,-0.0070736485180779565,673.5226650793576,-1.2159031224482268,0.007300528666022622,0.09344660194174757,0.13300055265426636,1.0
354,1449984,1151.4,136.354925751971,0.46,0.44,150.22,123.54678459909655,239.50771064879424,0.43333333333333335,0.5,140.06666666666666,16.757637532552085,197.6776885986328,0.0038545855998315596,395.3464466441761,-1.2175121361559087,0.004656533879989927,0.05184659090909091,0.13296136260032654,1.0
355,1454080,1152.0,153.75718239022655,0.48,0.36,168.04,98.40827915457731,232.02513832464388,0.36666666666666664,0.4666666666666667,165.1,14.956693561871846,181.45024974310576,-0.0028883075800293415,362.9050568537926,-1.218977718210932,0.006612373366534932,0.08348880597014925,0.1327730417251587,1.0
356,1458176,1152.8,165.0994973772456,0.52,0.38,148.58,143.0225938434789,237.54042218468135,0.4666666666666667,0.4,140.46666666666667,13.837266755104064,206.51505952722886,0.0037474431754911646,413.02140419155944,-1.2208706444385005,0.0061534648879851194,0.08049938725490197,0.13272887468338013,1.0
357,1462272,1153.7,95.7978301236029,0.38,0.54,147.76,178.9401783367155,248.82725437406668,0.5666666666666667,0.4,115.26666666666667,13.602742767333984,296.46029362208407,-0.005744026763968064,592.9308583434199,-1.221056427754147,0.006872858429117732,0.08973371478873239,0.13273459672927856,1.0
358,1466368,1154.5,99.10509385715879,0.38,0.52,150.88,150.1690648831929,244.73867051467798,0.5,0.43333333333333335,139.83333333333334,16.52747696240743,175.64351885506275,-0.008164799160041501,351.30214476853274,-1.2218261983957184,0.008686539656848888,0.11587078651685394,0.13260462880134583,1.0
359,1470464,1155.2,175.87079853704876,0.54,0.38,138.68,270.53131475201377,207.3519544574698,0.7333333333333333,0.2,145.43333333333334,16.83383252620697,243.40640170757587,-0.011339347567767478,486.83426255446216,-1.2247299953148916,0.008461409402885832,0.10933743990384616,0.13238753378391266,1.0
360,1474560,1156.1,161.03532246545174,0.52,0.46,103.54,233.20599435041134,230.09307295460277,0.6666666666666666,0.3,127.03333333333333,15.364895397424698,257.2661207311294,-0.006277415463153054,514.5435758702895,-1.229153299331665,0.006848475189112565,0.08690257352941176,0.13201287388801575,1.0
361,1478656,1156.7,171.0809876687461,0.54,0.4,121.64,198.27209255921497,236.27093918393916,0.6,0.3333333333333333,149.86666666666667,16.041171153386433,224.78373415176182,-0.00750593983006906,449.581258068346,-1.2341160741570878,0.0073031874131156155,0.0919574058219178,0.13179536163806915,1.0
362,1482752,1157.4,197.6134460648074,0.6,0.36,109.84,128.79360117459993,243.51641726461992,0.4666666666666667,0.5,104.43333333333334,11.780287170410157,236.84868730817522,-0.005569540836390049,473.707281203497,-1.2361185891287667,0.005438838896918155,0.06522817460317461,0.13165852427482605,1.0
363,1486848,1157.8,187.81207116107464,0.58,0.38,129.28,147.30709711822527,240.52301882410305,0.5,0.43333333333333335,130.6,14.132623783747356,264.97032525150786,-0.011158314376601761,529.9617298143025,-1.23906078317617,0.00808199794679913,0.10794672356828194,0.13143794238567352,1.0
364,1490944,1158.7,179.89891759724958,0.56,0.36,150.2,217.26070871558892,235.6341679569886,0.6333333333333333,0.3333333333333333,108.16666666666667,12.083852573235829,342.26684794108075,-0.006802769595136245,684.5460786946614,-1.2414033810297649,0.006678477268045147,0.08296875,0.13141381740570068,1.0
365,1495040,1159.5,179.3737391267653,0.56,0.36,142.1,215.36269447494044,236.8389318520419,0.6333333333333333,0.3333333333333333,112.7,13.759252789616585,213.44869501749673,-0.006442275072137515,426.90903045654295,-1.2435837992032368,0.006555361584760249,0.08458333333333333,0.13119113445281982,1.0
366,1499136,1159.9,148.69000542819188,0.48,0.38,171.7,100.61703208451124,221.2719662888008,0.36666666666666664,0.4,198.8,15.788986825942994,223.66336313883463,-0.006679286843993598,447.3388438754612,-1.245425487558047,0.009052263456396759,0.1194118923611111,0.1311412900686264,1.0
367,1503232,1160.6,140.0450170254585,0.46,0.4,164.8,145.07622409561446,239.29623406739987,0.4666666666666667,0.4,136.06666666666666,13.646772249539692,177.01650619506836,-0.005021836888045072,354.04180603027345,-1.2471815798017714,0.007628056947659287,0.10125868055555555,0.13086937367916107,1.0
368,1507328,1161.2,167.9539573205324,0.52,0.36,158.94,196.62154701994584,245.29045334704097,0.6,0.36666666666666664,117.76666666666667,12.936880801121394,197.126068551742,-0.007547994948163703,394.2659886298488,-1.2521653590510733,0.007560831323191894,0.09874455845771145,0.13041524589061737,1.0
369,1511424,1162.0,199.65753091625965,0.58,0.3,164.96,184.91917734475,240.6252791324762,0.5666666666666667,0.36666666666666664,125.13333333333334,14.992352827390034,194.30807661736148,-0.0016898221293485712,388.61827753878185,-1.256864017453687,0.005953683199403786,0.07363505747126436,0.13041667640209198,1.0
370,1515520,1162.7,117.94736892197416,0.44,0.52,113.7,197.92304947239845,245.8340572106103,0.6,0.36666666666666664,127.46666666666667,15.21325324376424,298.28577790843497,-0.011639625159018546,596.5935655772257,-1.258509323751326,0.007488190970323283,0.09855553057553956,0.1302238553762436,1.0
371,1519616,1163.4,175.3250873903692,0.56,0.42,98.22,166.08562373787097,247.4109755250923,0.5333333333333333,0.43333333333333335,113.3,13.225099488099415,193.6458257039388,-0.007460324433706109,387.3053118993366,-1.2600450780656602,0.008316327392729738,0.10934399801587301,0.13041914999485016,1.0
372,1523712,1164.0,224.60795257407514,0.64,0.28,131.54,195.88128335696518,243.33576865145014,0.6,0.36666666666666664,124.76666666666667,14.044742874304454,336.4120241715604,-0.0073693909076036224,672.8375246188784,-1.2580429899612529,0.007097788169142484,0.08968645134228188,0.13051068782806396,1.0
373,1527808,1164.6,161.02859194594575,0.52,0.4,119.14,92.25939456171382,232.74088628107793,0.36666666666666664,0.5333333333333333,145.23333333333332,15.939898411432901,243.33101892885955,-0.011153165759194804,486.68308132005774,-1.256796792279119,0.00816865951916122,0.10934103260869565,0.130602166056633,1.0
374,1531904,1165.1,173.60303424768605,0.54,0.36,141.08,170.98485539983878,240.97454955313412,0.5333333333333333,0.36666666666666664,160.93333333333334,15.32450310587883,284.8388281602126,-0.0038327867827879693,569.6840515136719,-1.257091272335786,0.007313086910961339,0.09803185096153846,0.13043777644634247,1.0
375,1536000,1165.7,204.5207034235382,0.62,0.36,133.28,114.03362596646792,241.89695095133237,0.43333333333333335,0.5333333333333333,109.16666666666667,11.632347857952118,295.8571837930118,-0.006238204942943126,591.7255787568934,-1.260499464530571,0.0065618251797323135,0.0821844362745098,0.13023729622364044,1.0
376,1540096,1166.1,177.18829575541588,0.56,0.4,131.74,154.36217236985533,240.09481654753188,0.5,0.36666666666666664,158.06666666666666,14.238249591986339,236.7640427982106,-0.010384584941408214,473.54759386848,-1.2592628801570218,0.00710803729153293,0.09363511029411764,0.1307121068239212,1.0
377,1544192,1167.0,145.58005843741662,0.48,0.44,144.88,273.76878833895256,213.5441538431566,0.7666666666666667,0.23333333333333334,122.7,14.330349278450011,247.86363443514196,-0.004951741966623359,495.7359109273771,-1.2538768227507429,0.0065105786779895425,0.08260289634146341,0.13067872822284698,1.0
378,1548288,1167.6,199.8228122146406,0.58,0.3,167.02,153.2435820897065,239.86720413976443,0.5,0.4,129.26666666666668,12.764976636568706,234.81066031889483,-0.0064044770498929374,469.63286651264536,-1.2591117512096057,0.007555444514516487,0.09856622869318182,0.12997466325759888,1.0
379,1552384,1168.3,237.93426546736214,0.66,0.2,173.0,252.65600490249284,219.2885265337012,0.7,0.23333333333333334,139.76666666666668,15.448298582434655,184.39341472278943,-0.0019210248423570937,368.7893979159268,-1.2666113138198853,0.008377316048030149,0.11036931818181818,0.1299133598804474,1.0
380,1556480,1169.2,250.56330777992164,0.68,0.16,179.62,182.8319941594592,247.38310241571503,0.5666666666666667,0.4,94.2,10.461036233107249,221.3722698768873,-0.004809276734510165,442.75287739614424,-1.2671553927860904,0.007319420871712016,0.09511060393258428,0.12981027364730835,1.0
381,1560576,1169.5,209.80821745782217,0.6,0.28,152.7,177.63624049877532,226.91437814258555,0.5333333333333333,0.3,176.1,16.40952760775884,278.0723396994851,-0.004516079903326252,556.1524301239939,-1.2699500560760497,0.00602036268647873,0.07660984848484849,0.12948966026306152,1.0
382,1564672,1170.1,150.18923949097723,0.5,0.42,142.64,243.82836531206374,223.54855759708494,0.7,0.26666666666666666,125.53333333333333,14.74184950987498,274.6483066876729,-0.0036476796311843726,549.3026306364271,-1.27384352684021,0.00683171958856595,0.08710394965277778,0.12934628129005432,1.0
383,1568768,1170.7,177.19665130689629,0.56,0.38,131.4,213.05847138364032,235.55089507067794,0.6333333333333333,0.3333333333333333,124.9,13.851054430007935,293.03769448416574,-0.0063063049662326065,586.0867262486049,-1.277343601499285,0.006420550138822623,0.08287946428571429,0.12911063432693481,1.0
384,1572864,1171.3,190.99104008863446,0.56,0.3,148.42,185.36499725615943,240.48145100609906,0.5666666666666667,0.36666666666666664,135.0,14.48497531414032,194.31703761174128,-0.0031818930382052292,388.63915569598856,-1.2812456314380352,0.005959946397118844,0.07115384615384615,0.12886600196361542,1.0
385,1576960,1172.0,182.44985801454527,0.54,0.32,154.26,285.0467666245838,197.68226831769888,0.7666666666666667,0.16666666666666666,140.3,15.274719421068827,254.27890618642172,-0.001244063028328431,508.5590184529622,-1.283805437386036,0.007883922638332782,0.10123697916666667,0.12889684736728668,1.0
386,1581056,1172.6,200.91745050712004,0.6,0.34,128.86,204.7854911593735,230.9862176621094,0.6,0.3,151.13333333333333,15.650848166147869,172.42808986354518,-0.006311912580418425,344.8675215437606,-1.2843095434678566,0.006894209843783363,0.08783783783783784,0.1287107765674591,1.0
387,1585152,1173.3,183.0948615530282,0.56,0.36,134.12,165.1809913638942,245.97567959231765,0.5333333333333333,0.43333333333333335,99.63333333333334,12.726121087869009,270.949306418679,-0.00826353274116462,541.913857199929,-1.2872161280025136,0.008007538712329485,0.10433238636363637,0.12851227819919586,1.0
388,1589248,1173.7,173.19315059730746,0.56,0.42,124.2,192.43351428821808,233.3279877840911,0.5666666666666667,0.3,171.16666666666666,19.295863648255665,279.1196599367286,-0.006289077147904064,558.2506154805673,-1.28852800060721,0.006697756611984693,0.08311449579831932,0.12857238948345184,1.0
389,1593344,1174.3,164.76483651078567,0.54,0.4,143.76,253.1245278734777,214.6710424274595,0.7,0.2,163.93333333333334,16.201190475622813,315.5765195993277,-0.005613713041664316,631.1629861684946,-1.2868114984952486,0.005879060145861541,0.07083834134615384,0.128633514046669,1.0
390,1597440,1175.1,191.65835176568163,0.58,0.34,139.96,112.23106834219367,230.98160463054137,0.4,0.4666666666666667,138.83333333333334,12.219148337841034,315.5726308822632,-0.002006785274716094,631.1479978561401,-1.2869740799069405,0.005082559720904101,0.0611572265625,0.12857450544834137,1.0
391,1601536,1175.7,260.32937723017153,0.72,0.22,123.08,168.8259713331235,240.85562519846602,0.5333333333333333,0.4,138.33333333333334,14.153590745727222,298.6189972449993,-0.009505032421218166,597.2557182312012,-1.2864312026007423,0.007387852565192714,0.09388469827586207,0.1287125051021576,1.0
392,1605632,1175.9,139.59107535085374,0.48,0.5,108.06,251.38133629828013,211.30322585113683,0.7,0.2,195.0,19.86565282344818,307.84411584177326,-0.006776934699906457,615.7005012266097,-1.286442905664444,0.006737717665776971,0.083984375,0.12844863533973694,1.0
393,1609728,1176.4,128.4232339653434,0.46,0.5,112.16,249.73754365836558,218.10062713876036,0.7,0.23333333333333334,150.13333333333333,16.387338481346767,241.6241392995797,-0.007289730427859753,483.26157633463544,-1.288339122837665,0.006831898322036746,0.0881969975490196,0.12854453921318054,1.0
394,1613824,1177.1,198.1904331028537,0.58,0.3,167.66,210.51212176748965,239.32585992286698,0.6333333333333333,0.36666666666666664,125.56666666666666,15.607680869102477,186.1095527459767,-0.008132031433715308,372.2340877312274,-1.2874880063632304,0.008140805837398103,0.10233729338842976,0.12857253849506378,1.0
395,1617920,1177.6,197.92254078140567,0.58,0.32,143.0,158.86916555005288,245.47904368446595,0.5333333333333333,0.43333333333333335,139.43333333333334,15.767478732268016,224.6744210494192,-0.0077464177224196885,449.36305574115954,-1.2879321537519757,0.007979720289279756,0.10345394736842105,0.12851640582084656,1.0
396,1622016,1178.1,145.12939699424226,0.48,0.42,134.08,151.5192451374539,239.63212598934737,0.5,0.4,134.2,11.692604939142862,207.91985096005226,-0.007057545827232677,415.85253324440055,-1.288983791852169,0.007807283412678529,0.09979204136690648,0.12845396995544434,1.0
397,1626112,1178.7,154.36695790342256,0.5,0.4,143.28,171.0710873329908,243.04219023267632,0.5333333333333333,0.4,140.3,16.194042134284974,236.89840324719748,-0.006041400813652824,473.80760685602826,-1.289185614635547,0.008027550162902722,0.1048583984375,0.12836459279060364,1.0
398,1630208,1179.5,136.44545849850567,0.46,0.44,129.22,219.6187305120688,242.54395557386835,0.6333333333333333,0.3333333333333333,110.73333333333333,13.406966748833657,227.7431661269244,-0.0014066797352450735,455.4878636977252,-1.2906733190312105,0.006630800637033056,0.08547794117647059,0.12816652655601501,1.0
399,1634304,1180.3,188.01932903976584,0.56,0.3,152.46,226.8554435573936,236.1186929467773,0.6666666666666666,0.3333333333333333,95.26666666666667,11.857029831409454,234.2274413570281,-0.005012077177994915,468.46362366214873,-1.293669597756478,0.006178026217141098,0.07957409274193548,0.1280387043952942,1.0
400,1638400,1181.1,198.63766921103525,0.6,0.34,141.94,220.45261559223528,234.93468686218466,0.6333333333333333,0.3333333333333333,118.1,13.967284403244655,334.872444544083,-0.00556551249554524,669.7547392233824,-1.2945717114668627,0.006868354767226638,0.0907451923076923,0.12811221182346344,1.0
401,1642496,1182.0,214.27530069564264,0.64,0.34,117.3,166.24657268161306,247.01556026536247,0.5333333333333333,0.43333333333333335,106.86666666666666,13.091974221666653,274.5553774868485,-0.00791528495538463,549.1253045075131,-1.2940783578984059,0.008328926577878586,0.11273950729927007,0.12805834412574768,1.0
402,1646592,1182.5,180.0677065606656,0.56,0.38,139.26,181.33148543295027,237.56518489897837,0.5666666666666667,0.36666666666666664,145.26666666666668,14.366605019569397,242.8096511012824,-0.0066023293175092035,485.6312264139338,-1.2927896791650344,0.007242447794090176,0.09547601744186046,0.1283162236213684,1.0
403,1650688,1183.2,170.33744669281285,0.54,0.42,118.66,248.73652352142642,222.84352105160764,0.7,0.26666666666666666,112.96666666666667,12.674715874592463,292.3150392320421,-0.005088544223043653,584.6389726426867,-1.2897099706861708,0.007512896130275395,0.09887152777777777,0.1283552050590515,1.0
404,1654784,1184.1,163.27981753664722,0.52,0.42,143.12,237.01778700633625,234.09914963437365,0.6666666666666666,0.3,100.26666666666667,11.603258609771729,248.78567925814926,-0.006069316914112404,497.5822175124596,-1.2895124780720677,0.00724905138385707,0.09617456896551724,0.1283736228942871,1.0
405,1658880,1184.5,169.36045578401848,0.54,0.38,128.98,114.60969345368,233.58913050005089,0.4,0.43333333333333335,147.33333333333334,15.371328965822856,242.43405050389907,-0.007273833986426539,484.8813678517061,-1.2897467446677826,0.007010525270529529,0.08728745404411764,0.12829028069972992,1.0
406,1662976,1185.0,170.64474921790142,0.54,0.42,110.9,242.66791215291752,222.49768033400647,0.7,0.26666666666666666,116.86666666666666,10.910331495602925,310.5408723368447,-0.004954512305447512,621.0903672438401,-1.2907553622003138,0.006502759819244139,0.08353365384615384,0.12821373343467712,1.0
407,1667072,1185.7,251.71508436310418,0.7,0.24,126.66,158.59991050824084,242.9711479859106,0.5333333333333333,0.4666666666666667,104.5,11.721757143735886,338.3409762663,-0.005708445931839592,676.6920852661133,-1.29167458765647,0.005143148293855655,0.06094898897058824,0.12811847031116486,1.0
408,1671168,1186.5,163.27952628028854,0.52,0.4,132.88,217.39642255038436,240.57255001496978,0.6333333333333333,0.3333333333333333,104.43333333333334,12.766653492053349,299.45010026678983,-0.008790638050939664,598.91649508189,-1.2933331110391273,0.007173062139471252,0.09271460843373494,0.12806014716625214,1.0
409,1675264,1187.5,192.13673247624888,0.58,0.36,124.88,215.24802938825866,238.40152737210195,0.6333333333333333,0.3333333333333333,107.76666666666667,12.072129460175832,269.63620738983155,-0.005913247942226007,539.2829551696777,-1.2952234208583833,0.0069347609474789355,0.088232421875,0.12780246138572693,1.0
410,1679360,1188.0,183.81926881413338,0.56,0.4,123.56,140.99379369598734,235.89295604562693,0.4666666666666667,0.4,165.86666666666667,16.824891370534896,259.5904795853133,-0.00621484604558533,519.1920930528149,-1.2980387063370538,0.00737944199492406,0.09588434278350516,0.12774169445037842,1.0
411,1683456,1188.5,185.94070128603303,0.56,0.36,130.06,156.8148865132954,246.9843502275802,0.5,0.43333333333333335,146.53333333333333,16.939464203516643,286.6583589252673,-0.0029171832526723542,573.3212612219024,-1.299338413957964,0.007167570399153128,0.09608004385964912,0.12759488821029663,1.0
412,1687552,1189.0,218.13627915944065,0.62,0.28,137.64,238.62491569991894,220.02036789888817,0.6666666666666666,0.23333333333333334,149.76666666666668,14.040958856542906,240.42763087624,-0.0024229931571569884,480.8588078147487,-1.300732499674747,0.007434996001201829,0.09575452302631579,0.12756618857383728,1.0
413,1691648,1189.8,152.449852285781,0.5,0.46,118.42,306.6661730841205,189.4471502064235,0.8333333333333334,0.16666666666666666,85.16666666666667,10.841493399937947,241.44948401817908,-0.0032298719474615958,482.9041270720653,-1.3003452939864917,0.007079813238352728,0.09059495192307693,0.12762728333473206,1.0
414,1695744,1190.5,178.9054422657039,0.56,0.38,139.44,214.82642236373934,232.22718123485652,0.6333333333333333,0.3333333333333333,106.9,11.669629565874736,296.01350500228557,-0.0022729603633126045,592.0302669443982,-1.299778846984214,0.007063116744517329,0.09183843085106383,0.1275925636291504,1.0
415,1699840,1191.0,173.45538683053215,0.54,0.36,142.58,204.4363243483445,231.47004752526524,0.6,0.3,145.03333333333333,13.092246584097545,201.66478553771972,-0.007241686601191759,403.34275161743165,-1.3017713391780854,0.007926590340211988,0.10375,0.12733349204063416,1.0
416,1703936,1191.6,158.41004268756603,0.5,0.38,156.04,192.6632506313187,242.20223586446838,0.6,0.36666666666666664,128.03333333333333,13.210881400108338,182.1710485435394,-0.0035490327548370303,364.34788697024425,-1.3042621985975518,0.007272814551974277,0.0949265813253012,0.12726998329162598,1.0
417,1708032,1192.4,149.40154053940614,0.5,0.44,122.64,200.47216296161136,248.2596321140357,0.6,0.4,95.93333333333334,12.694893024116755,259.65501993352717,-0.004375927203165536,519.3174937855114,-1.3059658471382025,0.007469407402712739,0.09747869318181818,0.12715238332748413,1.0
418,1712128,1193.0,168.36080824031026,0.54,0.4,134.4,282.09402994486334,205.07343280748685,0.7666666666666667,0.2,139.4,17.142974408467612,214.11341094970703,-0.005787475318647921,428.2370932006836,-1.3091563630104064,0.009010103014297784,0.1176953125,0.12683923542499542,1.0
419,1716224,1193.7,191.40677336820147,0.58,0.36,138.36,236.9902620830676,225.14128298357895,0.6666666666666666,0.23333333333333334,141.6,13.732896322011948,317.31162098475863,-0.004817306681486245,634.6315792628696,-1.3121220182095255,0.006907181479618885,0.08733258928571429,0.12681978940963745,1.0
420,1720320,1194.6,176.46507064277594,0.54,0.38,134.68,208.96855742846313,244.9035772824002,0.6333333333333333,0.36666666666666664,91.56666666666666,11.357256944974264,212.63906748453775,-0.007397060363243024,425.2916219075521,-1.3112387212117513,0.006834973109265168,0.086875,0.1269189864397049,1.0
421,1724416,1195.0,130.2495102842736,0.46,0.5,109.82,186.94412491738055,235.13870469410847,0.5666666666666667,0.3333333333333333,153.46666666666667,13.879161953926086,217.68846875971013,-0.004873040096947189,435.3853741270123,-1.3134139387896566,0.00776073816020719,0.09824810606060606,0.12653443217277527,1.0
422,1728512,1195.5,195.48873982028428,0.58,0.32,141.56,223.7036606018996,223.41215097789944,0.6333333333333333,0.26666666666666666,148.46666666666667,16.166257818539936,245.17021185557047,-0.006669933104421944,490.35244166056316,-1.317729151248932,0.007535267015919089,0.09775390625,0.12643365561962128,1.0
423,1732608,1196.1,180.60537846411583,0.54,0.32,158.34,151.56067448352545,247.51268050943295,0.5,0.43333333333333335,115.3,12.383114876349767,305.26125370372426,-0.002606084242209115,610.5263838334517,-1.3191406537186017,0.006969702075531875,0.08611505681818182,0.12639901041984558,1.0
424,1736704,1196.6,184.6579745471838,0.56,0.36,137.64,192.20157474037265,239.53884685668757,0.5666666666666667,0.3333333333333333,143.26666666666668,14.506413427988688,252.7385460106102,-0.0032674184673138567,505.48229568069047,-1.3185616441675134,0.005044318219596469,0.06123310810810811,0.1264650523662567,1.0
425,1740800,1197.2,176.41329799617296,0.54,0.38,120.2,233.1237872595693,230.2168641959874,0.6666666666666666,0.3,125.2,13.791489128271738,227.90389791349085,-0.006871549299032223,455.82021499261623,-1.3182045744686592,0.0071802091353186746,0.09441692073170732,0.12644262611865997,1.0
426,1744896,1197.8,186.28040861620948,0.56,0.34,142.2,204.9330856476675,233.39239039425203,0.6,0.3,147.63333333333333,14.990073768297831,185.89909112864527,0.0018257886364028372,371.79321367987274,-1.3188975556143399,0.008356114757118812,0.11166487068965517,0.12637974321842194,1.0
427,1748992,1198.2,212.69202660429016,0.62,0.3,141.0,141.4231285141477,235.40315101554762,0.4666666666666667,0.4,179.13333333333333,18.613047059377035,152.63373738414836,-0.00011842466785379176,305.26639916761866,-1.3186110730441112,0.00888583950592943,0.12160966981132075,0.12648934125900269,1.0
428,1753088,1198.8,197.4309535122761,0.6,0.34,127.94,258.6389066153733,224.76769739116756,0.7333333333333333,0.26666666666666666,98.36666666666666,12.8897221048673,253.70474217942925,-0.006693685069403126,507.42154687298233,-1.3191350530986943,0.006695616080171682,0.08364540289256199,0.1261351853609085,1.0
429,1757184,1199.2,137.7563686936919,0.48,0.46,110.46,136.38261295031745,239.62582389904614,0.4666666666666667,0.43333333333333335,145.36666666666667,12.209487769504388,229.9274854577106,-0.004658427498424831,459.8629657247792,-1.3232153197993404,0.006829292155073389,0.08739809782608696,0.1260078251361847,1.0
430,1761280,1199.6,167.9940951870967,0.52,0.36,143.04,125.86131173653514,236.06041579634206,0.43333333333333335,0.43333333333333335,158.33333333333334,16.170288548866907,325.6229301452637,-0.005376242159400135,651.2552780151367,-1.324272020161152,0.0072357097262283785,0.09140625,0.12599194049835205,1.0
431,1765376,1199.7,223.0789902452301,0.66,0.34,95.46,185.49977298036669,225.0108122050131,0.5333333333333333,0.26666666666666666,193.3,17.365076013406117,294.79336745318244,-0.008753259742961211,589.6029070685892,-1.3237656579298132,0.006912599427296835,0.08552389705882353,0.12605710327625275,1.0
432,1769472,1199.9,146.56275539331548,0.5,0.44,111.04,136.3838352496859,237.58725616777818,0.4666666666666667,0.43333333333333335,146.03333333333333,15.879781184593837,224.3321200654707,-0.0061771346803555505,448.6752725848715,-1.3241155320451459,0.007648091976537959,0.09867008587786259,0.1259099841117859,1.0
433,1773568,1200.2,252.16256336068312,0.72,0.26,111.9,186.10133563401283,234.51468699482746,0.5666666666666667,0.3333333333333333,154.03333333333333,17.189087009429933,201.19912476666207,-0.005965328750620901,402.40885871279556,-1.326199629665476,0.00815448535408462,0.10896017699115045,0.12580566108226776,1.0
434,1777664,1200.7,261.11808472313163,0.72,0.2,134.58,231.93833363091193,226.01843302658318,0.6666666666666666,0.26666666666666666,121.1,11.435199440519016,214.9300055870643,-0.002579155010887637,429.8638452383188,-1.3271107834119062,0.00617706040905502,0.07489483173076923,0.12577323615550995,1.0
435,1781760,1201.5,235.3859521305008,0.66,0.24,146.98,213.43953802037322,235.86968530305822,0.6333333333333333,0.3333333333333333,113.33333333333333,13.583544532457987,240.77073392001066,0.005322047339921648,481.529502175071,-1.3274560408158735,0.008044616763734004,0.08771306818181818,0.12576939165592194,1.0
436,1785856,1202.0,178.05485435829962,0.56,0.38,131.0,192.4809825162796,238.83952933221113,0.6,0.36666666666666664,108.13333333333334,11.149277170499166,219.20087789452595,-0.005548522539396325,438.4115338532821,-1.3262420193008755,0.007151616223500637,0.09052309782608696,0.12593188881874084,1.0
437,1789952,1202.3,199.08923538446032,0.6,0.32,138.38,243.6648690641008,224.66354834215207,0.6666666666666666,0.23333333333333334,158.03333333333333,16.90690203507741,236.24800888372928,-0.007789578336310022,472.5102757045201,-1.325167250876524,0.0066413939669158085,0.08677455357142858,0.1259061098098755,1.0
438,1794048,1202.7,223.14983772112296,0.64,0.24,161.16,201.76596320261444,236.94786581064875,0.6,0.3333333333333333,132.56666666666666,13.83925004005432,209.60837896010455,-0.006797186386607149,419.2290319106158,-1.325319437419667,0.0068793285665485785,0.08745404411764705,0.12597471475601196,1.0
439,1798144,1203.2,200.13752019405234,0.58,0.28,172.86,190.3863960868683,234.06116457113382,0.5666666666666667,0.3333333333333333,166.43333333333334,15.69004286924998,267.3249168395996,-0.0013668318279087543,534.6512413024902,-1.3247984051704407,0.0054119660053402185,0.0615234375,0.12597645819187164,1.0
440,1802240,1203.9,223.66218304622623,0.66,0.32,104.72,141.36068188829182,247.35217183251328,0.5,0.5,98.76666666666667,11.959327901403109,301.899112701416,-0.010431775832190536,603.8177537184495,-1.3259158375171514,0.007199299360553806,0.09386268028846154,0.12581615149974823,1.0
441,1806336,1204.2,181.84898031990144,0.56,0.36,135.6,142.34788651118313,243.90328502635649,0.4666666666666667,0.4,154.2,13.812994464238484,193.69900792081592,-0.00468131010814137,387.4060430392413,-1.3277650676982504,0.007527655580828727,0.09892165492957747,0.12576520442962646,1.0
442,1810432,1204.5,160.03301488696644,0.5,0.36,172.32,210.37380178728816,229.3395484170806,0.6,0.26666666666666666,154.66666666666666,15.463300971190135,180.54578925467825,-0.002452128940169607,361.09514480453356,-1.3286493286356196,0.0070394213974207375,0.08984375,0.12566784024238586,1.0
443,1814528,1204.9,184.33249528649122,0.54,0.28,190.66,173.04753497750852,240.87669447145495,0.5333333333333333,0.36666666666666664,129.06666666666666,14.606999715169271,185.3530543580347,-0.005780484004668436,370.7163294578085,-1.329918463619388,0.008173451825444187,0.10690369897959184,0.12557628750801086,1.0
444,1818624,1205.3,142.61790801413522,0.48,0.44,142.76,215.43097927491533,233.5729132245995,0.6333333333333333,0.3,153.6,17.565335869789124,261.52492113561436,-0.008696208958007745,523.0658926739789,-1.3334923478580962,0.007637180895825861,0.10132655201342282,0.12512360513210297,1.0
445,1822720,1205.6,185.84261257254693,0.58,0.4,114.08,249.367610536931,220.49299643642567,0.6666666666666666,0.23333333333333334,142.2,15.242700306574504,336.4740353822708,-0.008346588776475983,672.9634201526642,-1.3394412146881223,0.0064804849644133355,0.082794189453125,0.1248515248298645,1.0
446,1826816,1206.1,245.99478470579643,0.7,0.26,107.2,222.9090197121649,227.7617916772719,0.6333333333333333,0.26666666666666666,143.6,15.500527383883794,276.8382395548993,-0.0070821642314633695,553.6892998017461,-1.3417609412986111,0.0077512167136083885,0.09873870481927711,0.12481945753097534,1.0
447,1830912,1206.6,212.06064686095834,0.62,0.3,129.22,277.0130085371644,214.36830459512657,0.7666666666666667,0.23333333333333334,101.96666666666667,12.725501249233881,239.21003018892728,-0.006078280448818054,478.4308745555389,-1.3427443106969197,0.006915926282556775,0.08693910256410256,0.12470125406980515,1.0
448,1835008,1207.0,194.31662661548432,0.58,0.34,149.6,169.14612729122703,248.72239749422795,0.5333333333333333,0.43333333333333335,112.2,12.715582243601482,212.43978898790147,-0.004119267588895228,424.8864734225803,-1.3446850776672363,0.006712662172503769,0.08645833333333333,0.12466180324554443,1.0
449,1839104,1207.4,200.20161159968103,0.6,0.36,144.44,216.59824135883733,230.36287157757207,0.6333333333333333,0.3,125.03333333333333,12.88504474957784,311.00258823610704,0.0012850246989642674,622.0012650399838,-1.344815634331613,0.005832126957171087,0.07259728773584906,0.12462194263935089,1.0
450,1843200,1207.9,197.65301784941113,0.6,0.36,116.64,193.53207089627494,241.8936532575436,0.6,0.36666666666666664,108.9,11.375751169522603,261.3553376197815,-0.006373575211910065,522.7220792770386,-1.3460151925683022,0.007434878240019316,0.100830078125,0.12452312558889389,1.0
451,1847296,1208.3,214.9552436247682,0.64,0.34,100.42,271.5443911794644,210.37828994811028,0.7333333333333333,0.2,128.6,13.812811295191446,254.0363894010845,-0.004506305160344039,508.08044875295536,-1.3470553332253505,0.0060234136885571245,0.07159745065789473,0.12448596954345703,1.0
452,1851392,1208.5,202.68840894911472,0.6,0.34,102.66,177.94630261391583,247.36742761661716,0.5666666666666667,0.4,114.56666666666666,12.980587164560953,226.12891141964437,-0.010300746664679686,452.27708151561967,-1.3479861372806987,0.008219029475766861,0.10363302595628415,0.12438200414180756,1.0
453,1855488,1208.6,158.0327751600845,0.52,0.46,81.08,216.90395907039036,235.5002330422906,0.6333333333333333,0.3333333333333333,129.3,15.331815755367279,348.21793771004894,-0.011423481333589702,696.457378215618,-1.3508924299532228,0.007513487892988902,0.09568552927927929,0.12418630719184875,1.0
454,1859584,1208.6,191.03105088951418,0.58,0.36,116.04,177.94383099660845,236.61806795587975,0.5333333333333333,0.3333333333333333,150.0,14.24151442448298,248.72181797027588,-0.009507999054382226,497.4613067402559,-1.3506188103381325,0.007484830008573173,0.09518612132352941,0.12446750700473785,1.0
455,1863680,1208.8,179.25781557465245,0.56,0.38,110.44,262.04593670496155,218.5384430699711,0.7333333333333333,0.23333333333333334,148.6,16.778002166748045,299.8762679404401,-0.005039632122250314,599.7612720246011,-1.347321516655861,0.007555509516176708,0.09948470744680851,0.12456770241260529,1.0
456,1867776,1209.2,133.87189556782448,0.46,0.46,121.88,282.23333212444146,214.22083543544048,0.7666666666666667,0.23333333333333334,111.13333333333334,15.072789148489635,230.9728877705739,-0.007264588973519946,461.9589600527197,-1.3462457459672053,0.0072410449480175745,0.09037241541353383,0.12463389337062836,1.0
457,1871872,1209.6,165.14738784729786,0.54,0.46,95.68,227.8716537219833,230.0213134088784,0.6666666666666666,0.3,122.03333333333333,14.366877953211466,382.12700103050054,-0.005982587311611792,764.2646243073219,-1.3467014861661335,0.006341040110063934,0.08166787790697674,0.12457048892974854,1.0
458,1875968,1210.2,202.28534988903942,0.6,0.34,127.52,177.7917871497589,250.6710979384575,0.5666666666666667,0.43333333333333335,91.16666666666667,11.072666641324759,224.53274433787277,-0.004153827929346845,449.07245394078694,-1.3459928544556223,0.007437385740780794,0.0938452743902439,0.12471216917037964,1.0
459,1880064,1210.7,288.8545897833916,0.78,0.16,146.92,186.98730053966727,240.9447339240285,0.5666666666666667,0.36666666666666664,128.2,14.505843536059063,233.09250708187326,-0.0020601764211759846,466.1877903657801,-1.3456610844415777,0.007577126671094447,0.1013327205882353,0.1245371550321579,1.0
460,1884160,1210.9,260.3753205192636,0.72,0.24,113.4,247.28410249907816,219.8634901589141,0.7,0.23333333333333334,159.5,17.092196162541708,204.82816093386586,-0.007532557565007956,409.6700455760228,-1.3480239733484864,0.00893968766384566,0.11912571564885496,0.12445662915706635,1.0
461,1888256,1211.3,235.97774051782332,0.66,0.24,131.74,206.13479797438788,237.48358636087931,0.6,0.3333333333333333,145.5,15.56145224571228,237.38074615478516,-0.002682480700314045,474.76551737467446,-1.3499324099222818,0.008045178080598514,0.10447916666666666,0.12425801157951355,1.0
462,1892352,1211.9,224.32659893511507,0.64,0.26,147.08,207.503404414684,230.4517292995082,0.6,0.3,126.6,12.110498754183451,277.1876072027744,-0.002318185127268617,554.3785079564803,-1.3541126220654218,0.005595895745313893,0.06825921474358974,0.12404575198888779,1.0
463,1896448,1212.3,183.26248224077773,0.56,0.36,139.7,177.82196104125325,238.47036468312555,0.5666666666666667,0.4,109.86666666666666,11.542243627707164,212.36025934219361,-0.006714143650606274,424.73260288238527,-1.356216898560524,0.007458592767943628,0.09697265625,0.12395891547203064,1.0
464,1900544,1212.7,155.15045938804903,0.5,0.4,124.16,177.29440021523317,236.16791561858963,0.5333333333333333,0.36666666666666664,147.63333333333333,16.818510961532592,300.95150273020676,-0.0019902541960884887,601.9056448587557,-1.3575854650357875,0.006595092382645462,0.08746189024390244,0.12392675876617432,1.0
465,1904640,1212.7,199.47409225022784,0.6,0.36,119.3,217.75865040093095,228.92306550830162,0.6333333333333333,0.3,125.73333333333333,12.650739427407583,197.70116493918678,-0.00862556237614516,395.41821742202296,-1.3591477538600112,0.008189037346252889,0.10814393939393939,0.123803049325943,1.0
466,1908736,1212.9,219.86460637955,0.64,0.3,136.34,184.7846118047332,238.19528627320025,0.5666666666666667,0.36666666666666664,127.16666666666667,12.083098228772482,290.19500706559523,-0.007841031840544636,580.404341099626,-1.3604075080257352,0.007834036518835415,0.10033765889830508,0.12385763227939606,1.0
467,1912832,1213.0,208.78220398134593,0.62,0.32,116.86,232.57150462060952,228.80788839027096,0.6666666666666666,0.26666666666666666,124.16666666666667,14.018460869789124,251.72459058905366,-0.010197295306540614,503.4682137187402,-1.3621238158575852,0.008065332751019142,0.10224952889447236,0.1236003190279007,1.0
468,1916928,1213.4,200.13607438606493,0.62,0.38,105.98,194.60364640962067,250.75815611886267,0.6,0.4,108.66666666666667,12.988264147440592,228.20629383746842,-0.007797644652174155,456.4268196507504,-1.3655045086279847,0.007687856672555769,0.10118068609022557,0.12348155677318573,1.0
469,1921024,1213.7,218.56131879214382,0.64,0.32,108.84,167.92460804335903,236.41790288632444,0.5333333333333333,0.36666666666666664,151.36666666666667,16.442175976435344,327.7468323818473,-0.003253165610827679,655.4988183309865,-1.3665586044622022,0.0060326254894133916,0.0775345203488372,0.123533234000206,1.0
470,1925120,1213.5,210.89250077690403,0.62,0.32,124.2,122.88329807501292,239.16063476759084,0.43333333333333335,0.4666666666666667,130.83333333333334,13.087140513459842,271.8758168247768,-0.009276800373169993,543.7688296944755,-1.3692540148326329,0.007940295860171318,0.10261160714285714,0.12294928729534149,1.0
471,1929216,1213.8,193.8688123783555,0.58,0.36,125.72,213.53601253842544,240.24744483774938,0.6333333333333333,0.3333333333333333,128.6,14.443299039204915,239.49883041381835,-0.004296097308397293,479.00487106323243,-1.3745693695545196,0.007147484691813588,0.08984375,0.12289850413799286,1.0
472,1933312,1214.2,236.73705507045727,0.66,0.26,139.62,232.11118899508065,231.1560220456116,0.6666666666666666,0.3,118.23333333333333,13.12102575302124,274.17489033824995,-0.00923837921670023,548.3668685049381,-1.3752218788524844,0.0069383885799292125,0.09047022405660378,0.12284687906503677,1.0
473,1937408,1214.7,222.8459638163747,0.64,0.26,138.66,264.9708906658365,219.69286017203342,0.7333333333333333,0.23333333333333334,120.33333333333333,14.094909425576528,277.64955785620305,-0.007857624720426575,555.3134413857497,-1.3755509707763904,0.007300445591348387,0.0943761927480916,0.12287972867488861,1.0
474,1941504,1215.1,196.09589118389027,0.6,0.36,131.12,223.795709624211,230.34840918504906,0.6333333333333333,0.3,124.56666666666666,14.611492904027303,241.5135924618547,-0.011462624508949274,483.04872544430896,-1.376737126329327,0.00890923219022871,0.11908667127071823,0.12247615307569504,1.0
475,1945600,1215.3,199.18727231387592,0.6,0.34,132.44,208.8330763456842,228.851533003126,0.6,0.26666666666666666,138.36666666666667,12.332377902666728,338.69081115722656,-0.008745879522406014,677.3977269934328,-1.381578907070544,0.007766668267560585,0.09880977348993289,0.12234394252300262,1.0
476,1949696,1215.5,216.14153159367783,0.62,0.3,145.8,155.6896613304084,239.79250421627071,0.5,0.4,124.23333333333333,12.24495299657186,263.6648832920619,-0.005248213184199163,527.3388784354073,-1.3813305153165545,0.007494567732459732,0.09529017857142857,0.12247578799724579,1.0
477,1953792,1215.8,202.18220852757483,0.6,0.32,140.7,245.7628658103046,217.15127989834602,0.7,0.23333333333333334,139.2,15.255435295899709,243.4170351117571,-0.005544475292804363,486.84377310209186,-1.3810857712665452,0.007603325395818765,0.09926255841121495,0.12223553657531738,1.0
478,1957888,1216.0,197.01406393546574,0.6,0.36,136.76,194.94537027474345,233.11655753544287,0.5666666666666667,0.3,167.4,18.567759855588278,209.12403740317134,-0.005672656232491136,418.258037373171,-1.3842560244818864,0.006207208646366657,0.07832362288135593,0.12214846909046173,1.0
479,1961984,1216.5,181.47656131152655,0.56,0.38,124.74,203.7867967694108,242.52799440415703,0.6,0.3333333333333333,115.5,12.973277590672176,222.97494448148288,-0.0015323402360081673,445.95157423753005,-1.3849902446453388,0.006828097812831402,0.09068509615384615,0.12211458384990692,1.0
480,1966080,1216.7,189.70445498666245,0.58,0.36,116.44,171.11106489439533,242.14157149064476,0.5333333333333333,0.4,126.76666666666667,13.632345207532246,318.0987109962953,-0.006025815532124097,636.2080841064453,-1.3868786052826347,0.007266261082979927,0.09665280963302753,0.12189485877752304,1.0
481,1970176,1217.4,215.40469305747243,0.64,0.3,133.28,229.16290179959503,238.71171181682976,0.6666666666666666,0.3333333333333333,92.16666666666667,11.114597688118616,214.51496287142294,-0.006472146112388105,429.0414677309186,-1.3903569987650668,0.007691602685666653,0.09835849719101124,0.12173131108283997,1.0
482,1974272,1217.6,272.91027767015623,0.76,0.22,122.3,213.1665680421138,238.7315219373233,0.6333333333333333,0.3333333333333333,106.13333333333334,12.65747510989507,234.73500800653315,-0.008249982708544516,469.4851259456451,-1.3880566098283993,0.00812087020954711,0.10703807314410481,0.12240977585315704,1.0
483,1978368,1217.7,252.13620582607612,0.7,0.24,137.36,244.25341504320312,213.1280082898429,0.6666666666666666,0.2,152.66666666666666,14.329717632134756,327.04816824929753,-0.004535718949658698,654.104018629643,-1.380636048944373,0.007711432578058489,0.1005688048245614,0.12240457534790039,1.0
484,1982464,1218.1,189.8756302991724,0.56,0.32,167.0,193.0048882474217,229.98440093181057,0.5666666666666667,0.3,153.63333333333333,14.984483721355597,249.46013259887695,-0.0050024815020151435,498.92888469696044,-1.380182720720768,0.006724535356624983,0.08486328125,0.12251599133014679,1.0
485,1986560,1218.1,206.33270288188206,0.62,0.34,123.94,251.9444514690516,216.67263002345416,0.7,0.23333333333333334,161.43333333333334,16.693649832407633,261.0192128712546,-0.014491017173116882,522.0660243234234,-1.3799497867058852,0.008876244803823664,0.11922249251497007,0.12229321897029877,1.0
486,1990656,1218.6,190.23102069830895,0.58,0.38,105.24,221.25259570611252,235.4641911837246,0.6333333333333333,0.3,160.0,18.903437117735546,357.64046805245533,-0.009736213833093643,715.2990025111607,-1.382511820111956,0.00717387325130403,0.09933035714285714,0.12227800488471985,1.0
487,1994752,1219.2,200.79341778681115,0.6,0.36,126.24,244.53804288747526,223.3773612454917,0.7,0.26666666666666666,124.36666666666666,14.032705595095953,344.358625793457,0.0016442632069811225,688.7125625610352,-1.3828975319862367,0.005366220977157355,0.0625,0.12224474549293518,1.0
488,1998848,1219.4,240.89266820361883,0.7,0.28,110.4,190.41773832189918,236.53602369271772,0.5666666666666667,0.3333333333333333,143.3,13.281265958150227,251.62041374944872,-0.01013204172674206,503.2596976987777,-1.387335620387908,0.0074818760952762055,0.09763104838709677,0.12169921398162842,1.0
489,2002944,1219.8,235.19073296630654,0.68,0.3,125.76,230.69868957240317,230.93702283299024,0.6666666666666666,0.3,119.6,12.728747089703878,227.7321410042899,-0.004724367887579969,455.47232949393134,-1.3937759944370816,0.0074879141391388,0.09832589285714285,0.12154853343963623,1.0
